
D:/test/clion-pico-template/pico-pio/cmake-build-debug-mingw-pico/pico.elf:     file format elf32-littlearm

Sections:
Idx Name          Size      VMA       LMA       File off  Algn
  0 .boot2        00000100  10000000  10000000  00001000  2**0
                  CONTENTS, ALLOC, LOAD, READONLY, CODE
  1 .text         000071e8  10000100  10000100  00001100  2**3
                  CONTENTS, ALLOC, LOAD, READONLY, CODE
  2 .rodata       0000177c  100072e8  100072e8  000082e8  2**3
                  CONTENTS, ALLOC, LOAD, READONLY, DATA
  3 .binary_info  00000020  10008a64  10008a64  00009a64  2**2
                  CONTENTS, ALLOC, LOAD, DATA
  4 .ram_vector_table 000000c0  20000000  20000000  0000aca0  2**2
                  CONTENTS
  5 .data         00000be0  200000c0  10008a84  0000a0c0  2**4
                  CONTENTS, ALLOC, LOAD, READONLY, CODE
  6 .uninitialized_data 00000000  20000ca0  20000ca0  0000ad60  2**0
                  CONTENTS
  7 .scratch_x    00000000  20040000  20040000  0000ad60  2**0
                  CONTENTS
  8 .scratch_y    00000000  20041000  20041000  0000ad60  2**0
                  CONTENTS
  9 .bss          00000d90  20000ca0  20000ca0  0000aca0  2**3
                  ALLOC
 10 .heap         00000800  20001a30  20001a30  0000ad60  2**2
                  CONTENTS, READONLY
 11 .stack_dummy  00000800  20041000  20041000  0000b560  2**5
                  CONTENTS, READONLY
 12 .ARM.attributes 00000028  00000000  00000000  0000bd60  2**0
                  CONTENTS, READONLY
 13 .comment      00000049  00000000  00000000  0000bd88  2**0
                  CONTENTS, READONLY
 14 .debug_info   0002762e  00000000  00000000  0000bdd1  2**0
                  CONTENTS, READONLY, DEBUGGING, OCTETS
 15 .debug_abbrev 00006e42  00000000  00000000  000333ff  2**0
                  CONTENTS, READONLY, DEBUGGING, OCTETS
 16 .debug_loc    0001a305  00000000  00000000  0003a241  2**0
                  CONTENTS, READONLY, DEBUGGING, OCTETS
 17 .debug_aranges 00001510  00000000  00000000  00054548  2**3
                  CONTENTS, READONLY, DEBUGGING, OCTETS
 18 .debug_ranges 00004f68  00000000  00000000  00055a58  2**3
                  CONTENTS, READONLY, DEBUGGING, OCTETS
 19 .debug_line   00017bb9  00000000  00000000  0005a9c0  2**0
                  CONTENTS, READONLY, DEBUGGING, OCTETS
 20 .debug_str    00007633  00000000  00000000  00072579  2**0
                  CONTENTS, READONLY, DEBUGGING, OCTETS
 21 .debug_frame  00002bc4  00000000  00000000  00079bac  2**2
                  CONTENTS, READONLY, DEBUGGING, OCTETS

D:/test/clion-pico-template/pico-pio/cmake-build-debug-mingw-pico/pico.elf:     file format elf32-littlearm


Disassembly of section .boot2:

10000000 <__boot2_start__>:
10000000:	4b32b500 	.word	0x4b32b500
10000004:	60582021 	.word	0x60582021
10000008:	21026898 	.word	0x21026898
1000000c:	60984388 	.word	0x60984388
10000010:	611860d8 	.word	0x611860d8
10000014:	4b2e6158 	.word	0x4b2e6158
10000018:	60992100 	.word	0x60992100
1000001c:	61592102 	.word	0x61592102
10000020:	22f02101 	.word	0x22f02101
10000024:	492b5099 	.word	0x492b5099
10000028:	21016019 	.word	0x21016019
1000002c:	20356099 	.word	0x20356099
10000030:	f844f000 	.word	0xf844f000
10000034:	42902202 	.word	0x42902202
10000038:	2106d014 	.word	0x2106d014
1000003c:	f0006619 	.word	0xf0006619
10000040:	6e19f834 	.word	0x6e19f834
10000044:	66192101 	.word	0x66192101
10000048:	66182000 	.word	0x66182000
1000004c:	f000661a 	.word	0xf000661a
10000050:	6e19f82c 	.word	0x6e19f82c
10000054:	6e196e19 	.word	0x6e196e19
10000058:	f0002005 	.word	0xf0002005
1000005c:	2101f82f 	.word	0x2101f82f
10000060:	d1f94208 	.word	0xd1f94208
10000064:	60992100 	.word	0x60992100
10000068:	6019491b 	.word	0x6019491b
1000006c:	60592100 	.word	0x60592100
10000070:	481b491a 	.word	0x481b491a
10000074:	21016001 	.word	0x21016001
10000078:	21eb6099 	.word	0x21eb6099
1000007c:	21a06619 	.word	0x21a06619
10000080:	f0006619 	.word	0xf0006619
10000084:	2100f812 	.word	0x2100f812
10000088:	49166099 	.word	0x49166099
1000008c:	60014814 	.word	0x60014814
10000090:	60992101 	.word	0x60992101
10000094:	2800bc01 	.word	0x2800bc01
10000098:	4700d000 	.word	0x4700d000
1000009c:	49134812 	.word	0x49134812
100000a0:	c8036008 	.word	0xc8036008
100000a4:	8808f380 	.word	0x8808f380
100000a8:	b5034708 	.word	0xb5034708
100000ac:	20046a99 	.word	0x20046a99
100000b0:	d0fb4201 	.word	0xd0fb4201
100000b4:	42012001 	.word	0x42012001
100000b8:	bd03d1f8 	.word	0xbd03d1f8
100000bc:	6618b502 	.word	0x6618b502
100000c0:	f7ff6618 	.word	0xf7ff6618
100000c4:	6e18fff2 	.word	0x6e18fff2
100000c8:	bd026e18 	.word	0xbd026e18
100000cc:	40020000 	.word	0x40020000
100000d0:	18000000 	.word	0x18000000
100000d4:	00070000 	.word	0x00070000
100000d8:	005f0300 	.word	0x005f0300
100000dc:	00002221 	.word	0x00002221
100000e0:	180000f4 	.word	0x180000f4
100000e4:	a0002022 	.word	0xa0002022
100000e8:	10000100 	.word	0x10000100
100000ec:	e000ed08 	.word	0xe000ed08
	...
100000fc:	7a4eb274 	.word	0x7a4eb274

Disassembly of section .text:

10000100 <__VECTOR_TABLE>:
10000100:	20042000 	.word	0x20042000
10000104:	100001f7 	.word	0x100001f7
10000108:	100001c3 	.word	0x100001c3
1000010c:	100001c5 	.word	0x100001c5
10000110:	100001c1 	.word	0x100001c1
10000114:	100001c1 	.word	0x100001c1
10000118:	100001c1 	.word	0x100001c1
1000011c:	100001c1 	.word	0x100001c1
10000120:	100001c1 	.word	0x100001c1
10000124:	100001c1 	.word	0x100001c1
10000128:	100001c1 	.word	0x100001c1
1000012c:	100001c7 	.word	0x100001c7
10000130:	100001c1 	.word	0x100001c1
10000134:	100001c1 	.word	0x100001c1
10000138:	100001c9 	.word	0x100001c9
1000013c:	100001cb 	.word	0x100001cb
10000140:	100001cd 	.word	0x100001cd
10000144:	100001cd 	.word	0x100001cd
10000148:	100001cd 	.word	0x100001cd
1000014c:	100001cd 	.word	0x100001cd
10000150:	100001cd 	.word	0x100001cd
10000154:	100001cd 	.word	0x100001cd
10000158:	100001cd 	.word	0x100001cd
1000015c:	100001cd 	.word	0x100001cd
10000160:	100001cd 	.word	0x100001cd
10000164:	100001cd 	.word	0x100001cd
10000168:	100001cd 	.word	0x100001cd
1000016c:	100001cd 	.word	0x100001cd
10000170:	100001cd 	.word	0x100001cd
10000174:	100001cd 	.word	0x100001cd
10000178:	100001cd 	.word	0x100001cd
1000017c:	100001cd 	.word	0x100001cd
10000180:	100001cd 	.word	0x100001cd
10000184:	100001cd 	.word	0x100001cd
10000188:	100001cd 	.word	0x100001cd
1000018c:	100001cd 	.word	0x100001cd
10000190:	100001cd 	.word	0x100001cd
10000194:	100001cd 	.word	0x100001cd
10000198:	100001cd 	.word	0x100001cd
1000019c:	100001cd 	.word	0x100001cd
100001a0:	100001cd 	.word	0x100001cd
100001a4:	100001cd 	.word	0x100001cd
100001a8:	100001cd 	.word	0x100001cd
100001ac:	100001cd 	.word	0x100001cd
100001b0:	100001cd 	.word	0x100001cd
100001b4:	100001cd 	.word	0x100001cd
100001b8:	100001cd 	.word	0x100001cd
100001bc:	100001cd 	.word	0x100001cd

100001c0 <isr_invalid>:
100001c0:	be00      	bkpt	0x0000

100001c2 <isr_nmi>:
100001c2:	be00      	bkpt	0x0000

100001c4 <isr_hardfault>:
100001c4:	be00      	bkpt	0x0000

100001c6 <isr_svcall>:
100001c6:	be00      	bkpt	0x0000

100001c8 <isr_pendsv>:
100001c8:	be00      	bkpt	0x0000

100001ca <isr_systick>:
100001ca:	be00      	bkpt	0x0000

100001cc <__unhandled_user_irq>:
100001cc:	f3ef 8005 	mrs	r0, IPSR
100001d0:	3810      	subs	r0, #16

100001d2 <unhandled_user_irq_num_in_r0>:
100001d2:	be00      	bkpt	0x0000

100001d4 <binary_info_header>:
100001d4:	7188ebf2 	.word	0x7188ebf2
100001d8:	10008a64 	.word	0x10008a64
100001dc:	10008a84 	.word	0x10008a84
100001e0:	10000234 	.word	0x10000234
100001e4:	e71aa390 	.word	0xe71aa390

100001e8 <_entry_point>:
100001e8:	2000      	movs	r0, #0
100001ea:	491f      	ldr	r1, [pc, #124]	; (10000268 <hold_non_core0_in_bootrom+0xa>)
100001ec:	6008      	str	r0, [r1, #0]
100001ee:	c806      	ldmia	r0!, {r1, r2}
100001f0:	f381 8808 	msr	MSP, r1
100001f4:	4710      	bx	r2

100001f6 <_reset_handler>:
100001f6:	481d      	ldr	r0, [pc, #116]	; (1000026c <hold_non_core0_in_bootrom+0xe>)
100001f8:	6800      	ldr	r0, [r0, #0]
100001fa:	2800      	cmp	r0, #0
100001fc:	d12f      	bne.n	1000025e <hold_non_core0_in_bootrom>
100001fe:	a40d      	add	r4, pc, #52	; (adr r4, 10000234 <data_cpy_table>)
10000200:	cc0e      	ldmia	r4!, {r1, r2, r3}
10000202:	2900      	cmp	r1, #0
10000204:	d002      	beq.n	1000020c <_reset_handler+0x16>
10000206:	f000 f812 	bl	1000022e <data_cpy>
1000020a:	e7f9      	b.n	10000200 <_reset_handler+0xa>
1000020c:	4918      	ldr	r1, [pc, #96]	; (10000270 <hold_non_core0_in_bootrom+0x12>)
1000020e:	4a19      	ldr	r2, [pc, #100]	; (10000274 <hold_non_core0_in_bootrom+0x16>)
10000210:	2000      	movs	r0, #0
10000212:	e000      	b.n	10000216 <bss_fill_test>

10000214 <bss_fill_loop>:
10000214:	c101      	stmia	r1!, {r0}

10000216 <bss_fill_test>:
10000216:	4291      	cmp	r1, r2
10000218:	d1fc      	bne.n	10000214 <bss_fill_loop>

1000021a <platform_entry>:
1000021a:	4917      	ldr	r1, [pc, #92]	; (10000278 <hold_non_core0_in_bootrom+0x1a>)
1000021c:	4788      	blx	r1
1000021e:	4917      	ldr	r1, [pc, #92]	; (1000027c <hold_non_core0_in_bootrom+0x1e>)
10000220:	4788      	blx	r1
10000222:	4917      	ldr	r1, [pc, #92]	; (10000280 <hold_non_core0_in_bootrom+0x22>)
10000224:	4788      	blx	r1
10000226:	be00      	bkpt	0x0000
10000228:	e7fd      	b.n	10000226 <platform_entry+0xc>

1000022a <data_cpy_loop>:
1000022a:	c901      	ldmia	r1!, {r0}
1000022c:	c201      	stmia	r2!, {r0}

1000022e <data_cpy>:
1000022e:	429a      	cmp	r2, r3
10000230:	d3fb      	bcc.n	1000022a <data_cpy_loop>
10000232:	4770      	bx	lr

10000234 <data_cpy_table>:
10000234:	10008a84 	.word	0x10008a84
10000238:	200000c0 	.word	0x200000c0
1000023c:	20000ca0 	.word	0x20000ca0
10000240:	10009664 	.word	0x10009664
10000244:	20040000 	.word	0x20040000
10000248:	20040000 	.word	0x20040000
1000024c:	10009664 	.word	0x10009664
10000250:	20041000 	.word	0x20041000
10000254:	20041000 	.word	0x20041000
10000258:	00000000 	.word	0x00000000
1000025c:	4770      	bx	lr

1000025e <hold_non_core0_in_bootrom>:
1000025e:	4809      	ldr	r0, [pc, #36]	; (10000284 <hold_non_core0_in_bootrom+0x26>)
10000260:	f003 fa54 	bl	1000370c <rom_func_lookup>
10000264:	4700      	bx	r0
10000266:	0000      	.short	0x0000
10000268:	e000ed08 	.word	0xe000ed08
1000026c:	d0000000 	.word	0xd0000000
10000270:	20000ca0 	.word	0x20000ca0
10000274:	20001a30 	.word	0x20001a30
10000278:	10002495 	.word	0x10002495
1000027c:	100003bd 	.word	0x100003bd
10000280:	10002451 	.word	0x10002451
10000284:	00005657 	.word	0x00005657

10000288 <__bi_50>:
10000288:	50520006 5360b3ab 10008308              ..RP..`S....

10000294 <__bi_38>:
10000294:	50520006 02031c86 10008310              ..RP........

100002a0 <__bi_30>:
100002a0:	50520006 9da22254 10008318              ..RPT"......

100002ac <__bi_22>:
100002ac:	50520005 68f465de 10009664              ..RP.e.hd...

100002b8 <_init>:
100002b8:	b5f8      	push	{r3, r4, r5, r6, r7, lr}
100002ba:	46c0      	nop			; (mov r8, r8)

100002bc <__do_global_dtors_aux>:
100002bc:	b510      	push	{r4, lr}
100002be:	4c06      	ldr	r4, [pc, #24]	; (100002d8 <__do_global_dtors_aux+0x1c>)
100002c0:	7823      	ldrb	r3, [r4, #0]
100002c2:	2b00      	cmp	r3, #0
100002c4:	d107      	bne.n	100002d6 <__do_global_dtors_aux+0x1a>
100002c6:	4b05      	ldr	r3, [pc, #20]	; (100002dc <__do_global_dtors_aux+0x20>)
100002c8:	2b00      	cmp	r3, #0
100002ca:	d002      	beq.n	100002d2 <__do_global_dtors_aux+0x16>
100002cc:	4804      	ldr	r0, [pc, #16]	; (100002e0 <__do_global_dtors_aux+0x24>)
100002ce:	e000      	b.n	100002d2 <__do_global_dtors_aux+0x16>
100002d0:	bf00      	nop
100002d2:	2301      	movs	r3, #1
100002d4:	7023      	strb	r3, [r4, #0]
100002d6:	bd10      	pop	{r4, pc}
100002d8:	20000da8 	.word	0x20000da8
100002dc:	00000000 	.word	0x00000000
100002e0:	100072e8 	.word	0x100072e8

100002e4 <frame_dummy>:
100002e4:	4b04      	ldr	r3, [pc, #16]	; (100002f8 <frame_dummy+0x14>)
100002e6:	b510      	push	{r4, lr}
100002e8:	2b00      	cmp	r3, #0
100002ea:	d003      	beq.n	100002f4 <frame_dummy+0x10>
100002ec:	4903      	ldr	r1, [pc, #12]	; (100002fc <frame_dummy+0x18>)
100002ee:	4804      	ldr	r0, [pc, #16]	; (10000300 <frame_dummy+0x1c>)
100002f0:	e000      	b.n	100002f4 <frame_dummy+0x10>
100002f2:	bf00      	nop
100002f4:	bd10      	pop	{r4, pc}
100002f6:	46c0      	nop			; (mov r8, r8)
100002f8:	00000000 	.word	0x00000000
100002fc:	20000dac 	.word	0x20000dac
10000300:	100072e8 	.word	0x100072e8

10000304 <measure_freqs>:
10000304:	b5f8      	push	{r3, r4, r5, r6, r7, lr}
10000306:	46de      	mov	lr, fp
10000308:	4657      	mov	r7, sl
1000030a:	464e      	mov	r6, r9
1000030c:	4645      	mov	r5, r8
1000030e:	b5e0      	push	{r5, r6, r7, lr}
10000310:	2001      	movs	r0, #1
10000312:	f001 ff5b 	bl	100021cc <frequency_count_khz>
10000316:	4683      	mov	fp, r0
10000318:	2002      	movs	r0, #2
1000031a:	f001 ff57 	bl	100021cc <frequency_count_khz>
1000031e:	4682      	mov	sl, r0
10000320:	2003      	movs	r0, #3
10000322:	f001 ff53 	bl	100021cc <frequency_count_khz>
10000326:	4681      	mov	r9, r0
10000328:	2009      	movs	r0, #9
1000032a:	f001 ff4f 	bl	100021cc <frequency_count_khz>
1000032e:	4680      	mov	r8, r0
10000330:	200a      	movs	r0, #10
10000332:	f001 ff4b 	bl	100021cc <frequency_count_khz>
10000336:	0007      	movs	r7, r0
10000338:	200b      	movs	r0, #11
1000033a:	f001 ff47 	bl	100021cc <frequency_count_khz>
1000033e:	0006      	movs	r6, r0
10000340:	200c      	movs	r0, #12
10000342:	f001 ff43 	bl	100021cc <frequency_count_khz>
10000346:	0005      	movs	r5, r0
10000348:	200d      	movs	r0, #13
1000034a:	f001 ff3f 	bl	100021cc <frequency_count_khz>
1000034e:	0004      	movs	r4, r0
10000350:	4659      	mov	r1, fp
10000352:	4812      	ldr	r0, [pc, #72]	; (1000039c <measure_freqs+0x98>)
10000354:	f004 fa82 	bl	1000485c <__wrap_printf>
10000358:	4651      	mov	r1, sl
1000035a:	4811      	ldr	r0, [pc, #68]	; (100003a0 <measure_freqs+0x9c>)
1000035c:	f004 fa7e 	bl	1000485c <__wrap_printf>
10000360:	4649      	mov	r1, r9
10000362:	4810      	ldr	r0, [pc, #64]	; (100003a4 <measure_freqs+0xa0>)
10000364:	f004 fa7a 	bl	1000485c <__wrap_printf>
10000368:	4641      	mov	r1, r8
1000036a:	480f      	ldr	r0, [pc, #60]	; (100003a8 <measure_freqs+0xa4>)
1000036c:	f004 fa76 	bl	1000485c <__wrap_printf>
10000370:	0039      	movs	r1, r7
10000372:	480e      	ldr	r0, [pc, #56]	; (100003ac <measure_freqs+0xa8>)
10000374:	f004 fa72 	bl	1000485c <__wrap_printf>
10000378:	0031      	movs	r1, r6
1000037a:	480d      	ldr	r0, [pc, #52]	; (100003b0 <measure_freqs+0xac>)
1000037c:	f004 fa6e 	bl	1000485c <__wrap_printf>
10000380:	0029      	movs	r1, r5
10000382:	480c      	ldr	r0, [pc, #48]	; (100003b4 <measure_freqs+0xb0>)
10000384:	f004 fa6a 	bl	1000485c <__wrap_printf>
10000388:	0021      	movs	r1, r4
1000038a:	480b      	ldr	r0, [pc, #44]	; (100003b8 <measure_freqs+0xb4>)
1000038c:	f004 fa66 	bl	1000485c <__wrap_printf>
10000390:	bcf0      	pop	{r4, r5, r6, r7}
10000392:	46bb      	mov	fp, r7
10000394:	46b2      	mov	sl, r6
10000396:	46a9      	mov	r9, r5
10000398:	46a0      	mov	r8, r4
1000039a:	bdf8      	pop	{r3, r4, r5, r6, r7, pc}
1000039c:	100072e8 	.word	0x100072e8
100003a0:	100072fc 	.word	0x100072fc
100003a4:	10007310 	.word	0x10007310
100003a8:	10007324 	.word	0x10007324
100003ac:	10007338 	.word	0x10007338
100003b0:	1000734c 	.word	0x1000734c
100003b4:	10007360 	.word	0x10007360
100003b8:	10007374 	.word	0x10007374

100003bc <main>:
100003bc:	b5f0      	push	{r4, r5, r6, r7, lr}
100003be:	b08d      	sub	sp, #52	; 0x34
100003c0:	f004 fa58 	bl	10004874 <stdio_init_all>
100003c4:	2019      	movs	r0, #25
100003c6:	f000 f8b5 	bl	10000534 <gpio_init>
100003ca:	23d0      	movs	r3, #208	; 0xd0
100003cc:	061b      	lsls	r3, r3, #24
100003ce:	2280      	movs	r2, #128	; 0x80
100003d0:	0492      	lsls	r2, r2, #18
100003d2:	625a      	str	r2, [r3, #36]	; 0x24
100003d4:	4843      	ldr	r0, [pc, #268]	; (100004e4 <main+0x128>)
100003d6:	f001 fa21 	bl	1000181c <sleep_ms>
100003da:	f7ff ff93 	bl	10000304 <measure_freqs>
100003de:	4c42      	ldr	r4, [pc, #264]	; (100004e8 <main+0x12c>)
100003e0:	9400      	str	r4, [sp, #0]
100003e2:	0023      	movs	r3, r4
100003e4:	2201      	movs	r2, #1
100003e6:	2101      	movs	r1, #1
100003e8:	2005      	movs	r0, #5
100003ea:	f001 fde7 	bl	10001fbc <clock_configure>
100003ee:	483f      	ldr	r0, [pc, #252]	; (100004ec <main+0x130>)
100003f0:	f001 ffa2 	bl	10002338 <pll_deinit>
100003f4:	9400      	str	r4, [sp, #0]
100003f6:	0023      	movs	r3, r4
100003f8:	2200      	movs	r2, #0
100003fa:	2100      	movs	r1, #0
100003fc:	2006      	movs	r0, #6
100003fe:	f001 fddd 	bl	10001fbc <clock_configure>
10000402:	f004 fa37 	bl	10004874 <stdio_init_all>
10000406:	f7ff ff7d 	bl	10000304 <measure_freqs>
1000040a:	4839      	ldr	r0, [pc, #228]	; (100004f0 <main+0x134>)
1000040c:	f004 fa26 	bl	1000485c <__wrap_printf>
10000410:	4e38      	ldr	r6, [pc, #224]	; (100004f4 <main+0x138>)
10000412:	4939      	ldr	r1, [pc, #228]	; (100004f8 <main+0x13c>)
10000414:	0030      	movs	r0, r6
10000416:	f006 fde7 	bl	10006fe8 <pio_add_program>
1000041a:	0007      	movs	r7, r0
1000041c:	2101      	movs	r1, #1
1000041e:	0030      	movs	r0, r6
10000420:	f006 fdc4 	bl	10006fac <pio_claim_unused_sm>
10000424:	0004      	movs	r4, r0
10000426:	2210      	movs	r2, #16
10000428:	2100      	movs	r1, #0
1000042a:	a808      	add	r0, sp, #32
1000042c:	f004 f8b8 	bl	100045a0 <__wrap_memset>
10000430:	2380      	movs	r3, #128	; 0x80
10000432:	025b      	lsls	r3, r3, #9
10000434:	9308      	str	r3, [sp, #32]
10000436:	23f8      	movs	r3, #248	; 0xf8
10000438:	025b      	lsls	r3, r3, #9
1000043a:	9309      	str	r3, [sp, #36]	; 0x24
1000043c:	2380      	movs	r3, #128	; 0x80
1000043e:	02db      	lsls	r3, r3, #11
10000440:	930a      	str	r3, [sp, #40]	; 0x28
10000442:	23c0      	movs	r3, #192	; 0xc0
10000444:	031b      	lsls	r3, r3, #12
10000446:	930a      	str	r3, [sp, #40]	; 0x28
10000448:	2210      	movs	r2, #16
1000044a:	a908      	add	r1, sp, #32
1000044c:	a804      	add	r0, sp, #16
1000044e:	f004 f8ad 	bl	100045ac <__wrap___aeabi_memcpy>
10000452:	1cba      	adds	r2, r7, #2
10000454:	9b05      	ldr	r3, [sp, #20]
10000456:	9303      	str	r3, [sp, #12]
10000458:	4b28      	ldr	r3, [pc, #160]	; (100004fc <main+0x140>)
1000045a:	9903      	ldr	r1, [sp, #12]
1000045c:	400b      	ands	r3, r1
1000045e:	01f9      	lsls	r1, r7, #7
10000460:	430b      	orrs	r3, r1
10000462:	0312      	lsls	r2, r2, #12
10000464:	4313      	orrs	r3, r2
10000466:	9305      	str	r3, [sp, #20]
10000468:	2210      	movs	r2, #16
1000046a:	a904      	add	r1, sp, #16
1000046c:	a808      	add	r0, sp, #32
1000046e:	f004 f89d 	bl	100045ac <__wrap___aeabi_memcpy>
10000472:	9b0b      	ldr	r3, [sp, #44]	; 0x2c
10000474:	9303      	str	r3, [sp, #12]
10000476:	4b22      	ldr	r3, [pc, #136]	; (10000500 <main+0x144>)
10000478:	9a03      	ldr	r2, [sp, #12]
1000047a:	4013      	ands	r3, r2
1000047c:	2501      	movs	r5, #1
1000047e:	432b      	orrs	r3, r5
10000480:	2280      	movs	r2, #128	; 0x80
10000482:	0352      	lsls	r2, r2, #13
10000484:	4313      	orrs	r3, r2
10000486:	930b      	str	r3, [sp, #44]	; 0x2c
10000488:	2106      	movs	r1, #6
1000048a:	2001      	movs	r0, #1
1000048c:	f000 f83a 	bl	10000504 <gpio_set_function>
10000490:	9500      	str	r5, [sp, #0]
10000492:	2301      	movs	r3, #1
10000494:	2201      	movs	r2, #1
10000496:	0021      	movs	r1, r4
10000498:	0030      	movs	r0, r6
1000049a:	f006 fdc1 	bl	10007020 <pio_sm_set_consecutive_pindirs>
1000049e:	ab08      	add	r3, sp, #32
100004a0:	003a      	movs	r2, r7
100004a2:	0021      	movs	r1, r4
100004a4:	0030      	movs	r0, r6
100004a6:	f006 fe0d 	bl	100070c4 <pio_sm_init>
100004aa:	6833      	ldr	r3, [r6, #0]
100004ac:	40a5      	lsls	r5, r4
100004ae:	43ab      	bics	r3, r5
100004b0:	431d      	orrs	r5, r3
100004b2:	6035      	str	r5, [r6, #0]
100004b4:	4b0f      	ldr	r3, [pc, #60]	; (100004f4 <main+0x138>)
100004b6:	685a      	ldr	r2, [r3, #4]
100004b8:	0021      	movs	r1, r4
100004ba:	3110      	adds	r1, #16
100004bc:	2301      	movs	r3, #1
100004be:	408b      	lsls	r3, r1
100004c0:	4213      	tst	r3, r2
100004c2:	d1f7      	bne.n	100004b4 <main+0xf8>
100004c4:	1d22      	adds	r2, r4, #4
100004c6:	0092      	lsls	r2, r2, #2
100004c8:	490a      	ldr	r1, [pc, #40]	; (100004f4 <main+0x138>)
100004ca:	2001      	movs	r0, #1
100004cc:	5050      	str	r0, [r2, r1]
100004ce:	4a09      	ldr	r2, [pc, #36]	; (100004f4 <main+0x138>)
100004d0:	6852      	ldr	r2, [r2, #4]
100004d2:	4213      	tst	r3, r2
100004d4:	d1fb      	bne.n	100004ce <main+0x112>
100004d6:	1d23      	adds	r3, r4, #4
100004d8:	009b      	lsls	r3, r3, #2
100004da:	4a06      	ldr	r2, [pc, #24]	; (100004f4 <main+0x138>)
100004dc:	2100      	movs	r1, #0
100004de:	5099      	str	r1, [r3, r2]
100004e0:	e7e8      	b.n	100004b4 <main+0xf8>
100004e2:	46c0      	nop			; (mov r8, r8)
100004e4:	00001388 	.word	0x00001388
100004e8:	02dc6c00 	.word	0x02dc6c00
100004ec:	40028000 	.word	0x40028000
100004f0:	10007388 	.word	0x10007388
100004f4:	50200000 	.word	0x50200000
100004f8:	10007394 	.word	0x10007394
100004fc:	fffe007f 	.word	0xfffe007f
10000500:	fc0fffe0 	.word	0xfc0fffe0

10000504 <gpio_set_function>:
10000504:	b510      	push	{r4, lr}
10000506:	0083      	lsls	r3, r0, #2
10000508:	4a08      	ldr	r2, [pc, #32]	; (1000052c <gpio_set_function+0x28>)
1000050a:	4694      	mov	ip, r2
1000050c:	4463      	add	r3, ip
1000050e:	681c      	ldr	r4, [r3, #0]
10000510:	2240      	movs	r2, #64	; 0x40
10000512:	4062      	eors	r2, r4
10000514:	24c0      	movs	r4, #192	; 0xc0
10000516:	4014      	ands	r4, r2
10000518:	2280      	movs	r2, #128	; 0x80
1000051a:	0152      	lsls	r2, r2, #5
1000051c:	4313      	orrs	r3, r2
1000051e:	601c      	str	r4, [r3, #0]
10000520:	00c0      	lsls	r0, r0, #3
10000522:	4b03      	ldr	r3, [pc, #12]	; (10000530 <gpio_set_function+0x2c>)
10000524:	469c      	mov	ip, r3
10000526:	4460      	add	r0, ip
10000528:	6041      	str	r1, [r0, #4]
1000052a:	bd10      	pop	{r4, pc}
1000052c:	4001c004 	.word	0x4001c004
10000530:	40014000 	.word	0x40014000

10000534 <gpio_init>:
10000534:	b510      	push	{r4, lr}
10000536:	2301      	movs	r3, #1
10000538:	4083      	lsls	r3, r0
1000053a:	22d0      	movs	r2, #208	; 0xd0
1000053c:	0612      	lsls	r2, r2, #24
1000053e:	6293      	str	r3, [r2, #40]	; 0x28
10000540:	6193      	str	r3, [r2, #24]
10000542:	2105      	movs	r1, #5
10000544:	f7ff ffde 	bl	10000504 <gpio_set_function>
10000548:	bd10      	pop	{r4, pc}
	...

1000054c <running_on_fpga>:
1000054c:	4b03      	ldr	r3, [pc, #12]	; (1000055c <running_on_fpga+0x10>)
1000054e:	681b      	ldr	r3, [r3, #0]
10000550:	2002      	movs	r0, #2
10000552:	4018      	ands	r0, r3
10000554:	1e43      	subs	r3, r0, #1
10000556:	4198      	sbcs	r0, r3
10000558:	b2c0      	uxtb	r0, r0
1000055a:	4770      	bx	lr
1000055c:	4006c000 	.word	0x4006c000

10000560 <hw_claim_lock>:
10000560:	f3ef 8010 	mrs	r0, PRIMASK
10000564:	b672      	cpsid	i
10000566:	4b03      	ldr	r3, [pc, #12]	; (10000574 <hw_claim_lock+0x14>)
10000568:	681b      	ldr	r3, [r3, #0]
1000056a:	2b00      	cmp	r3, #0
1000056c:	d0fb      	beq.n	10000566 <hw_claim_lock+0x6>
1000056e:	f3bf 8f5f 	dmb	sy
10000572:	4770      	bx	lr
10000574:	d000012c 	.word	0xd000012c

10000578 <hw_claim_unlock>:
10000578:	f3bf 8f5f 	dmb	sy
1000057c:	4b02      	ldr	r3, [pc, #8]	; (10000588 <hw_claim_unlock+0x10>)
1000057e:	2200      	movs	r2, #0
10000580:	601a      	str	r2, [r3, #0]
10000582:	f380 8810 	msr	PRIMASK, r0
10000586:	4770      	bx	lr
10000588:	d000012c 	.word	0xd000012c

1000058c <hw_claim_or_assert>:
1000058c:	b5f8      	push	{r3, r4, r5, r6, r7, lr}
1000058e:	0006      	movs	r6, r0
10000590:	000c      	movs	r4, r1
10000592:	0015      	movs	r5, r2
10000594:	f7ff ffe4 	bl	10000560 <hw_claim_lock>
10000598:	08e3      	lsrs	r3, r4, #3
1000059a:	18f7      	adds	r7, r6, r3
1000059c:	5cf1      	ldrb	r1, [r6, r3]
1000059e:	2207      	movs	r2, #7
100005a0:	4022      	ands	r2, r4
100005a2:	2301      	movs	r3, #1
100005a4:	4093      	lsls	r3, r2
100005a6:	420b      	tst	r3, r1
100005a8:	d105      	bne.n	100005b6 <hw_claim_or_assert+0x2a>
100005aa:	b2db      	uxtb	r3, r3
100005ac:	430b      	orrs	r3, r1
100005ae:	703b      	strb	r3, [r7, #0]
100005b0:	f7ff ffe2 	bl	10000578 <hw_claim_unlock>
100005b4:	bdf8      	pop	{r3, r4, r5, r6, r7, pc}
100005b6:	0021      	movs	r1, r4
100005b8:	0028      	movs	r0, r5
100005ba:	f001 ffe7 	bl	1000258c <panic>

100005be <hw_claim_unused_from_range>:
100005be:	b5f0      	push	{r4, r5, r6, r7, lr}
100005c0:	b083      	sub	sp, #12
100005c2:	0006      	movs	r6, r0
100005c4:	9101      	str	r1, [sp, #4]
100005c6:	0014      	movs	r4, r2
100005c8:	001f      	movs	r7, r3
100005ca:	f7ff ffc9 	bl	10000560 <hw_claim_lock>
100005ce:	e000      	b.n	100005d2 <hw_claim_unused_from_range+0x14>
100005d0:	3401      	adds	r4, #1
100005d2:	42bc      	cmp	r4, r7
100005d4:	d80c      	bhi.n	100005f0 <hw_claim_unused_from_range+0x32>
100005d6:	08e3      	lsrs	r3, r4, #3
100005d8:	18f5      	adds	r5, r6, r3
100005da:	5cf3      	ldrb	r3, [r6, r3]
100005dc:	2107      	movs	r1, #7
100005de:	4021      	ands	r1, r4
100005e0:	2201      	movs	r2, #1
100005e2:	408a      	lsls	r2, r1
100005e4:	421a      	tst	r2, r3
100005e6:	d1f3      	bne.n	100005d0 <hw_claim_unused_from_range+0x12>
100005e8:	b2d2      	uxtb	r2, r2
100005ea:	431a      	orrs	r2, r3
100005ec:	702a      	strb	r2, [r5, #0]
100005ee:	e001      	b.n	100005f4 <hw_claim_unused_from_range+0x36>
100005f0:	2401      	movs	r4, #1
100005f2:	4264      	negs	r4, r4
100005f4:	f7ff ffc0 	bl	10000578 <hw_claim_unlock>
100005f8:	2c00      	cmp	r4, #0
100005fa:	db02      	blt.n	10000602 <hw_claim_unused_from_range+0x44>
100005fc:	0020      	movs	r0, r4
100005fe:	b003      	add	sp, #12
10000600:	bdf0      	pop	{r4, r5, r6, r7, pc}
10000602:	9b01      	ldr	r3, [sp, #4]
10000604:	2b00      	cmp	r3, #0
10000606:	d0f9      	beq.n	100005fc <hw_claim_unused_from_range+0x3e>
10000608:	9808      	ldr	r0, [sp, #32]
1000060a:	f001 ffbf 	bl	1000258c <panic>
	...

10000610 <spin_locks_reset>:
10000610:	2300      	movs	r3, #0
10000612:	e007      	b.n	10000624 <spin_locks_reset+0x14>
10000614:	4a05      	ldr	r2, [pc, #20]	; (1000062c <spin_locks_reset+0x1c>)
10000616:	189a      	adds	r2, r3, r2
10000618:	0092      	lsls	r2, r2, #2
1000061a:	f3bf 8f5f 	dmb	sy
1000061e:	2100      	movs	r1, #0
10000620:	6011      	str	r1, [r2, #0]
10000622:	3301      	adds	r3, #1
10000624:	2b1f      	cmp	r3, #31
10000626:	d9f5      	bls.n	10000614 <spin_locks_reset+0x4>
10000628:	4770      	bx	lr
1000062a:	46c0      	nop			; (mov r8, r8)
1000062c:	34000040 	.word	0x34000040

10000630 <next_striped_spin_lock_num>:
10000630:	4a05      	ldr	r2, [pc, #20]	; (10000648 <next_striped_spin_lock_num+0x18>)
10000632:	7810      	ldrb	r0, [r2, #0]
10000634:	1c43      	adds	r3, r0, #1
10000636:	b2db      	uxtb	r3, r3
10000638:	7013      	strb	r3, [r2, #0]
1000063a:	2b17      	cmp	r3, #23
1000063c:	d902      	bls.n	10000644 <next_striped_spin_lock_num+0x14>
1000063e:	0013      	movs	r3, r2
10000640:	2210      	movs	r2, #16
10000642:	701a      	strb	r2, [r3, #0]
10000644:	4770      	bx	lr
10000646:	46c0      	nop			; (mov r8, r8)
10000648:	20000ba0 	.word	0x20000ba0

1000064c <spin_lock_claim_unused>:
1000064c:	b500      	push	{lr}
1000064e:	b083      	sub	sp, #12
10000650:	0001      	movs	r1, r0
10000652:	4b04      	ldr	r3, [pc, #16]	; (10000664 <spin_lock_claim_unused+0x18>)
10000654:	9300      	str	r3, [sp, #0]
10000656:	231f      	movs	r3, #31
10000658:	2218      	movs	r2, #24
1000065a:	4803      	ldr	r0, [pc, #12]	; (10000668 <spin_lock_claim_unused+0x1c>)
1000065c:	f7ff ffaf 	bl	100005be <hw_claim_unused_from_range>
10000660:	b003      	add	sp, #12
10000662:	bd00      	pop	{pc}
10000664:	100073a4 	.word	0x100073a4
10000668:	20001328 	.word	0x20001328

1000066c <set_raw_irq_handler_and_unlock>:
1000066c:	4b07      	ldr	r3, [pc, #28]	; (1000068c <set_raw_irq_handler_and_unlock+0x20>)
1000066e:	689b      	ldr	r3, [r3, #8]
10000670:	3010      	adds	r0, #16
10000672:	0080      	lsls	r0, r0, #2
10000674:	5019      	str	r1, [r3, r0]
10000676:	f3bf 8f5f 	dmb	sy
1000067a:	f3bf 8f5f 	dmb	sy
1000067e:	4b04      	ldr	r3, [pc, #16]	; (10000690 <set_raw_irq_handler_and_unlock+0x24>)
10000680:	2100      	movs	r1, #0
10000682:	6019      	str	r1, [r3, #0]
10000684:	f382 8810 	msr	PRIMASK, r2
10000688:	4770      	bx	lr
1000068a:	46c0      	nop			; (mov r8, r8)
1000068c:	e000ed00 	.word	0xe000ed00
10000690:	d0000124 	.word	0xd0000124

10000694 <make_branch>:
10000694:	b510      	push	{r4, lr}
10000696:	1a09      	subs	r1, r1, r0
10000698:	1f08      	subs	r0, r1, #4
1000069a:	4b0a      	ldr	r3, [pc, #40]	; (100006c4 <make_branch+0x30>)
1000069c:	469c      	mov	ip, r3
1000069e:	4461      	add	r1, ip
100006a0:	4a09      	ldr	r2, [pc, #36]	; (100006c8 <make_branch+0x34>)
100006a2:	4291      	cmp	r1, r2
100006a4:	d808      	bhi.n	100006b8 <make_branch+0x24>
100006a6:	07c3      	lsls	r3, r0, #31
100006a8:	d406      	bmi.n	100006b8 <make_branch+0x24>
100006aa:	1040      	asrs	r0, r0, #1
100006ac:	0540      	lsls	r0, r0, #21
100006ae:	0d40      	lsrs	r0, r0, #21
100006b0:	4b06      	ldr	r3, [pc, #24]	; (100006cc <make_branch+0x38>)
100006b2:	4318      	orrs	r0, r3
100006b4:	b280      	uxth	r0, r0
100006b6:	bd10      	pop	{r4, pc}
100006b8:	4b05      	ldr	r3, [pc, #20]	; (100006d0 <make_branch+0x3c>)
100006ba:	4a06      	ldr	r2, [pc, #24]	; (100006d4 <make_branch+0x40>)
100006bc:	21a3      	movs	r1, #163	; 0xa3
100006be:	4806      	ldr	r0, [pc, #24]	; (100006d8 <make_branch+0x44>)
100006c0:	f001 feca 	bl	10002458 <__assert_func>
100006c4:	000007fc 	.word	0x000007fc
100006c8:	00000ffe 	.word	0x00000ffe
100006cc:	ffffe000 	.word	0xffffe000
100006d0:	100073c0 	.word	0x100073c0
100006d4:	10007638 	.word	0x10007638
100006d8:	100073f0 	.word	0x100073f0

100006dc <insert_branch_and_link>:
100006dc:	b510      	push	{r4, lr}
100006de:	1a09      	subs	r1, r1, r0
100006e0:	3904      	subs	r1, #4
100006e2:	084c      	lsrs	r4, r1, #1
100006e4:	0b09      	lsrs	r1, r1, #12
100006e6:	d108      	bne.n	100006fa <insert_branch_and_link+0x1e>
100006e8:	0549      	lsls	r1, r1, #21
100006ea:	0d49      	lsrs	r1, r1, #21
100006ec:	4a06      	ldr	r2, [pc, #24]	; (10000708 <insert_branch_and_link+0x2c>)
100006ee:	4311      	orrs	r1, r2
100006f0:	8001      	strh	r1, [r0, #0]
100006f2:	4b06      	ldr	r3, [pc, #24]	; (1000070c <insert_branch_and_link+0x30>)
100006f4:	4323      	orrs	r3, r4
100006f6:	8043      	strh	r3, [r0, #2]
100006f8:	bd10      	pop	{r4, pc}
100006fa:	4b05      	ldr	r3, [pc, #20]	; (10000710 <insert_branch_and_link+0x34>)
100006fc:	4a05      	ldr	r2, [pc, #20]	; (10000714 <insert_branch_and_link+0x38>)
100006fe:	21ab      	movs	r1, #171	; 0xab
10000700:	4805      	ldr	r0, [pc, #20]	; (10000718 <insert_branch_and_link+0x3c>)
10000702:	f001 fea9 	bl	10002458 <__assert_func>
10000706:	46c0      	nop			; (mov r8, r8)
10000708:	fffff000 	.word	0xfffff000
1000070c:	fffff800 	.word	0xfffff800
10000710:	10007438 	.word	0x10007438
10000714:	1000760c 	.word	0x1000760c
10000718:	100073f0 	.word	0x100073f0

1000071c <irq_is_enabled>:
1000071c:	2301      	movs	r3, #1
1000071e:	4083      	lsls	r3, r0
10000720:	4a03      	ldr	r2, [pc, #12]	; (10000730 <irq_is_enabled+0x14>)
10000722:	6810      	ldr	r0, [r2, #0]
10000724:	4018      	ands	r0, r3
10000726:	1e43      	subs	r3, r0, #1
10000728:	4198      	sbcs	r0, r3
1000072a:	b2c0      	uxtb	r0, r0
1000072c:	4770      	bx	lr
1000072e:	46c0      	nop			; (mov r8, r8)
10000730:	e000e100 	.word	0xe000e100

10000734 <irq_set_mask_enabled>:
10000734:	2900      	cmp	r1, #0
10000736:	d004      	beq.n	10000742 <irq_set_mask_enabled+0xe>
10000738:	4b03      	ldr	r3, [pc, #12]	; (10000748 <irq_set_mask_enabled+0x14>)
1000073a:	6018      	str	r0, [r3, #0]
1000073c:	4b03      	ldr	r3, [pc, #12]	; (1000074c <irq_set_mask_enabled+0x18>)
1000073e:	6018      	str	r0, [r3, #0]
10000740:	4770      	bx	lr
10000742:	4b03      	ldr	r3, [pc, #12]	; (10000750 <irq_set_mask_enabled+0x1c>)
10000744:	6018      	str	r0, [r3, #0]
10000746:	e7fb      	b.n	10000740 <irq_set_mask_enabled+0xc>
10000748:	e000e280 	.word	0xe000e280
1000074c:	e000e100 	.word	0xe000e100
10000750:	e000e180 	.word	0xe000e180

10000754 <irq_set_enabled>:
10000754:	b510      	push	{r4, lr}
10000756:	2301      	movs	r3, #1
10000758:	4083      	lsls	r3, r0
1000075a:	0018      	movs	r0, r3
1000075c:	f7ff ffea 	bl	10000734 <irq_set_mask_enabled>
10000760:	bd10      	pop	{r4, pc}
	...

10000764 <irq_set_pending>:
10000764:	2301      	movs	r3, #1
10000766:	4083      	lsls	r3, r0
10000768:	4a01      	ldr	r2, [pc, #4]	; (10000770 <irq_set_pending+0xc>)
1000076a:	6013      	str	r3, [r2, #0]
1000076c:	4770      	bx	lr
1000076e:	46c0      	nop			; (mov r8, r8)
10000770:	e000e200 	.word	0xe000e200

10000774 <irq_get_vtable_handler>:
10000774:	4b02      	ldr	r3, [pc, #8]	; (10000780 <irq_get_vtable_handler+0xc>)
10000776:	689b      	ldr	r3, [r3, #8]
10000778:	3010      	adds	r0, #16
1000077a:	0080      	lsls	r0, r0, #2
1000077c:	58c0      	ldr	r0, [r0, r3]
1000077e:	4770      	bx	lr
10000780:	e000ed00 	.word	0xe000ed00

10000784 <irq_has_shared_handler>:
10000784:	b510      	push	{r4, lr}
10000786:	f7ff fff5 	bl	10000774 <irq_get_vtable_handler>
1000078a:	2800      	cmp	r0, #0
1000078c:	d005      	beq.n	1000079a <irq_has_shared_handler+0x16>
1000078e:	4b05      	ldr	r3, [pc, #20]	; (100007a4 <irq_has_shared_handler+0x20>)
10000790:	1ac0      	subs	r0, r0, r3
10000792:	282f      	cmp	r0, #47	; 0x2f
10000794:	d803      	bhi.n	1000079e <irq_has_shared_handler+0x1a>
10000796:	2001      	movs	r0, #1
10000798:	bd10      	pop	{r4, pc}
1000079a:	2000      	movs	r0, #0
1000079c:	e7fc      	b.n	10000798 <irq_has_shared_handler+0x14>
1000079e:	2000      	movs	r0, #0
100007a0:	e7fa      	b.n	10000798 <irq_has_shared_handler+0x14>
100007a2:	46c0      	nop			; (mov r8, r8)
100007a4:	20000ba4 	.word	0x20000ba4

100007a8 <irq_set_exclusive_handler>:
100007a8:	b570      	push	{r4, r5, r6, lr}
100007aa:	0004      	movs	r4, r0
100007ac:	000d      	movs	r5, r1
100007ae:	f3ef 8610 	mrs	r6, PRIMASK
100007b2:	b672      	cpsid	i
100007b4:	4b0c      	ldr	r3, [pc, #48]	; (100007e8 <irq_set_exclusive_handler+0x40>)
100007b6:	681b      	ldr	r3, [r3, #0]
100007b8:	2b00      	cmp	r3, #0
100007ba:	d0fb      	beq.n	100007b4 <irq_set_exclusive_handler+0xc>
100007bc:	f3bf 8f5f 	dmb	sy
100007c0:	0020      	movs	r0, r4
100007c2:	f7ff ffd7 	bl	10000774 <irq_get_vtable_handler>
100007c6:	4b09      	ldr	r3, [pc, #36]	; (100007ec <irq_set_exclusive_handler+0x44>)
100007c8:	4298      	cmp	r0, r3
100007ca:	d001      	beq.n	100007d0 <irq_set_exclusive_handler+0x28>
100007cc:	42a8      	cmp	r0, r5
100007ce:	d105      	bne.n	100007dc <irq_set_exclusive_handler+0x34>
100007d0:	0032      	movs	r2, r6
100007d2:	0029      	movs	r1, r5
100007d4:	0020      	movs	r0, r4
100007d6:	f7ff ff49 	bl	1000066c <set_raw_irq_handler_and_unlock>
100007da:	bd70      	pop	{r4, r5, r6, pc}
100007dc:	4b04      	ldr	r3, [pc, #16]	; (100007f0 <irq_set_exclusive_handler+0x48>)
100007de:	4a05      	ldr	r2, [pc, #20]	; (100007f4 <irq_set_exclusive_handler+0x4c>)
100007e0:	2186      	movs	r1, #134	; 0x86
100007e2:	4805      	ldr	r0, [pc, #20]	; (100007f8 <irq_set_exclusive_handler+0x50>)
100007e4:	f001 fe38 	bl	10002458 <__assert_func>
100007e8:	d0000124 	.word	0xd0000124
100007ec:	100001cd 	.word	0x100001cd
100007f0:	10007448 	.word	0x10007448
100007f4:	1000766c 	.word	0x1000766c
100007f8:	100073f0 	.word	0x100073f0

100007fc <irq_add_shared_handler>:
100007fc:	b5f0      	push	{r4, r5, r6, r7, lr}
100007fe:	46de      	mov	lr, fp
10000800:	4657      	mov	r7, sl
10000802:	464e      	mov	r6, r9
10000804:	4645      	mov	r5, r8
10000806:	b5e0      	push	{r5, r6, r7, lr}
10000808:	b089      	sub	sp, #36	; 0x24
1000080a:	4681      	mov	r9, r0
1000080c:	9101      	str	r1, [sp, #4]
1000080e:	0015      	movs	r5, r2
10000810:	f3ef 8a10 	mrs	sl, PRIMASK
10000814:	b672      	cpsid	i
10000816:	4b74      	ldr	r3, [pc, #464]	; (100009e8 <irq_add_shared_handler+0x1ec>)
10000818:	681b      	ldr	r3, [r3, #0]
1000081a:	2b00      	cmp	r3, #0
1000081c:	d0fb      	beq.n	10000816 <irq_add_shared_handler+0x1a>
1000081e:	f3bf 8f5f 	dmb	sy
10000822:	4b72      	ldr	r3, [pc, #456]	; (100009ec <irq_add_shared_handler+0x1f0>)
10000824:	2700      	movs	r7, #0
10000826:	57df      	ldrsb	r7, [r3, r7]
10000828:	2f00      	cmp	r7, #0
1000082a:	db40      	blt.n	100008ae <irq_add_shared_handler+0xb2>
1000082c:	007c      	lsls	r4, r7, #1
1000082e:	19e4      	adds	r4, r4, r7
10000830:	00a4      	lsls	r4, r4, #2
10000832:	486f      	ldr	r0, [pc, #444]	; (100009f0 <irq_add_shared_handler+0x1f4>)
10000834:	1824      	adds	r4, r4, r0
10000836:	2206      	movs	r2, #6
10000838:	56a2      	ldrsb	r2, [r4, r2]
1000083a:	4b6c      	ldr	r3, [pc, #432]	; (100009ec <irq_add_shared_handler+0x1f0>)
1000083c:	701a      	strb	r2, [r3, #0]
1000083e:	4b6d      	ldr	r3, [pc, #436]	; (100009f4 <irq_add_shared_handler+0x1f8>)
10000840:	689a      	ldr	r2, [r3, #8]
10000842:	464b      	mov	r3, r9
10000844:	3310      	adds	r3, #16
10000846:	009b      	lsls	r3, r3, #2
10000848:	58d3      	ldr	r3, [r2, r3]
1000084a:	4698      	mov	r8, r3
1000084c:	001e      	movs	r6, r3
1000084e:	1a1b      	subs	r3, r3, r0
10000850:	2b2f      	cmp	r3, #47	; 0x2f
10000852:	d938      	bls.n	100008c6 <irq_add_shared_handler+0xca>
10000854:	4b68      	ldr	r3, [pc, #416]	; (100009f8 <irq_add_shared_handler+0x1fc>)
10000856:	4598      	cmp	r8, r3
10000858:	d12f      	bne.n	100008ba <irq_add_shared_handler+0xbe>
1000085a:	ae05      	add	r6, sp, #20
1000085c:	4b67      	ldr	r3, [pc, #412]	; (100009fc <irq_add_shared_handler+0x200>)
1000085e:	8033      	strh	r3, [r6, #0]
10000860:	007b      	lsls	r3, r7, #1
10000862:	469b      	mov	fp, r3
10000864:	19d8      	adds	r0, r3, r7
10000866:	0080      	lsls	r0, r0, #2
10000868:	4b61      	ldr	r3, [pc, #388]	; (100009f0 <irq_add_shared_handler+0x1f4>)
1000086a:	4698      	mov	r8, r3
1000086c:	4440      	add	r0, r8
1000086e:	3002      	adds	r0, #2
10000870:	4963      	ldr	r1, [pc, #396]	; (10000a00 <irq_add_shared_handler+0x204>)
10000872:	f7ff ff0f 	bl	10000694 <make_branch>
10000876:	8070      	strh	r0, [r6, #2]
10000878:	4b62      	ldr	r3, [pc, #392]	; (10000a04 <irq_add_shared_handler+0x208>)
1000087a:	80b3      	strh	r3, [r6, #4]
1000087c:	23ff      	movs	r3, #255	; 0xff
1000087e:	71b3      	strb	r3, [r6, #6]
10000880:	71f5      	strb	r5, [r6, #7]
10000882:	9b01      	ldr	r3, [sp, #4]
10000884:	9307      	str	r3, [sp, #28]
10000886:	445f      	add	r7, fp
10000888:	00bf      	lsls	r7, r7, #2
1000088a:	4447      	add	r7, r8
1000088c:	ce0e      	ldmia	r6!, {r1, r2, r3}
1000088e:	c70e      	stmia	r7!, {r1, r2, r3}
10000890:	2301      	movs	r3, #1
10000892:	431c      	orrs	r4, r3
10000894:	46a0      	mov	r8, r4
10000896:	4652      	mov	r2, sl
10000898:	4641      	mov	r1, r8
1000089a:	4648      	mov	r0, r9
1000089c:	f7ff fee6 	bl	1000066c <set_raw_irq_handler_and_unlock>
100008a0:	b009      	add	sp, #36	; 0x24
100008a2:	bcf0      	pop	{r4, r5, r6, r7}
100008a4:	46bb      	mov	fp, r7
100008a6:	46b2      	mov	sl, r6
100008a8:	46a9      	mov	r9, r5
100008aa:	46a0      	mov	r8, r4
100008ac:	bdf0      	pop	{r4, r5, r6, r7, pc}
100008ae:	4b56      	ldr	r3, [pc, #344]	; (10000a08 <irq_add_shared_handler+0x20c>)
100008b0:	4a56      	ldr	r2, [pc, #344]	; (10000a0c <irq_add_shared_handler+0x210>)
100008b2:	21d7      	movs	r1, #215	; 0xd7
100008b4:	4856      	ldr	r0, [pc, #344]	; (10000a10 <irq_add_shared_handler+0x214>)
100008b6:	f001 fdcf 	bl	10002458 <__assert_func>
100008ba:	4b56      	ldr	r3, [pc, #344]	; (10000a14 <irq_add_shared_handler+0x218>)
100008bc:	4a53      	ldr	r2, [pc, #332]	; (10000a0c <irq_add_shared_handler+0x210>)
100008be:	21de      	movs	r1, #222	; 0xde
100008c0:	4853      	ldr	r0, [pc, #332]	; (10000a10 <irq_add_shared_handler+0x214>)
100008c2:	f001 fdc9 	bl	10002458 <__assert_func>
100008c6:	43c0      	mvns	r0, r0
100008c8:	4440      	add	r0, r8
100008ca:	210c      	movs	r1, #12
100008cc:	f002 ff72 	bl	100037b4 <__wrap___aeabi_uidiv>
100008d0:	2900      	cmp	r1, #0
100008d2:	d112      	bne.n	100008fa <irq_add_shared_handler+0xfe>
100008d4:	2301      	movs	r3, #1
100008d6:	439e      	bics	r6, r3
100008d8:	46b3      	mov	fp, r6
100008da:	0033      	movs	r3, r6
100008dc:	2600      	movs	r6, #0
100008de:	79da      	ldrb	r2, [r3, #7]
100008e0:	42aa      	cmp	r2, r5
100008e2:	d911      	bls.n	10000908 <irq_add_shared_handler+0x10c>
100008e4:	2106      	movs	r1, #6
100008e6:	5659      	ldrsb	r1, [r3, r1]
100008e8:	2900      	cmp	r1, #0
100008ea:	db0c      	blt.n	10000906 <irq_add_shared_handler+0x10a>
100008ec:	004a      	lsls	r2, r1, #1
100008ee:	1852      	adds	r2, r2, r1
100008f0:	0092      	lsls	r2, r2, #2
100008f2:	001e      	movs	r6, r3
100008f4:	4b3e      	ldr	r3, [pc, #248]	; (100009f0 <irq_add_shared_handler+0x1f4>)
100008f6:	189b      	adds	r3, r3, r2
100008f8:	e7f1      	b.n	100008de <irq_add_shared_handler+0xe2>
100008fa:	4b47      	ldr	r3, [pc, #284]	; (10000a18 <irq_add_shared_handler+0x21c>)
100008fc:	4a43      	ldr	r2, [pc, #268]	; (10000a0c <irq_add_shared_handler+0x210>)
100008fe:	21ea      	movs	r1, #234	; 0xea
10000900:	4843      	ldr	r0, [pc, #268]	; (10000a10 <irq_add_shared_handler+0x214>)
10000902:	f001 fda9 	bl	10002458 <__assert_func>
10000906:	001e      	movs	r6, r3
10000908:	2e00      	cmp	r6, #0
1000090a:	d03a      	beq.n	10000982 <irq_add_shared_handler+0x186>
1000090c:	ab05      	add	r3, sp, #20
1000090e:	4a43      	ldr	r2, [pc, #268]	; (10000a1c <irq_add_shared_handler+0x220>)
10000910:	801a      	strh	r2, [r3, #0]
10000912:	3a81      	subs	r2, #129	; 0x81
10000914:	805a      	strh	r2, [r3, #2]
10000916:	2306      	movs	r3, #6
10000918:	56f3      	ldrsb	r3, [r6, r3]
1000091a:	9302      	str	r3, [sp, #8]
1000091c:	2b00      	cmp	r3, #0
1000091e:	da17      	bge.n	10000950 <irq_add_shared_handler+0x154>
10000920:	483f      	ldr	r0, [pc, #252]	; (10000a20 <irq_add_shared_handler+0x224>)
10000922:	ab05      	add	r3, sp, #20
10000924:	469b      	mov	fp, r3
10000926:	8098      	strh	r0, [r3, #4]
10000928:	9a02      	ldr	r2, [sp, #8]
1000092a:	719a      	strb	r2, [r3, #6]
1000092c:	71dd      	strb	r5, [r3, #7]
1000092e:	9a01      	ldr	r2, [sp, #4]
10000930:	9207      	str	r2, [sp, #28]
10000932:	1d30      	adds	r0, r6, #4
10000934:	0021      	movs	r1, r4
10000936:	f7ff fead 	bl	10000694 <make_branch>
1000093a:	80b0      	strh	r0, [r6, #4]
1000093c:	71b7      	strb	r7, [r6, #6]
1000093e:	007b      	lsls	r3, r7, #1
10000940:	19db      	adds	r3, r3, r7
10000942:	009b      	lsls	r3, r3, #2
10000944:	4f2a      	ldr	r7, [pc, #168]	; (100009f0 <irq_add_shared_handler+0x1f4>)
10000946:	18ff      	adds	r7, r7, r3
10000948:	465b      	mov	r3, fp
1000094a:	cb07      	ldmia	r3!, {r0, r1, r2}
1000094c:	c707      	stmia	r7!, {r0, r1, r2}
1000094e:	e7a2      	b.n	10000896 <irq_add_shared_handler+0x9a>
10000950:	0078      	lsls	r0, r7, #1
10000952:	19c0      	adds	r0, r0, r7
10000954:	0080      	lsls	r0, r0, #2
10000956:	4b26      	ldr	r3, [pc, #152]	; (100009f0 <irq_add_shared_handler+0x1f4>)
10000958:	18c0      	adds	r0, r0, r3
1000095a:	3004      	adds	r0, #4
1000095c:	1d32      	adds	r2, r6, #4
1000095e:	88b3      	ldrh	r3, [r6, #4]
10000960:	0ad9      	lsrs	r1, r3, #11
10000962:	291c      	cmp	r1, #28
10000964:	d107      	bne.n	10000976 <irq_add_shared_handler+0x17a>
10000966:	055b      	lsls	r3, r3, #21
10000968:	1559      	asrs	r1, r3, #21
1000096a:	3102      	adds	r1, #2
1000096c:	0049      	lsls	r1, r1, #1
1000096e:	1851      	adds	r1, r2, r1
10000970:	f7ff fe90 	bl	10000694 <make_branch>
10000974:	e7d5      	b.n	10000922 <irq_add_shared_handler+0x126>
10000976:	4b2b      	ldr	r3, [pc, #172]	; (10000a24 <irq_add_shared_handler+0x228>)
10000978:	4a2b      	ldr	r2, [pc, #172]	; (10000a28 <irq_add_shared_handler+0x22c>)
1000097a:	21b1      	movs	r1, #177	; 0xb1
1000097c:	4824      	ldr	r0, [pc, #144]	; (10000a10 <irq_add_shared_handler+0x214>)
1000097e:	f001 fd6b 	bl	10002458 <__assert_func>
10000982:	ae05      	add	r6, sp, #20
10000984:	4b1d      	ldr	r3, [pc, #116]	; (100009fc <irq_add_shared_handler+0x200>)
10000986:	8033      	strh	r3, [r6, #0]
10000988:	007b      	lsls	r3, r7, #1
1000098a:	9302      	str	r3, [sp, #8]
1000098c:	19d8      	adds	r0, r3, r7
1000098e:	0080      	lsls	r0, r0, #2
10000990:	4a17      	ldr	r2, [pc, #92]	; (100009f0 <irq_add_shared_handler+0x1f4>)
10000992:	4690      	mov	r8, r2
10000994:	0002      	movs	r2, r0
10000996:	4442      	add	r2, r8
10000998:	9203      	str	r2, [sp, #12]
1000099a:	1c90      	adds	r0, r2, #2
1000099c:	4918      	ldr	r1, [pc, #96]	; (10000a00 <irq_add_shared_handler+0x204>)
1000099e:	f7ff fe79 	bl	10000694 <make_branch>
100009a2:	8070      	strh	r0, [r6, #2]
100009a4:	9a03      	ldr	r2, [sp, #12]
100009a6:	1d10      	adds	r0, r2, #4
100009a8:	4659      	mov	r1, fp
100009aa:	f7ff fe73 	bl	10000694 <make_branch>
100009ae:	80b0      	strh	r0, [r6, #4]
100009b0:	4b1e      	ldr	r3, [pc, #120]	; (10000a2c <irq_add_shared_handler+0x230>)
100009b2:	465a      	mov	r2, fp
100009b4:	4641      	mov	r1, r8
100009b6:	1a52      	subs	r2, r2, r1
100009b8:	4152      	adcs	r2, r2
100009ba:	4353      	muls	r3, r2
100009bc:	0d1b      	lsrs	r3, r3, #20
100009be:	71b3      	strb	r3, [r6, #6]
100009c0:	71f5      	strb	r5, [r6, #7]
100009c2:	9a01      	ldr	r2, [sp, #4]
100009c4:	9207      	str	r2, [sp, #28]
100009c6:	9b02      	ldr	r3, [sp, #8]
100009c8:	469c      	mov	ip, r3
100009ca:	4467      	add	r7, ip
100009cc:	00bf      	lsls	r7, r7, #2
100009ce:	4447      	add	r7, r8
100009d0:	ce0e      	ldmia	r6!, {r1, r2, r3}
100009d2:	c70e      	stmia	r7!, {r1, r2, r3}
100009d4:	4b11      	ldr	r3, [pc, #68]	; (10000a1c <irq_add_shared_handler+0x220>)
100009d6:	465a      	mov	r2, fp
100009d8:	8013      	strh	r3, [r2, #0]
100009da:	3b81      	subs	r3, #129	; 0x81
100009dc:	8053      	strh	r3, [r2, #2]
100009de:	2301      	movs	r3, #1
100009e0:	431c      	orrs	r4, r3
100009e2:	46a0      	mov	r8, r4
100009e4:	e757      	b.n	10000896 <irq_add_shared_handler+0x9a>
100009e6:	46c0      	nop			; (mov r8, r8)
100009e8:	d0000124 	.word	0xd0000124
100009ec:	20001a26 	.word	0x20001a26
100009f0:	20000ba4 	.word	0x20000ba4
100009f4:	e000ed00 	.word	0xe000ed00
100009f8:	100001cd 	.word	0x100001cd
100009fc:	ffffa100 	.word	0xffffa100
10000a00:	20000bd4 	.word	0x20000bd4
10000a04:	ffffbd01 	.word	0xffffbd01
10000a08:	10007480 	.word	0x10007480
10000a0c:	10007654 	.word	0x10007654
10000a10:	100073f0 	.word	0x100073f0
10000a14:	100074a8 	.word	0x100074a8
10000a18:	100074d0 	.word	0x100074d0
10000a1c:	00004801 	.word	0x00004801
10000a20:	0000bd01 	.word	0x0000bd01
10000a24:	10007544 	.word	0x10007544
10000a28:	10007644 	.word	0x10007644
10000a2c:	0000aaaa 	.word	0x0000aaaa

10000a30 <irq_remove_handler>:
10000a30:	b5f0      	push	{r4, r5, r6, r7, lr}
10000a32:	46ce      	mov	lr, r9
10000a34:	4647      	mov	r7, r8
10000a36:	b580      	push	{r7, lr}
10000a38:	b083      	sub	sp, #12
10000a3a:	0006      	movs	r6, r0
10000a3c:	000d      	movs	r5, r1
10000a3e:	f3ef 8810 	mrs	r8, PRIMASK
10000a42:	b672      	cpsid	i
10000a44:	4b56      	ldr	r3, [pc, #344]	; (10000ba0 <irq_remove_handler+0x170>)
10000a46:	681b      	ldr	r3, [r3, #0]
10000a48:	2b00      	cmp	r3, #0
10000a4a:	d0fb      	beq.n	10000a44 <irq_remove_handler+0x14>
10000a4c:	f3bf 8f5f 	dmb	sy
10000a50:	4b54      	ldr	r3, [pc, #336]	; (10000ba4 <irq_remove_handler+0x174>)
10000a52:	689a      	ldr	r2, [r3, #8]
10000a54:	0034      	movs	r4, r6
10000a56:	3410      	adds	r4, #16
10000a58:	00a3      	lsls	r3, r4, #2
10000a5a:	58d7      	ldr	r7, [r2, r3]
10000a5c:	4b52      	ldr	r3, [pc, #328]	; (10000ba8 <irq_remove_handler+0x178>)
10000a5e:	429f      	cmp	r7, r3
10000a60:	d007      	beq.n	10000a72 <irq_remove_handler+0x42>
10000a62:	42af      	cmp	r7, r5
10000a64:	d100      	bne.n	10000a68 <irq_remove_handler+0x38>
10000a66:	e098      	b.n	10000b9a <irq_remove_handler+0x16a>
10000a68:	9701      	str	r7, [sp, #4]
10000a6a:	4b50      	ldr	r3, [pc, #320]	; (10000bac <irq_remove_handler+0x17c>)
10000a6c:	1afb      	subs	r3, r7, r3
10000a6e:	2b2f      	cmp	r3, #47	; 0x2f
10000a70:	d909      	bls.n	10000a86 <irq_remove_handler+0x56>
10000a72:	4642      	mov	r2, r8
10000a74:	0039      	movs	r1, r7
10000a76:	0030      	movs	r0, r6
10000a78:	f7ff fdf8 	bl	1000066c <set_raw_irq_handler_and_unlock>
10000a7c:	b003      	add	sp, #12
10000a7e:	bcc0      	pop	{r6, r7}
10000a80:	46b9      	mov	r9, r7
10000a82:	46b0      	mov	r8, r6
10000a84:	bdf0      	pop	{r4, r5, r6, r7, pc}
10000a86:	0030      	movs	r0, r6
10000a88:	f7ff fe48 	bl	1000071c <irq_is_enabled>
10000a8c:	4681      	mov	r9, r0
10000a8e:	2100      	movs	r1, #0
10000a90:	0030      	movs	r0, r6
10000a92:	f7ff fe5f 	bl	10000754 <irq_set_enabled>
10000a96:	f3bf 8f5f 	dmb	sy
10000a9a:	f3ef 8105 	mrs	r1, IPSR
10000a9e:	2900      	cmp	r1, #0
10000aa0:	d001      	beq.n	10000aa6 <irq_remove_handler+0x76>
10000aa2:	428c      	cmp	r4, r1
10000aa4:	d111      	bne.n	10000aca <irq_remove_handler+0x9a>
10000aa6:	2301      	movs	r3, #1
10000aa8:	9c01      	ldr	r4, [sp, #4]
10000aaa:	439c      	bics	r4, r3
10000aac:	2200      	movs	r2, #0
10000aae:	68a3      	ldr	r3, [r4, #8]
10000ab0:	42ab      	cmp	r3, r5
10000ab2:	d012      	beq.n	10000ada <irq_remove_handler+0xaa>
10000ab4:	2206      	movs	r2, #6
10000ab6:	56a2      	ldrsb	r2, [r4, r2]
10000ab8:	2a00      	cmp	r2, #0
10000aba:	db0d      	blt.n	10000ad8 <irq_remove_handler+0xa8>
10000abc:	0053      	lsls	r3, r2, #1
10000abe:	189b      	adds	r3, r3, r2
10000ac0:	009b      	lsls	r3, r3, #2
10000ac2:	0022      	movs	r2, r4
10000ac4:	4c39      	ldr	r4, [pc, #228]	; (10000bac <irq_remove_handler+0x17c>)
10000ac6:	18e4      	adds	r4, r4, r3
10000ac8:	e7f1      	b.n	10000aae <irq_remove_handler+0x7e>
10000aca:	2136      	movs	r1, #54	; 0x36
10000acc:	4b38      	ldr	r3, [pc, #224]	; (10000bb0 <irq_remove_handler+0x180>)
10000ace:	4a39      	ldr	r2, [pc, #228]	; (10000bb4 <irq_remove_handler+0x184>)
10000ad0:	31ff      	adds	r1, #255	; 0xff
10000ad2:	4839      	ldr	r0, [pc, #228]	; (10000bb8 <irq_remove_handler+0x188>)
10000ad4:	f001 fcc0 	bl	10002458 <__assert_func>
10000ad8:	0022      	movs	r2, r4
10000ada:	42ab      	cmp	r3, r5
10000adc:	d156      	bne.n	10000b8c <irq_remove_handler+0x15c>
10000ade:	2506      	movs	r5, #6
10000ae0:	5765      	ldrsb	r5, [r4, r5]
10000ae2:	2d00      	cmp	r5, #0
10000ae4:	db38      	blt.n	10000b58 <irq_remove_handler+0x128>
10000ae6:	006b      	lsls	r3, r5, #1
10000ae8:	195b      	adds	r3, r3, r5
10000aea:	009a      	lsls	r2, r3, #2
10000aec:	4b2f      	ldr	r3, [pc, #188]	; (10000bac <irq_remove_handler+0x17c>)
10000aee:	189b      	adds	r3, r3, r2
10000af0:	689a      	ldr	r2, [r3, #8]
10000af2:	60a2      	str	r2, [r4, #8]
10000af4:	79da      	ldrb	r2, [r3, #7]
10000af6:	71e2      	strb	r2, [r4, #7]
10000af8:	2206      	movs	r2, #6
10000afa:	569a      	ldrsb	r2, [r3, r2]
10000afc:	71a2      	strb	r2, [r4, #6]
10000afe:	799b      	ldrb	r3, [r3, #6]
10000b00:	b25b      	sxtb	r3, r3
10000b02:	2b00      	cmp	r3, #0
10000b04:	da0f      	bge.n	10000b26 <irq_remove_handler+0xf6>
10000b06:	482d      	ldr	r0, [pc, #180]	; (10000bbc <irq_remove_handler+0x18c>)
10000b08:	80a0      	strh	r0, [r4, #4]
10000b0a:	006b      	lsls	r3, r5, #1
10000b0c:	195b      	adds	r3, r3, r5
10000b0e:	009b      	lsls	r3, r3, #2
10000b10:	4a26      	ldr	r2, [pc, #152]	; (10000bac <irq_remove_handler+0x17c>)
10000b12:	18d3      	adds	r3, r2, r3
10000b14:	4a2a      	ldr	r2, [pc, #168]	; (10000bc0 <irq_remove_handler+0x190>)
10000b16:	7811      	ldrb	r1, [r2, #0]
10000b18:	7199      	strb	r1, [r3, #6]
10000b1a:	7015      	strb	r5, [r2, #0]
10000b1c:	4649      	mov	r1, r9
10000b1e:	0030      	movs	r0, r6
10000b20:	f7ff fe18 	bl	10000754 <irq_set_enabled>
10000b24:	e7a5      	b.n	10000a72 <irq_remove_handler+0x42>
10000b26:	1d20      	adds	r0, r4, #4
10000b28:	006b      	lsls	r3, r5, #1
10000b2a:	195b      	adds	r3, r3, r5
10000b2c:	009b      	lsls	r3, r3, #2
10000b2e:	4a1f      	ldr	r2, [pc, #124]	; (10000bac <irq_remove_handler+0x17c>)
10000b30:	189b      	adds	r3, r3, r2
10000b32:	1d1a      	adds	r2, r3, #4
10000b34:	889b      	ldrh	r3, [r3, #4]
10000b36:	0ad9      	lsrs	r1, r3, #11
10000b38:	291c      	cmp	r1, #28
10000b3a:	d107      	bne.n	10000b4c <irq_remove_handler+0x11c>
10000b3c:	055b      	lsls	r3, r3, #21
10000b3e:	155b      	asrs	r3, r3, #21
10000b40:	3302      	adds	r3, #2
10000b42:	0059      	lsls	r1, r3, #1
10000b44:	1851      	adds	r1, r2, r1
10000b46:	f7ff fda5 	bl	10000694 <make_branch>
10000b4a:	e7dd      	b.n	10000b08 <irq_remove_handler+0xd8>
10000b4c:	4b1d      	ldr	r3, [pc, #116]	; (10000bc4 <irq_remove_handler+0x194>)
10000b4e:	4a1e      	ldr	r2, [pc, #120]	; (10000bc8 <irq_remove_handler+0x198>)
10000b50:	21b1      	movs	r1, #177	; 0xb1
10000b52:	4819      	ldr	r0, [pc, #100]	; (10000bb8 <irq_remove_handler+0x188>)
10000b54:	f001 fc80 	bl	10002458 <__assert_func>
10000b58:	2900      	cmp	r1, #0
10000b5a:	d112      	bne.n	10000b82 <irq_remove_handler+0x152>
10000b5c:	2a00      	cmp	r2, #0
10000b5e:	d00e      	beq.n	10000b7e <irq_remove_handler+0x14e>
10000b60:	23ff      	movs	r3, #255	; 0xff
10000b62:	7193      	strb	r3, [r2, #6]
10000b64:	4b19      	ldr	r3, [pc, #100]	; (10000bcc <irq_remove_handler+0x19c>)
10000b66:	8093      	strh	r3, [r2, #4]
10000b68:	4a15      	ldr	r2, [pc, #84]	; (10000bc0 <irq_remove_handler+0x190>)
10000b6a:	7813      	ldrb	r3, [r2, #0]
10000b6c:	71a3      	strb	r3, [r4, #6]
10000b6e:	4b18      	ldr	r3, [pc, #96]	; (10000bd0 <irq_remove_handler+0x1a0>)
10000b70:	490e      	ldr	r1, [pc, #56]	; (10000bac <irq_remove_handler+0x17c>)
10000b72:	1a64      	subs	r4, r4, r1
10000b74:	4164      	adcs	r4, r4
10000b76:	4363      	muls	r3, r4
10000b78:	0d1b      	lsrs	r3, r3, #20
10000b7a:	7013      	strb	r3, [r2, #0]
10000b7c:	e7ce      	b.n	10000b1c <irq_remove_handler+0xec>
10000b7e:	4f0a      	ldr	r7, [pc, #40]	; (10000ba8 <irq_remove_handler+0x178>)
10000b80:	e7f2      	b.n	10000b68 <irq_remove_handler+0x138>
10000b82:	1d20      	adds	r0, r4, #4
10000b84:	4913      	ldr	r1, [pc, #76]	; (10000bd4 <irq_remove_handler+0x1a4>)
10000b86:	f7ff fda9 	bl	100006dc <insert_branch_and_link>
10000b8a:	e7c7      	b.n	10000b1c <irq_remove_handler+0xec>
10000b8c:	216a      	movs	r1, #106	; 0x6a
10000b8e:	4b12      	ldr	r3, [pc, #72]	; (10000bd8 <irq_remove_handler+0x1a8>)
10000b90:	4a08      	ldr	r2, [pc, #32]	; (10000bb4 <irq_remove_handler+0x184>)
10000b92:	31ff      	adds	r1, #255	; 0xff
10000b94:	4808      	ldr	r0, [pc, #32]	; (10000bb8 <irq_remove_handler+0x188>)
10000b96:	f001 fc5f 	bl	10002458 <__assert_func>
10000b9a:	4f03      	ldr	r7, [pc, #12]	; (10000ba8 <irq_remove_handler+0x178>)
10000b9c:	e769      	b.n	10000a72 <irq_remove_handler+0x42>
10000b9e:	46c0      	nop			; (mov r8, r8)
10000ba0:	d0000124 	.word	0xd0000124
10000ba4:	e000ed00 	.word	0xe000ed00
10000ba8:	100001cd 	.word	0x100001cd
10000bac:	20000ba4 	.word	0x20000ba4
10000bb0:	1000755c 	.word	0x1000755c
10000bb4:	10007624 	.word	0x10007624
10000bb8:	100073f0 	.word	0x100073f0
10000bbc:	0000bd01 	.word	0x0000bd01
10000bc0:	20001a26 	.word	0x20001a26
10000bc4:	10007544 	.word	0x10007544
10000bc8:	10007644 	.word	0x10007644
10000bcc:	ffffbd01 	.word	0xffffbd01
10000bd0:	0000aaaa 	.word	0x0000aaaa
10000bd4:	20000bde 	.word	0x20000bde
10000bd8:	10007590 	.word	0x10007590

10000bdc <irq_add_tail_to_free_list>:
10000bdc:	b570      	push	{r4, r5, r6, lr}
10000bde:	2101      	movs	r1, #1
10000be0:	4301      	orrs	r1, r0
10000be2:	4b2e      	ldr	r3, [pc, #184]	; (10000c9c <irq_add_tail_to_free_list+0xc0>)
10000be4:	1acb      	subs	r3, r1, r3
10000be6:	2b2f      	cmp	r3, #47	; 0x2f
10000be8:	d828      	bhi.n	10000c3c <irq_add_tail_to_free_list+0x60>
10000bea:	f3ef 8305 	mrs	r3, IPSR
10000bee:	2b00      	cmp	r3, #0
10000bf0:	d02b      	beq.n	10000c4a <irq_add_tail_to_free_list+0x6e>
10000bf2:	f3ef 8c10 	mrs	ip, PRIMASK
10000bf6:	b672      	cpsid	i
10000bf8:	4a29      	ldr	r2, [pc, #164]	; (10000ca0 <irq_add_tail_to_free_list+0xc4>)
10000bfa:	6812      	ldr	r2, [r2, #0]
10000bfc:	2a00      	cmp	r2, #0
10000bfe:	d0fb      	beq.n	10000bf8 <irq_add_tail_to_free_list+0x1c>
10000c00:	f3bf 8f5f 	dmb	sy
10000c04:	4a27      	ldr	r2, [pc, #156]	; (10000ca4 <irq_add_tail_to_free_list+0xc8>)
10000c06:	0004      	movs	r4, r0
10000c08:	4d24      	ldr	r5, [pc, #144]	; (10000c9c <irq_add_tail_to_free_list+0xc0>)
10000c0a:	1b64      	subs	r4, r4, r5
10000c0c:	4164      	adcs	r4, r4
10000c0e:	4362      	muls	r2, r4
10000c10:	0d12      	lsrs	r2, r2, #20
10000c12:	b254      	sxtb	r4, r2
10000c14:	4a24      	ldr	r2, [pc, #144]	; (10000ca8 <irq_add_tail_to_free_list+0xcc>)
10000c16:	6892      	ldr	r2, [r2, #8]
10000c18:	009b      	lsls	r3, r3, #2
10000c1a:	58d2      	ldr	r2, [r2, r3]
10000c1c:	428a      	cmp	r2, r1
10000c1e:	d01b      	beq.n	10000c58 <irq_add_tail_to_free_list+0x7c>
10000c20:	2200      	movs	r2, #0
10000c22:	2a03      	cmp	r2, #3
10000c24:	d832      	bhi.n	10000c8c <irq_add_tail_to_free_list+0xb0>
10000c26:	0053      	lsls	r3, r2, #1
10000c28:	189b      	adds	r3, r3, r2
10000c2a:	009b      	lsls	r3, r3, #2
10000c2c:	491b      	ldr	r1, [pc, #108]	; (10000c9c <irq_add_tail_to_free_list+0xc0>)
10000c2e:	18cb      	adds	r3, r1, r3
10000c30:	799b      	ldrb	r3, [r3, #6]
10000c32:	b25b      	sxtb	r3, r3
10000c34:	42a3      	cmp	r3, r4
10000c36:	d01f      	beq.n	10000c78 <irq_add_tail_to_free_list+0x9c>
10000c38:	3201      	adds	r2, #1
10000c3a:	e7f2      	b.n	10000c22 <irq_add_tail_to_free_list+0x46>
10000c3c:	21c7      	movs	r1, #199	; 0xc7
10000c3e:	4b1b      	ldr	r3, [pc, #108]	; (10000cac <irq_add_tail_to_free_list+0xd0>)
10000c40:	4a1b      	ldr	r2, [pc, #108]	; (10000cb0 <irq_add_tail_to_free_list+0xd4>)
10000c42:	0049      	lsls	r1, r1, #1
10000c44:	481b      	ldr	r0, [pc, #108]	; (10000cb4 <irq_add_tail_to_free_list+0xd8>)
10000c46:	f001 fc07 	bl	10002458 <__assert_func>
10000c4a:	2192      	movs	r1, #146	; 0x92
10000c4c:	4b1a      	ldr	r3, [pc, #104]	; (10000cb8 <irq_add_tail_to_free_list+0xdc>)
10000c4e:	4a18      	ldr	r2, [pc, #96]	; (10000cb0 <irq_add_tail_to_free_list+0xd4>)
10000c50:	31ff      	adds	r1, #255	; 0xff
10000c52:	4818      	ldr	r0, [pc, #96]	; (10000cb4 <irq_add_tail_to_free_list+0xd8>)
10000c54:	f001 fc00 	bl	10002458 <__assert_func>
10000c58:	4a13      	ldr	r2, [pc, #76]	; (10000ca8 <irq_add_tail_to_free_list+0xcc>)
10000c5a:	6892      	ldr	r2, [r2, #8]
10000c5c:	4917      	ldr	r1, [pc, #92]	; (10000cbc <irq_add_tail_to_free_list+0xe0>)
10000c5e:	50d1      	str	r1, [r2, r3]
10000c60:	4b17      	ldr	r3, [pc, #92]	; (10000cc0 <irq_add_tail_to_free_list+0xe4>)
10000c62:	781a      	ldrb	r2, [r3, #0]
10000c64:	7182      	strb	r2, [r0, #6]
10000c66:	701c      	strb	r4, [r3, #0]
10000c68:	f3bf 8f5f 	dmb	sy
10000c6c:	4b0c      	ldr	r3, [pc, #48]	; (10000ca0 <irq_add_tail_to_free_list+0xc4>)
10000c6e:	2200      	movs	r2, #0
10000c70:	601a      	str	r2, [r3, #0]
10000c72:	f38c 8810 	msr	PRIMASK, ip
10000c76:	bd70      	pop	{r4, r5, r6, pc}
10000c78:	000d      	movs	r5, r1
10000c7a:	0053      	lsls	r3, r2, #1
10000c7c:	1899      	adds	r1, r3, r2
10000c7e:	0089      	lsls	r1, r1, #2
10000c80:	1869      	adds	r1, r5, r1
10000c82:	26ff      	movs	r6, #255	; 0xff
10000c84:	718e      	strb	r6, [r1, #6]
10000c86:	4a0f      	ldr	r2, [pc, #60]	; (10000cc4 <irq_add_tail_to_free_list+0xe8>)
10000c88:	808a      	strh	r2, [r1, #4]
10000c8a:	e7e9      	b.n	10000c60 <irq_add_tail_to_free_list+0x84>
10000c8c:	21d1      	movs	r1, #209	; 0xd1
10000c8e:	4b0e      	ldr	r3, [pc, #56]	; (10000cc8 <irq_add_tail_to_free_list+0xec>)
10000c90:	4a07      	ldr	r2, [pc, #28]	; (10000cb0 <irq_add_tail_to_free_list+0xd4>)
10000c92:	0049      	lsls	r1, r1, #1
10000c94:	4807      	ldr	r0, [pc, #28]	; (10000cb4 <irq_add_tail_to_free_list+0xd8>)
10000c96:	f001 fbdf 	bl	10002458 <__assert_func>
10000c9a:	46c0      	nop			; (mov r8, r8)
10000c9c:	20000ba4 	.word	0x20000ba4
10000ca0:	d0000124 	.word	0xd0000124
10000ca4:	0000aaaa 	.word	0x0000aaaa
10000ca8:	e000ed00 	.word	0xe000ed00
10000cac:	10007598 	.word	0x10007598
10000cb0:	100075f0 	.word	0x100075f0
10000cb4:	100073f0 	.word	0x100073f0
10000cb8:	100075c0 	.word	0x100075c0
10000cbc:	100001cd 	.word	0x100001cd
10000cc0:	20001a26 	.word	0x20001a26
10000cc4:	ffffbd01 	.word	0xffffbd01
10000cc8:	100075cc 	.word	0x100075cc

10000ccc <irq_init_priorities>:
10000ccc:	2200      	movs	r2, #0
10000cce:	4b04      	ldr	r3, [pc, #16]	; (10000ce0 <irq_init_priorities+0x14>)
10000cd0:	e002      	b.n	10000cd8 <irq_init_priorities+0xc>
10000cd2:	4904      	ldr	r1, [pc, #16]	; (10000ce4 <irq_init_priorities+0x18>)
10000cd4:	c302      	stmia	r3!, {r1}
10000cd6:	3201      	adds	r2, #1
10000cd8:	2a07      	cmp	r2, #7
10000cda:	d9fa      	bls.n	10000cd2 <irq_init_priorities+0x6>
10000cdc:	4770      	bx	lr
10000cde:	46c0      	nop			; (mov r8, r8)
10000ce0:	e000e400 	.word	0xe000e400
10000ce4:	80808080 	.word	0x80808080

10000ce8 <user_irq_claim_unused>:
10000ce8:	b500      	push	{lr}
10000cea:	b083      	sub	sp, #12
10000cec:	0001      	movs	r1, r0
10000cee:	4b06      	ldr	r3, [pc, #24]	; (10000d08 <user_irq_claim_unused+0x20>)
10000cf0:	9300      	str	r3, [sp, #0]
10000cf2:	2305      	movs	r3, #5
10000cf4:	2200      	movs	r2, #0
10000cf6:	4805      	ldr	r0, [pc, #20]	; (10000d0c <user_irq_claim_unused+0x24>)
10000cf8:	f7ff fc61 	bl	100005be <hw_claim_unused_from_range>
10000cfc:	2800      	cmp	r0, #0
10000cfe:	db01      	blt.n	10000d04 <user_irq_claim_unused+0x1c>
10000d00:	231f      	movs	r3, #31
10000d02:	1a18      	subs	r0, r3, r0
10000d04:	b003      	add	sp, #12
10000d06:	bd00      	pop	{pc}
10000d08:	100075d4 	.word	0x100075d4
10000d0c:	20001a2c 	.word	0x20001a2c

10000d10 <lock_init>:
10000d10:	4b02      	ldr	r3, [pc, #8]	; (10000d1c <lock_init+0xc>)
10000d12:	469c      	mov	ip, r3
10000d14:	4461      	add	r1, ip
10000d16:	0089      	lsls	r1, r1, #2
10000d18:	6001      	str	r1, [r0, #0]
10000d1a:	4770      	bx	lr
10000d1c:	34000040 	.word	0x34000040

10000d20 <mutex_init>:
10000d20:	b510      	push	{r4, lr}
10000d22:	0004      	movs	r4, r0
10000d24:	f7ff fc84 	bl	10000630 <next_striped_spin_lock_num>
10000d28:	0001      	movs	r1, r0
10000d2a:	0020      	movs	r0, r4
10000d2c:	f7ff fff0 	bl	10000d10 <lock_init>
10000d30:	23ff      	movs	r3, #255	; 0xff
10000d32:	7123      	strb	r3, [r4, #4]
10000d34:	f3bf 8f5f 	dmb	sy
10000d38:	bd10      	pop	{r4, pc}

10000d3a <recursive_mutex_init>:
10000d3a:	b510      	push	{r4, lr}
10000d3c:	0004      	movs	r4, r0
10000d3e:	f7ff fc77 	bl	10000630 <next_striped_spin_lock_num>
10000d42:	0001      	movs	r1, r0
10000d44:	0020      	movs	r0, r4
10000d46:	f7ff ffe3 	bl	10000d10 <lock_init>
10000d4a:	23ff      	movs	r3, #255	; 0xff
10000d4c:	7123      	strb	r3, [r4, #4]
10000d4e:	2300      	movs	r3, #0
10000d50:	7163      	strb	r3, [r4, #5]
10000d52:	f3bf 8f5f 	dmb	sy
10000d56:	bd10      	pop	{r4, pc}

10000d58 <critical_section_init_with_lock_num>:
10000d58:	4b03      	ldr	r3, [pc, #12]	; (10000d68 <critical_section_init_with_lock_num+0x10>)
10000d5a:	469c      	mov	ip, r3
10000d5c:	4461      	add	r1, ip
10000d5e:	0089      	lsls	r1, r1, #2
10000d60:	6001      	str	r1, [r0, #0]
10000d62:	f3bf 8f5f 	dmb	sy
10000d66:	4770      	bx	lr
10000d68:	34000040 	.word	0x34000040

10000d6c <critical_section_init>:
10000d6c:	b510      	push	{r4, lr}
10000d6e:	0004      	movs	r4, r0
10000d70:	2001      	movs	r0, #1
10000d72:	f7ff fc6b 	bl	1000064c <spin_lock_claim_unused>
10000d76:	0001      	movs	r1, r0
10000d78:	0020      	movs	r0, r4
10000d7a:	f7ff ffed 	bl	10000d58 <critical_section_init_with_lock_num>
10000d7e:	bd10      	pop	{r4, pc}

10000d80 <alarm_pool_post_alloc_init>:
10000d80:	b570      	push	{r4, r5, r6, lr}
10000d82:	0005      	movs	r5, r0
10000d84:	000c      	movs	r4, r1
10000d86:	0008      	movs	r0, r1
10000d88:	f000 fed8 	bl	10001b3c <hardware_alarm_cancel>
10000d8c:	4909      	ldr	r1, [pc, #36]	; (10000db4 <alarm_pool_post_alloc_init+0x34>)
10000d8e:	0020      	movs	r0, r4
10000d90:	f000 fe18 	bl	100019c4 <hardware_alarm_set_callback>
10000d94:	f7ff fc4c 	bl	10000630 <next_striped_spin_lock_num>
10000d98:	4b07      	ldr	r3, [pc, #28]	; (10000db8 <alarm_pool_post_alloc_init+0x38>)
10000d9a:	469c      	mov	ip, r3
10000d9c:	4460      	add	r0, ip
10000d9e:	0080      	lsls	r0, r0, #2
10000da0:	6068      	str	r0, [r5, #4]
10000da2:	752c      	strb	r4, [r5, #20]
10000da4:	23d0      	movs	r3, #208	; 0xd0
10000da6:	061b      	lsls	r3, r3, #24
10000da8:	781b      	ldrb	r3, [r3, #0]
10000daa:	756b      	strb	r3, [r5, #21]
10000dac:	00a4      	lsls	r4, r4, #2
10000dae:	4b03      	ldr	r3, [pc, #12]	; (10000dbc <alarm_pool_post_alloc_init+0x3c>)
10000db0:	50e5      	str	r5, [r4, r3]
10000db2:	bd70      	pop	{r4, r5, r6, pc}
10000db4:	100010c5 	.word	0x100010c5
10000db8:	34000040 	.word	0x34000040
10000dbc:	200017d8 	.word	0x200017d8

10000dc0 <sleep_until_callback>:
10000dc0:	4b0a      	ldr	r3, [pc, #40]	; (10000dec <sleep_until_callback+0x2c>)
10000dc2:	681a      	ldr	r2, [r3, #0]
10000dc4:	f3ef 8110 	mrs	r1, PRIMASK
10000dc8:	b672      	cpsid	i
10000dca:	6813      	ldr	r3, [r2, #0]
10000dcc:	2b00      	cmp	r3, #0
10000dce:	d0fc      	beq.n	10000dca <sleep_until_callback+0xa>
10000dd0:	f3bf 8f5f 	dmb	sy
10000dd4:	4b05      	ldr	r3, [pc, #20]	; (10000dec <sleep_until_callback+0x2c>)
10000dd6:	681b      	ldr	r3, [r3, #0]
10000dd8:	f3bf 8f5f 	dmb	sy
10000ddc:	2200      	movs	r2, #0
10000dde:	601a      	str	r2, [r3, #0]
10000de0:	f381 8810 	msr	PRIMASK, r1
10000de4:	bf40      	sev
10000de6:	2000      	movs	r0, #0
10000de8:	2100      	movs	r1, #0
10000dea:	4770      	bx	lr
10000dec:	200019f4 	.word	0x200019f4

10000df0 <timer_pool_entry_comparator>:
10000df0:	b510      	push	{r4, lr}
10000df2:	2900      	cmp	r1, #0
10000df4:	d022      	beq.n	10000e3c <timer_pool_entry_comparator+0x4c>
10000df6:	6803      	ldr	r3, [r0, #0]
10000df8:	7b1b      	ldrb	r3, [r3, #12]
10000dfa:	4299      	cmp	r1, r3
10000dfc:	d81e      	bhi.n	10000e3c <timer_pool_entry_comparator+0x4c>
10000dfe:	4b17      	ldr	r3, [pc, #92]	; (10000e5c <timer_pool_entry_comparator+0x6c>)
10000e00:	469c      	mov	ip, r3
10000e02:	4461      	add	r1, ip
10000e04:	0109      	lsls	r1, r1, #4
10000e06:	6883      	ldr	r3, [r0, #8]
10000e08:	469c      	mov	ip, r3
10000e0a:	4461      	add	r1, ip
10000e0c:	680c      	ldr	r4, [r1, #0]
10000e0e:	6849      	ldr	r1, [r1, #4]
10000e10:	2a00      	cmp	r2, #0
10000e12:	d019      	beq.n	10000e48 <timer_pool_entry_comparator+0x58>
10000e14:	6803      	ldr	r3, [r0, #0]
10000e16:	7b1b      	ldrb	r3, [r3, #12]
10000e18:	429a      	cmp	r2, r3
10000e1a:	d815      	bhi.n	10000e48 <timer_pool_entry_comparator+0x58>
10000e1c:	6883      	ldr	r3, [r0, #8]
10000e1e:	480f      	ldr	r0, [pc, #60]	; (10000e5c <timer_pool_entry_comparator+0x6c>)
10000e20:	4684      	mov	ip, r0
10000e22:	4462      	add	r2, ip
10000e24:	0112      	lsls	r2, r2, #4
10000e26:	189a      	adds	r2, r3, r2
10000e28:	6810      	ldr	r0, [r2, #0]
10000e2a:	6853      	ldr	r3, [r2, #4]
10000e2c:	0002      	movs	r2, r0
10000e2e:	2001      	movs	r0, #1
10000e30:	428b      	cmp	r3, r1
10000e32:	d801      	bhi.n	10000e38 <timer_pool_entry_comparator+0x48>
10000e34:	d00e      	beq.n	10000e54 <timer_pool_entry_comparator+0x64>
10000e36:	2000      	movs	r0, #0
10000e38:	b2c0      	uxtb	r0, r0
10000e3a:	bd10      	pop	{r4, pc}
10000e3c:	4b08      	ldr	r3, [pc, #32]	; (10000e60 <timer_pool_entry_comparator+0x70>)
10000e3e:	4a09      	ldr	r2, [pc, #36]	; (10000e64 <timer_pool_entry_comparator+0x74>)
10000e40:	213c      	movs	r1, #60	; 0x3c
10000e42:	4809      	ldr	r0, [pc, #36]	; (10000e68 <timer_pool_entry_comparator+0x78>)
10000e44:	f001 fb08 	bl	10002458 <__assert_func>
10000e48:	4b05      	ldr	r3, [pc, #20]	; (10000e60 <timer_pool_entry_comparator+0x70>)
10000e4a:	4a06      	ldr	r2, [pc, #24]	; (10000e64 <timer_pool_entry_comparator+0x74>)
10000e4c:	213c      	movs	r1, #60	; 0x3c
10000e4e:	4806      	ldr	r0, [pc, #24]	; (10000e68 <timer_pool_entry_comparator+0x78>)
10000e50:	f001 fb02 	bl	10002458 <__assert_func>
10000e54:	42a2      	cmp	r2, r4
10000e56:	d8ef      	bhi.n	10000e38 <timer_pool_entry_comparator+0x48>
10000e58:	e7ed      	b.n	10000e36 <timer_pool_entry_comparator+0x46>
10000e5a:	46c0      	nop			; (mov r8, r8)
10000e5c:	0fffffff 	.word	0x0fffffff
10000e60:	10007820 	.word	0x10007820
10000e64:	10007a8c 	.word	0x10007a8c
10000e68:	100077dc 	.word	0x100077dc

10000e6c <ph_add_child_node>:
10000e6c:	b510      	push	{r4, lr}
10000e6e:	2900      	cmp	r1, #0
10000e70:	d01e      	beq.n	10000eb0 <ph_add_child_node+0x44>
10000e72:	7b03      	ldrb	r3, [r0, #12]
10000e74:	4299      	cmp	r1, r3
10000e76:	d81b      	bhi.n	10000eb0 <ph_add_child_node+0x44>
10000e78:	004b      	lsls	r3, r1, #1
10000e7a:	185b      	adds	r3, r3, r1
10000e7c:	3b03      	subs	r3, #3
10000e7e:	6804      	ldr	r4, [r0, #0]
10000e80:	46a4      	mov	ip, r4
10000e82:	4463      	add	r3, ip
10000e84:	2900      	cmp	r1, #0
10000e86:	d019      	beq.n	10000ebc <ph_add_child_node+0x50>
10000e88:	2a00      	cmp	r2, #0
10000e8a:	d01d      	beq.n	10000ec8 <ph_add_child_node+0x5c>
10000e8c:	4291      	cmp	r1, r2
10000e8e:	d021      	beq.n	10000ed4 <ph_add_child_node+0x68>
10000e90:	2a00      	cmp	r2, #0
10000e92:	d025      	beq.n	10000ee0 <ph_add_child_node+0x74>
10000e94:	7b04      	ldrb	r4, [r0, #12]
10000e96:	42a2      	cmp	r2, r4
10000e98:	d822      	bhi.n	10000ee0 <ph_add_child_node+0x74>
10000e9a:	6804      	ldr	r4, [r0, #0]
10000e9c:	0050      	lsls	r0, r2, #1
10000e9e:	1880      	adds	r0, r0, r2
10000ea0:	3803      	subs	r0, #3
10000ea2:	1820      	adds	r0, r4, r0
10000ea4:	7081      	strb	r1, [r0, #2]
10000ea6:	7819      	ldrb	r1, [r3, #0]
10000ea8:	2900      	cmp	r1, #0
10000eaa:	d11f      	bne.n	10000eec <ph_add_child_node+0x80>
10000eac:	701a      	strb	r2, [r3, #0]
10000eae:	bd10      	pop	{r4, pc}
10000eb0:	4b10      	ldr	r3, [pc, #64]	; (10000ef4 <ph_add_child_node+0x88>)
10000eb2:	4a11      	ldr	r2, [pc, #68]	; (10000ef8 <ph_add_child_node+0x8c>)
10000eb4:	2168      	movs	r1, #104	; 0x68
10000eb6:	4811      	ldr	r0, [pc, #68]	; (10000efc <ph_add_child_node+0x90>)
10000eb8:	f001 face 	bl	10002458 <__assert_func>
10000ebc:	4b10      	ldr	r3, [pc, #64]	; (10000f00 <ph_add_child_node+0x94>)
10000ebe:	4a11      	ldr	r2, [pc, #68]	; (10000f04 <ph_add_child_node+0x98>)
10000ec0:	316f      	adds	r1, #111	; 0x6f
10000ec2:	480e      	ldr	r0, [pc, #56]	; (10000efc <ph_add_child_node+0x90>)
10000ec4:	f001 fac8 	bl	10002458 <__assert_func>
10000ec8:	4b0f      	ldr	r3, [pc, #60]	; (10000f08 <ph_add_child_node+0x9c>)
10000eca:	4a0e      	ldr	r2, [pc, #56]	; (10000f04 <ph_add_child_node+0x98>)
10000ecc:	2170      	movs	r1, #112	; 0x70
10000ece:	480b      	ldr	r0, [pc, #44]	; (10000efc <ph_add_child_node+0x90>)
10000ed0:	f001 fac2 	bl	10002458 <__assert_func>
10000ed4:	4b0d      	ldr	r3, [pc, #52]	; (10000f0c <ph_add_child_node+0xa0>)
10000ed6:	4a0b      	ldr	r2, [pc, #44]	; (10000f04 <ph_add_child_node+0x98>)
10000ed8:	2171      	movs	r1, #113	; 0x71
10000eda:	4808      	ldr	r0, [pc, #32]	; (10000efc <ph_add_child_node+0x90>)
10000edc:	f001 fabc 	bl	10002458 <__assert_func>
10000ee0:	4b04      	ldr	r3, [pc, #16]	; (10000ef4 <ph_add_child_node+0x88>)
10000ee2:	4a05      	ldr	r2, [pc, #20]	; (10000ef8 <ph_add_child_node+0x8c>)
10000ee4:	2168      	movs	r1, #104	; 0x68
10000ee6:	4805      	ldr	r0, [pc, #20]	; (10000efc <ph_add_child_node+0x90>)
10000ee8:	f001 fab6 	bl	10002458 <__assert_func>
10000eec:	7041      	strb	r1, [r0, #1]
10000eee:	701a      	strb	r2, [r3, #0]
10000ef0:	e7dd      	b.n	10000eae <ph_add_child_node+0x42>
10000ef2:	46c0      	nop			; (mov r8, r8)
10000ef4:	10007844 	.word	0x10007844
10000ef8:	10007af8 	.word	0x10007af8
10000efc:	10007860 	.word	0x10007860
10000f00:	100078b4 	.word	0x100078b4
10000f04:	10007ad4 	.word	0x10007ad4
10000f08:	100078c0 	.word	0x100078c0
10000f0c:	100078cc 	.word	0x100078cc

10000f10 <ph_merge_nodes>:
10000f10:	b570      	push	{r4, r5, r6, lr}
10000f12:	0006      	movs	r6, r0
10000f14:	000d      	movs	r5, r1
10000f16:	0014      	movs	r4, r2
10000f18:	2900      	cmp	r1, #0
10000f1a:	d014      	beq.n	10000f46 <ph_merge_nodes+0x36>
10000f1c:	2a00      	cmp	r2, #0
10000f1e:	d014      	beq.n	10000f4a <ph_merge_nodes+0x3a>
10000f20:	6880      	ldr	r0, [r0, #8]
10000f22:	6873      	ldr	r3, [r6, #4]
10000f24:	4798      	blx	r3
10000f26:	2800      	cmp	r0, #0
10000f28:	d006      	beq.n	10000f38 <ph_merge_nodes+0x28>
10000f2a:	0022      	movs	r2, r4
10000f2c:	0029      	movs	r1, r5
10000f2e:	0030      	movs	r0, r6
10000f30:	f7ff ff9c 	bl	10000e6c <ph_add_child_node>
10000f34:	0028      	movs	r0, r5
10000f36:	e007      	b.n	10000f48 <ph_merge_nodes+0x38>
10000f38:	002a      	movs	r2, r5
10000f3a:	0021      	movs	r1, r4
10000f3c:	0030      	movs	r0, r6
10000f3e:	f7ff ff95 	bl	10000e6c <ph_add_child_node>
10000f42:	0020      	movs	r0, r4
10000f44:	e000      	b.n	10000f48 <ph_merge_nodes+0x38>
10000f46:	0010      	movs	r0, r2
10000f48:	bd70      	pop	{r4, r5, r6, pc}
10000f4a:	0008      	movs	r0, r1
10000f4c:	e7fc      	b.n	10000f48 <ph_merge_nodes+0x38>
	...

10000f50 <add_alarm_under_lock>:
10000f50:	b5f0      	push	{r4, r5, r6, r7, lr}
10000f52:	b083      	sub	sp, #12
10000f54:	0005      	movs	r5, r0
10000f56:	9200      	str	r2, [sp, #0]
10000f58:	9301      	str	r3, [sp, #4]
10000f5a:	ab0a      	add	r3, sp, #40	; 0x28
10000f5c:	781c      	ldrb	r4, [r3, #0]
10000f5e:	ab0b      	add	r3, sp, #44	; 0x2c
10000f60:	781f      	ldrb	r7, [r3, #0]
10000f62:	2c00      	cmp	r4, #0
10000f64:	d026      	beq.n	10000fb4 <add_alarm_under_lock+0x64>
10000f66:	6803      	ldr	r3, [r0, #0]
10000f68:	7b5a      	ldrb	r2, [r3, #13]
10000f6a:	4294      	cmp	r4, r2
10000f6c:	d107      	bne.n	10000f7e <add_alarm_under_lock+0x2e>
10000f6e:	2301      	movs	r3, #1
10000f70:	2b00      	cmp	r3, #0
10000f72:	d119      	bne.n	10000fa8 <add_alarm_under_lock+0x58>
10000f74:	2c00      	cmp	r4, #0
10000f76:	d13b      	bne.n	10000ff0 <add_alarm_under_lock+0xa0>
10000f78:	0020      	movs	r0, r4
10000f7a:	b003      	add	sp, #12
10000f7c:	bdf0      	pop	{r4, r5, r6, r7, pc}
10000f7e:	2c00      	cmp	r4, #0
10000f80:	d00c      	beq.n	10000f9c <add_alarm_under_lock+0x4c>
10000f82:	7b1a      	ldrb	r2, [r3, #12]
10000f84:	4294      	cmp	r4, r2
10000f86:	d809      	bhi.n	10000f9c <add_alarm_under_lock+0x4c>
10000f88:	681a      	ldr	r2, [r3, #0]
10000f8a:	0063      	lsls	r3, r4, #1
10000f8c:	191b      	adds	r3, r3, r4
10000f8e:	3b03      	subs	r3, #3
10000f90:	18d3      	adds	r3, r2, r3
10000f92:	789b      	ldrb	r3, [r3, #2]
10000f94:	2b00      	cmp	r3, #0
10000f96:	d0eb      	beq.n	10000f70 <add_alarm_under_lock+0x20>
10000f98:	2301      	movs	r3, #1
10000f9a:	e7e9      	b.n	10000f70 <add_alarm_under_lock+0x20>
10000f9c:	4b3e      	ldr	r3, [pc, #248]	; (10001098 <add_alarm_under_lock+0x148>)
10000f9e:	4a3f      	ldr	r2, [pc, #252]	; (1000109c <add_alarm_under_lock+0x14c>)
10000fa0:	2168      	movs	r1, #104	; 0x68
10000fa2:	483f      	ldr	r0, [pc, #252]	; (100010a0 <add_alarm_under_lock+0x150>)
10000fa4:	f001 fa58 	bl	10002458 <__assert_func>
10000fa8:	4b3e      	ldr	r3, [pc, #248]	; (100010a4 <add_alarm_under_lock+0x154>)
10000faa:	4a3f      	ldr	r2, [pc, #252]	; (100010a8 <add_alarm_under_lock+0x158>)
10000fac:	2167      	movs	r1, #103	; 0x67
10000fae:	483f      	ldr	r0, [pc, #252]	; (100010ac <add_alarm_under_lock+0x15c>)
10000fb0:	f001 fa52 	bl	10002458 <__assert_func>
10000fb4:	6803      	ldr	r3, [r0, #0]
10000fb6:	7b9c      	ldrb	r4, [r3, #14]
10000fb8:	2c00      	cmp	r4, #0
10000fba:	d0db      	beq.n	10000f74 <add_alarm_under_lock+0x24>
10000fbc:	d012      	beq.n	10000fe4 <add_alarm_under_lock+0x94>
10000fbe:	7b1a      	ldrb	r2, [r3, #12]
10000fc0:	4294      	cmp	r4, r2
10000fc2:	d80f      	bhi.n	10000fe4 <add_alarm_under_lock+0x94>
10000fc4:	0062      	lsls	r2, r4, #1
10000fc6:	1912      	adds	r2, r2, r4
10000fc8:	3a03      	subs	r2, #3
10000fca:	6819      	ldr	r1, [r3, #0]
10000fcc:	468c      	mov	ip, r1
10000fce:	4462      	add	r2, ip
10000fd0:	7851      	ldrb	r1, [r2, #1]
10000fd2:	7399      	strb	r1, [r3, #14]
10000fd4:	2900      	cmp	r1, #0
10000fd6:	d100      	bne.n	10000fda <add_alarm_under_lock+0x8a>
10000fd8:	73d9      	strb	r1, [r3, #15]
10000fda:	2300      	movs	r3, #0
10000fdc:	7093      	strb	r3, [r2, #2]
10000fde:	7053      	strb	r3, [r2, #1]
10000fe0:	7013      	strb	r3, [r2, #0]
10000fe2:	e7c7      	b.n	10000f74 <add_alarm_under_lock+0x24>
10000fe4:	4b2c      	ldr	r3, [pc, #176]	; (10001098 <add_alarm_under_lock+0x148>)
10000fe6:	4a2d      	ldr	r2, [pc, #180]	; (1000109c <add_alarm_under_lock+0x14c>)
10000fe8:	2168      	movs	r1, #104	; 0x68
10000fea:	482d      	ldr	r0, [pc, #180]	; (100010a0 <add_alarm_under_lock+0x150>)
10000fec:	f001 fa34 	bl	10002458 <__assert_func>
10000ff0:	2c00      	cmp	r4, #0
10000ff2:	d03a      	beq.n	1000106a <add_alarm_under_lock+0x11a>
10000ff4:	682b      	ldr	r3, [r5, #0]
10000ff6:	7b1b      	ldrb	r3, [r3, #12]
10000ff8:	429c      	cmp	r4, r3
10000ffa:	d836      	bhi.n	1000106a <add_alarm_under_lock+0x11a>
10000ffc:	4b2c      	ldr	r3, [pc, #176]	; (100010b0 <add_alarm_under_lock+0x160>)
10000ffe:	18e3      	adds	r3, r4, r3
10001000:	011b      	lsls	r3, r3, #4
10001002:	68aa      	ldr	r2, [r5, #8]
10001004:	4694      	mov	ip, r2
10001006:	4463      	add	r3, ip
10001008:	9a00      	ldr	r2, [sp, #0]
1000100a:	601a      	str	r2, [r3, #0]
1000100c:	9a01      	ldr	r2, [sp, #4]
1000100e:	605a      	str	r2, [r3, #4]
10001010:	9a08      	ldr	r2, [sp, #32]
10001012:	609a      	str	r2, [r3, #8]
10001014:	9a09      	ldr	r2, [sp, #36]	; 0x24
10001016:	60da      	str	r2, [r3, #12]
10001018:	682e      	ldr	r6, [r5, #0]
1000101a:	2c00      	cmp	r4, #0
1000101c:	d02b      	beq.n	10001076 <add_alarm_under_lock+0x126>
1000101e:	d030      	beq.n	10001082 <add_alarm_under_lock+0x132>
10001020:	7b33      	ldrb	r3, [r6, #12]
10001022:	429c      	cmp	r4, r3
10001024:	d82d      	bhi.n	10001082 <add_alarm_under_lock+0x132>
10001026:	0063      	lsls	r3, r4, #1
10001028:	191b      	adds	r3, r3, r4
1000102a:	3b03      	subs	r3, #3
1000102c:	6832      	ldr	r2, [r6, #0]
1000102e:	4694      	mov	ip, r2
10001030:	4463      	add	r3, ip
10001032:	2200      	movs	r2, #0
10001034:	709a      	strb	r2, [r3, #2]
10001036:	705a      	strb	r2, [r3, #1]
10001038:	701a      	strb	r2, [r3, #0]
1000103a:	7b71      	ldrb	r1, [r6, #13]
1000103c:	0022      	movs	r2, r4
1000103e:	0030      	movs	r0, r6
10001040:	f7ff ff66 	bl	10000f10 <ph_merge_nodes>
10001044:	7370      	strb	r0, [r6, #13]
10001046:	4284      	cmp	r4, r0
10001048:	d000      	beq.n	1000104c <add_alarm_under_lock+0xfc>
1000104a:	e795      	b.n	10000f78 <add_alarm_under_lock+0x28>
1000104c:	7d28      	ldrb	r0, [r5, #20]
1000104e:	9a00      	ldr	r2, [sp, #0]
10001050:	9b01      	ldr	r3, [sp, #4]
10001052:	f000 fcff 	bl	10001a54 <hardware_alarm_set_target>
10001056:	1e06      	subs	r6, r0, #0
10001058:	d001      	beq.n	1000105e <add_alarm_under_lock+0x10e>
1000105a:	2f00      	cmp	r7, #0
1000105c:	d017      	beq.n	1000108e <add_alarm_under_lock+0x13e>
1000105e:	9b0c      	ldr	r3, [sp, #48]	; 0x30
10001060:	2b00      	cmp	r3, #0
10001062:	d100      	bne.n	10001066 <add_alarm_under_lock+0x116>
10001064:	e788      	b.n	10000f78 <add_alarm_under_lock+0x28>
10001066:	701e      	strb	r6, [r3, #0]
10001068:	e786      	b.n	10000f78 <add_alarm_under_lock+0x28>
1000106a:	4b12      	ldr	r3, [pc, #72]	; (100010b4 <add_alarm_under_lock+0x164>)
1000106c:	4a12      	ldr	r2, [pc, #72]	; (100010b8 <add_alarm_under_lock+0x168>)
1000106e:	213c      	movs	r1, #60	; 0x3c
10001070:	480e      	ldr	r0, [pc, #56]	; (100010ac <add_alarm_under_lock+0x15c>)
10001072:	f001 f9f1 	bl	10002458 <__assert_func>
10001076:	4b11      	ldr	r3, [pc, #68]	; (100010bc <add_alarm_under_lock+0x16c>)
10001078:	4a11      	ldr	r2, [pc, #68]	; (100010c0 <add_alarm_under_lock+0x170>)
1000107a:	21a5      	movs	r1, #165	; 0xa5
1000107c:	4808      	ldr	r0, [pc, #32]	; (100010a0 <add_alarm_under_lock+0x150>)
1000107e:	f001 f9eb 	bl	10002458 <__assert_func>
10001082:	4b05      	ldr	r3, [pc, #20]	; (10001098 <add_alarm_under_lock+0x148>)
10001084:	4a05      	ldr	r2, [pc, #20]	; (1000109c <add_alarm_under_lock+0x14c>)
10001086:	2168      	movs	r1, #104	; 0x68
10001088:	4805      	ldr	r0, [pc, #20]	; (100010a0 <add_alarm_under_lock+0x150>)
1000108a:	f001 f9e5 	bl	10002458 <__assert_func>
1000108e:	6828      	ldr	r0, [r5, #0]
10001090:	0021      	movs	r1, r4
10001092:	f000 ff17 	bl	10001ec4 <ph_remove_and_free_node>
10001096:	e7e2      	b.n	1000105e <add_alarm_under_lock+0x10e>
10001098:	10007844 	.word	0x10007844
1000109c:	10007af8 	.word	0x10007af8
100010a0:	10007860 	.word	0x10007860
100010a4:	100078e4 	.word	0x100078e4
100010a8:	10007b04 	.word	0x10007b04
100010ac:	100077dc 	.word	0x100077dc
100010b0:	0fffffff 	.word	0x0fffffff
100010b4:	10007820 	.word	0x10007820
100010b8:	10007a8c 	.word	0x10007a8c
100010bc:	100077d8 	.word	0x100077d8
100010c0:	10007ae8 	.word	0x10007ae8

100010c4 <alarm_pool_alarm_callback>:
100010c4:	b5f0      	push	{r4, r5, r6, r7, lr}
100010c6:	46de      	mov	lr, fp
100010c8:	4657      	mov	r7, sl
100010ca:	464e      	mov	r6, r9
100010cc:	4645      	mov	r5, r8
100010ce:	b5e0      	push	{r5, r6, r7, lr}
100010d0:	b08b      	sub	sp, #44	; 0x2c
100010d2:	9009      	str	r0, [sp, #36]	; 0x24
100010d4:	2300      	movs	r3, #0
100010d6:	9308      	str	r3, [sp, #32]
100010d8:	0082      	lsls	r2, r0, #2
100010da:	4bb5      	ldr	r3, [pc, #724]	; (100013b0 <alarm_pool_alarm_callback+0x2ec>)
100010dc:	58d6      	ldr	r6, [r2, r3]
100010de:	0037      	movs	r7, r6
100010e0:	e052      	b.n	10001188 <alarm_pool_alarm_callback+0xc4>
100010e2:	4bb4      	ldr	r3, [pc, #720]	; (100013b4 <alarm_pool_alarm_callback+0x2f0>)
100010e4:	4ab4      	ldr	r2, [pc, #720]	; (100013b8 <alarm_pool_alarm_callback+0x2f4>)
100010e6:	213f      	movs	r1, #63	; 0x3f
100010e8:	48b4      	ldr	r0, [pc, #720]	; (100013bc <alarm_pool_alarm_callback+0x2f8>)
100010ea:	f001 f9b5 	bl	10002458 <__assert_func>
100010ee:	4bb4      	ldr	r3, [pc, #720]	; (100013c0 <alarm_pool_alarm_callback+0x2fc>)
100010f0:	4ab4      	ldr	r2, [pc, #720]	; (100013c4 <alarm_pool_alarm_callback+0x300>)
100010f2:	213c      	movs	r1, #60	; 0x3c
100010f4:	48b4      	ldr	r0, [pc, #720]	; (100013c8 <alarm_pool_alarm_callback+0x304>)
100010f6:	f001 f9af 	bl	10002458 <__assert_func>
100010fa:	2900      	cmp	r1, #0
100010fc:	d101      	bne.n	10001102 <alarm_pool_alarm_callback+0x3e>
100010fe:	2800      	cmp	r0, #0
10001100:	d169      	bne.n	100011d6 <alarm_pool_alarm_callback+0x112>
10001102:	2100      	movs	r1, #0
10001104:	4640      	mov	r0, r8
10001106:	f000 fed3 	bl	10001eb0 <ph_remove_head>
1000110a:	42a0      	cmp	r0, r4
1000110c:	d119      	bne.n	10001142 <alarm_pool_alarm_callback+0x7e>
1000110e:	682a      	ldr	r2, [r5, #0]
10001110:	686b      	ldr	r3, [r5, #4]
10001112:	9206      	str	r2, [sp, #24]
10001114:	9307      	str	r3, [sp, #28]
10001116:	68ab      	ldr	r3, [r5, #8]
10001118:	4698      	mov	r8, r3
1000111a:	68eb      	ldr	r3, [r5, #12]
1000111c:	469a      	mov	sl, r3
1000111e:	4643      	mov	r3, r8
10001120:	2b00      	cmp	r3, #0
10001122:	d014      	beq.n	1000114e <alarm_pool_alarm_callback+0x8a>
10001124:	2c00      	cmp	r4, #0
10001126:	d018      	beq.n	1000115a <alarm_pool_alarm_callback+0x96>
10001128:	683b      	ldr	r3, [r7, #0]
1000112a:	7b1b      	ldrb	r3, [r3, #12]
1000112c:	429c      	cmp	r4, r3
1000112e:	d814      	bhi.n	1000115a <alarm_pool_alarm_callback+0x96>
10001130:	1e63      	subs	r3, r4, #1
10001132:	68fa      	ldr	r2, [r7, #12]
10001134:	5cd3      	ldrb	r3, [r2, r3]
10001136:	9308      	str	r3, [sp, #32]
10001138:	021b      	lsls	r3, r3, #8
1000113a:	4318      	orrs	r0, r3
1000113c:	6138      	str	r0, [r7, #16]
1000113e:	2000      	movs	r0, #0
10001140:	e015      	b.n	1000116e <alarm_pool_alarm_callback+0xaa>
10001142:	4ba2      	ldr	r3, [pc, #648]	; (100013cc <alarm_pool_alarm_callback+0x308>)
10001144:	4aa2      	ldr	r2, [pc, #648]	; (100013d0 <alarm_pool_alarm_callback+0x30c>)
10001146:	218e      	movs	r1, #142	; 0x8e
10001148:	489f      	ldr	r0, [pc, #636]	; (100013c8 <alarm_pool_alarm_callback+0x304>)
1000114a:	f001 f985 	bl	10002458 <__assert_func>
1000114e:	4ba1      	ldr	r3, [pc, #644]	; (100013d4 <alarm_pool_alarm_callback+0x310>)
10001150:	4a9f      	ldr	r2, [pc, #636]	; (100013d0 <alarm_pool_alarm_callback+0x30c>)
10001152:	2192      	movs	r1, #146	; 0x92
10001154:	489c      	ldr	r0, [pc, #624]	; (100013c8 <alarm_pool_alarm_callback+0x304>)
10001156:	f001 f97f 	bl	10002458 <__assert_func>
1000115a:	4b99      	ldr	r3, [pc, #612]	; (100013c0 <alarm_pool_alarm_callback+0x2fc>)
1000115c:	4a9e      	ldr	r2, [pc, #632]	; (100013d8 <alarm_pool_alarm_callback+0x314>)
1000115e:	2141      	movs	r1, #65	; 0x41
10001160:	4899      	ldr	r0, [pc, #612]	; (100013c8 <alarm_pool_alarm_callback+0x304>)
10001162:	f001 f979 	bl	10002458 <__assert_func>
10001166:	2300      	movs	r3, #0
10001168:	469a      	mov	sl, r3
1000116a:	4698      	mov	r8, r3
1000116c:	2000      	movs	r0, #0
1000116e:	687b      	ldr	r3, [r7, #4]
10001170:	f3bf 8f5f 	dmb	sy
10001174:	2200      	movs	r2, #0
10001176:	601a      	str	r2, [r3, #0]
10001178:	f386 8810 	msr	PRIMASK, r6
1000117c:	4643      	mov	r3, r8
1000117e:	2b00      	cmp	r3, #0
10001180:	d132      	bne.n	100011e8 <alarm_pool_alarm_callback+0x124>
10001182:	2800      	cmp	r0, #0
10001184:	d100      	bne.n	10001188 <alarm_pool_alarm_callback+0xc4>
10001186:	e10c      	b.n	100013a2 <alarm_pool_alarm_callback+0x2de>
10001188:	f000 fbfc 	bl	10001984 <time_us_64>
1000118c:	0002      	movs	r2, r0
1000118e:	1e0b      	subs	r3, r1, #0
10001190:	dba7      	blt.n	100010e2 <alarm_pool_alarm_callback+0x1e>
10001192:	2000      	movs	r0, #0
10001194:	2100      	movs	r1, #0
10001196:	9006      	str	r0, [sp, #24]
10001198:	9107      	str	r1, [sp, #28]
1000119a:	6878      	ldr	r0, [r7, #4]
1000119c:	f3ef 8610 	mrs	r6, PRIMASK
100011a0:	b672      	cpsid	i
100011a2:	6801      	ldr	r1, [r0, #0]
100011a4:	2900      	cmp	r1, #0
100011a6:	d0fc      	beq.n	100011a2 <alarm_pool_alarm_callback+0xde>
100011a8:	f3bf 8f5f 	dmb	sy
100011ac:	6839      	ldr	r1, [r7, #0]
100011ae:	4688      	mov	r8, r1
100011b0:	7b4c      	ldrb	r4, [r1, #13]
100011b2:	2c00      	cmp	r4, #0
100011b4:	d0d7      	beq.n	10001166 <alarm_pool_alarm_callback+0xa2>
100011b6:	d09a      	beq.n	100010ee <alarm_pool_alarm_callback+0x2a>
100011b8:	7b09      	ldrb	r1, [r1, #12]
100011ba:	428c      	cmp	r4, r1
100011bc:	d897      	bhi.n	100010ee <alarm_pool_alarm_callback+0x2a>
100011be:	4987      	ldr	r1, [pc, #540]	; (100013dc <alarm_pool_alarm_callback+0x318>)
100011c0:	1865      	adds	r5, r4, r1
100011c2:	012d      	lsls	r5, r5, #4
100011c4:	68b9      	ldr	r1, [r7, #8]
100011c6:	468c      	mov	ip, r1
100011c8:	4465      	add	r5, ip
100011ca:	6828      	ldr	r0, [r5, #0]
100011cc:	6869      	ldr	r1, [r5, #4]
100011ce:	1a80      	subs	r0, r0, r2
100011d0:	4199      	sbcs	r1, r3
100011d2:	2900      	cmp	r1, #0
100011d4:	dd91      	ble.n	100010fa <alarm_pool_alarm_callback+0x36>
100011d6:	682a      	ldr	r2, [r5, #0]
100011d8:	686b      	ldr	r3, [r5, #4]
100011da:	9809      	ldr	r0, [sp, #36]	; 0x24
100011dc:	f000 fc3a 	bl	10001a54 <hardware_alarm_set_target>
100011e0:	2300      	movs	r3, #0
100011e2:	469a      	mov	sl, r3
100011e4:	4698      	mov	r8, r3
100011e6:	e7c2      	b.n	1000116e <alarm_pool_alarm_callback+0xaa>
100011e8:	9b08      	ldr	r3, [sp, #32]
100011ea:	021b      	lsls	r3, r3, #8
100011ec:	4323      	orrs	r3, r4
100011ee:	4699      	mov	r9, r3
100011f0:	4651      	mov	r1, sl
100011f2:	0018      	movs	r0, r3
100011f4:	47c0      	blx	r8
100011f6:	0005      	movs	r5, r0
100011f8:	000e      	movs	r6, r1
100011fa:	687a      	ldr	r2, [r7, #4]
100011fc:	f3ef 8b10 	mrs	fp, PRIMASK
10001200:	b672      	cpsid	i
10001202:	6813      	ldr	r3, [r2, #0]
10001204:	4259      	negs	r1, r3
10001206:	414b      	adcs	r3, r1
10001208:	b2d9      	uxtb	r1, r3
1000120a:	2b00      	cmp	r3, #0
1000120c:	d1f9      	bne.n	10001202 <alarm_pool_alarm_callback+0x13e>
1000120e:	f3bf 8f5f 	dmb	sy
10001212:	2e00      	cmp	r6, #0
10001214:	db1e      	blt.n	10001254 <alarm_pool_alarm_callback+0x190>
10001216:	2e00      	cmp	r6, #0
10001218:	dd46      	ble.n	100012a8 <alarm_pool_alarm_callback+0x1e4>
1000121a:	693b      	ldr	r3, [r7, #16]
1000121c:	2b00      	cmp	r3, #0
1000121e:	d047      	beq.n	100012b0 <alarm_pool_alarm_callback+0x1ec>
10001220:	454b      	cmp	r3, r9
10001222:	d16d      	bne.n	10001300 <alarm_pool_alarm_callback+0x23c>
10001224:	f000 fbae 	bl	10001984 <time_us_64>
10001228:	0002      	movs	r2, r0
1000122a:	1e0b      	subs	r3, r1, #0
1000122c:	db6e      	blt.n	1000130c <alarm_pool_alarm_callback+0x248>
1000122e:	1952      	adds	r2, r2, r5
10001230:	4173      	adcs	r3, r6
10001232:	2b00      	cmp	r3, #0
10001234:	db70      	blt.n	10001318 <alarm_pool_alarm_callback+0x254>
10001236:	2b00      	cmp	r3, #0
10001238:	db72      	blt.n	10001320 <alarm_pool_alarm_callback+0x25c>
1000123a:	2100      	movs	r1, #0
1000123c:	9104      	str	r1, [sp, #16]
1000123e:	3101      	adds	r1, #1
10001240:	9103      	str	r1, [sp, #12]
10001242:	9402      	str	r4, [sp, #8]
10001244:	4651      	mov	r1, sl
10001246:	9101      	str	r1, [sp, #4]
10001248:	4641      	mov	r1, r8
1000124a:	9100      	str	r1, [sp, #0]
1000124c:	0038      	movs	r0, r7
1000124e:	f7ff fe7f 	bl	10000f50 <add_alarm_under_lock>
10001252:	e04c      	b.n	100012ee <alarm_pool_alarm_callback+0x22a>
10001254:	693b      	ldr	r3, [r7, #16]
10001256:	2b00      	cmp	r3, #0
10001258:	d0dd      	beq.n	10001216 <alarm_pool_alarm_callback+0x152>
1000125a:	454b      	cmp	r3, r9
1000125c:	d114      	bne.n	10001288 <alarm_pool_alarm_callback+0x1c4>
1000125e:	9a06      	ldr	r2, [sp, #24]
10001260:	9b07      	ldr	r3, [sp, #28]
10001262:	1b52      	subs	r2, r2, r5
10001264:	41b3      	sbcs	r3, r6
10001266:	2b00      	cmp	r3, #0
10001268:	db14      	blt.n	10001294 <alarm_pool_alarm_callback+0x1d0>
1000126a:	2b00      	cmp	r3, #0
1000126c:	db16      	blt.n	1000129c <alarm_pool_alarm_callback+0x1d8>
1000126e:	2100      	movs	r1, #0
10001270:	9104      	str	r1, [sp, #16]
10001272:	3101      	adds	r1, #1
10001274:	9103      	str	r1, [sp, #12]
10001276:	9402      	str	r4, [sp, #8]
10001278:	4651      	mov	r1, sl
1000127a:	9101      	str	r1, [sp, #4]
1000127c:	4641      	mov	r1, r8
1000127e:	9100      	str	r1, [sp, #0]
10001280:	0038      	movs	r0, r7
10001282:	f7ff fe65 	bl	10000f50 <add_alarm_under_lock>
10001286:	e032      	b.n	100012ee <alarm_pool_alarm_callback+0x22a>
10001288:	4b55      	ldr	r3, [pc, #340]	; (100013e0 <alarm_pool_alarm_callback+0x31c>)
1000128a:	4a51      	ldr	r2, [pc, #324]	; (100013d0 <alarm_pool_alarm_callback+0x30c>)
1000128c:	21a1      	movs	r1, #161	; 0xa1
1000128e:	484e      	ldr	r0, [pc, #312]	; (100013c8 <alarm_pool_alarm_callback+0x304>)
10001290:	f001 f8e2 	bl	10002458 <__assert_func>
10001294:	2201      	movs	r2, #1
10001296:	4252      	negs	r2, r2
10001298:	4b52      	ldr	r3, [pc, #328]	; (100013e4 <alarm_pool_alarm_callback+0x320>)
1000129a:	e7e6      	b.n	1000126a <alarm_pool_alarm_callback+0x1a6>
1000129c:	4b45      	ldr	r3, [pc, #276]	; (100013b4 <alarm_pool_alarm_callback+0x2f0>)
1000129e:	4a46      	ldr	r2, [pc, #280]	; (100013b8 <alarm_pool_alarm_callback+0x2f4>)
100012a0:	213f      	movs	r1, #63	; 0x3f
100012a2:	4846      	ldr	r0, [pc, #280]	; (100013bc <alarm_pool_alarm_callback+0x2f8>)
100012a4:	f001 f8d8 	bl	10002458 <__assert_func>
100012a8:	2e00      	cmp	r6, #0
100012aa:	d101      	bne.n	100012b0 <alarm_pool_alarm_callback+0x1ec>
100012ac:	2d00      	cmp	r5, #0
100012ae:	d1b4      	bne.n	1000121a <alarm_pool_alarm_callback+0x156>
100012b0:	683b      	ldr	r3, [r7, #0]
100012b2:	2c00      	cmp	r4, #0
100012b4:	d050      	beq.n	10001358 <alarm_pool_alarm_callback+0x294>
100012b6:	7b5a      	ldrb	r2, [r3, #13]
100012b8:	4294      	cmp	r4, r2
100012ba:	d137      	bne.n	1000132c <alarm_pool_alarm_callback+0x268>
100012bc:	2101      	movs	r1, #1
100012be:	2900      	cmp	r1, #0
100012c0:	d14a      	bne.n	10001358 <alarm_pool_alarm_callback+0x294>
100012c2:	7bda      	ldrb	r2, [r3, #15]
100012c4:	2a00      	cmp	r2, #0
100012c6:	d14d      	bne.n	10001364 <alarm_pool_alarm_callback+0x2a0>
100012c8:	7b9a      	ldrb	r2, [r3, #14]
100012ca:	2a00      	cmp	r2, #0
100012cc:	d103      	bne.n	100012d6 <alarm_pool_alarm_callback+0x212>
100012ce:	7bda      	ldrb	r2, [r3, #15]
100012d0:	2a00      	cmp	r2, #0
100012d2:	d15a      	bne.n	1000138a <alarm_pool_alarm_callback+0x2c6>
100012d4:	739c      	strb	r4, [r3, #14]
100012d6:	73dc      	strb	r4, [r3, #15]
100012d8:	2c00      	cmp	r4, #0
100012da:	d05c      	beq.n	10001396 <alarm_pool_alarm_callback+0x2d2>
100012dc:	683b      	ldr	r3, [r7, #0]
100012de:	7b1b      	ldrb	r3, [r3, #12]
100012e0:	429c      	cmp	r4, r3
100012e2:	d858      	bhi.n	10001396 <alarm_pool_alarm_callback+0x2d2>
100012e4:	68fa      	ldr	r2, [r7, #12]
100012e6:	3c01      	subs	r4, #1
100012e8:	5d13      	ldrb	r3, [r2, r4]
100012ea:	3301      	adds	r3, #1
100012ec:	5513      	strb	r3, [r2, r4]
100012ee:	2300      	movs	r3, #0
100012f0:	613b      	str	r3, [r7, #16]
100012f2:	687a      	ldr	r2, [r7, #4]
100012f4:	f3bf 8f5f 	dmb	sy
100012f8:	6013      	str	r3, [r2, #0]
100012fa:	f38b 8810 	msr	PRIMASK, fp
100012fe:	e743      	b.n	10001188 <alarm_pool_alarm_callback+0xc4>
10001300:	4b37      	ldr	r3, [pc, #220]	; (100013e0 <alarm_pool_alarm_callback+0x31c>)
10001302:	4a33      	ldr	r2, [pc, #204]	; (100013d0 <alarm_pool_alarm_callback+0x30c>)
10001304:	21a4      	movs	r1, #164	; 0xa4
10001306:	4830      	ldr	r0, [pc, #192]	; (100013c8 <alarm_pool_alarm_callback+0x304>)
10001308:	f001 f8a6 	bl	10002458 <__assert_func>
1000130c:	4b29      	ldr	r3, [pc, #164]	; (100013b4 <alarm_pool_alarm_callback+0x2f0>)
1000130e:	4a2a      	ldr	r2, [pc, #168]	; (100013b8 <alarm_pool_alarm_callback+0x2f4>)
10001310:	213f      	movs	r1, #63	; 0x3f
10001312:	482a      	ldr	r0, [pc, #168]	; (100013bc <alarm_pool_alarm_callback+0x2f8>)
10001314:	f001 f8a0 	bl	10002458 <__assert_func>
10001318:	2201      	movs	r2, #1
1000131a:	4252      	negs	r2, r2
1000131c:	4b31      	ldr	r3, [pc, #196]	; (100013e4 <alarm_pool_alarm_callback+0x320>)
1000131e:	e78a      	b.n	10001236 <alarm_pool_alarm_callback+0x172>
10001320:	4b24      	ldr	r3, [pc, #144]	; (100013b4 <alarm_pool_alarm_callback+0x2f0>)
10001322:	4a25      	ldr	r2, [pc, #148]	; (100013b8 <alarm_pool_alarm_callback+0x2f4>)
10001324:	213f      	movs	r1, #63	; 0x3f
10001326:	4825      	ldr	r0, [pc, #148]	; (100013bc <alarm_pool_alarm_callback+0x2f8>)
10001328:	f001 f896 	bl	10002458 <__assert_func>
1000132c:	2c00      	cmp	r4, #0
1000132e:	d00d      	beq.n	1000134c <alarm_pool_alarm_callback+0x288>
10001330:	7b1a      	ldrb	r2, [r3, #12]
10001332:	4294      	cmp	r4, r2
10001334:	d80a      	bhi.n	1000134c <alarm_pool_alarm_callback+0x288>
10001336:	0062      	lsls	r2, r4, #1
10001338:	1912      	adds	r2, r2, r4
1000133a:	3a03      	subs	r2, #3
1000133c:	6818      	ldr	r0, [r3, #0]
1000133e:	4684      	mov	ip, r0
10001340:	4462      	add	r2, ip
10001342:	7892      	ldrb	r2, [r2, #2]
10001344:	2a00      	cmp	r2, #0
10001346:	d0ba      	beq.n	100012be <alarm_pool_alarm_callback+0x1fa>
10001348:	2101      	movs	r1, #1
1000134a:	e7b8      	b.n	100012be <alarm_pool_alarm_callback+0x1fa>
1000134c:	4b26      	ldr	r3, [pc, #152]	; (100013e8 <alarm_pool_alarm_callback+0x324>)
1000134e:	4a27      	ldr	r2, [pc, #156]	; (100013ec <alarm_pool_alarm_callback+0x328>)
10001350:	2168      	movs	r1, #104	; 0x68
10001352:	4827      	ldr	r0, [pc, #156]	; (100013f0 <alarm_pool_alarm_callback+0x32c>)
10001354:	f001 f880 	bl	10002458 <__assert_func>
10001358:	4b26      	ldr	r3, [pc, #152]	; (100013f4 <alarm_pool_alarm_callback+0x330>)
1000135a:	4a27      	ldr	r2, [pc, #156]	; (100013f8 <alarm_pool_alarm_callback+0x334>)
1000135c:	21f6      	movs	r1, #246	; 0xf6
1000135e:	4824      	ldr	r0, [pc, #144]	; (100013f0 <alarm_pool_alarm_callback+0x32c>)
10001360:	f001 f87a 	bl	10002458 <__assert_func>
10001364:	2a00      	cmp	r2, #0
10001366:	d00a      	beq.n	1000137e <alarm_pool_alarm_callback+0x2ba>
10001368:	7b19      	ldrb	r1, [r3, #12]
1000136a:	428a      	cmp	r2, r1
1000136c:	d807      	bhi.n	1000137e <alarm_pool_alarm_callback+0x2ba>
1000136e:	0051      	lsls	r1, r2, #1
10001370:	188a      	adds	r2, r1, r2
10001372:	3a03      	subs	r2, #3
10001374:	6819      	ldr	r1, [r3, #0]
10001376:	468c      	mov	ip, r1
10001378:	4462      	add	r2, ip
1000137a:	7054      	strb	r4, [r2, #1]
1000137c:	e7a4      	b.n	100012c8 <alarm_pool_alarm_callback+0x204>
1000137e:	4b1a      	ldr	r3, [pc, #104]	; (100013e8 <alarm_pool_alarm_callback+0x324>)
10001380:	4a1a      	ldr	r2, [pc, #104]	; (100013ec <alarm_pool_alarm_callback+0x328>)
10001382:	2168      	movs	r1, #104	; 0x68
10001384:	481a      	ldr	r0, [pc, #104]	; (100013f0 <alarm_pool_alarm_callback+0x32c>)
10001386:	f001 f867 	bl	10002458 <__assert_func>
1000138a:	4b1c      	ldr	r3, [pc, #112]	; (100013fc <alarm_pool_alarm_callback+0x338>)
1000138c:	4a1a      	ldr	r2, [pc, #104]	; (100013f8 <alarm_pool_alarm_callback+0x334>)
1000138e:	21fb      	movs	r1, #251	; 0xfb
10001390:	4817      	ldr	r0, [pc, #92]	; (100013f0 <alarm_pool_alarm_callback+0x32c>)
10001392:	f001 f861 	bl	10002458 <__assert_func>
10001396:	4b0a      	ldr	r3, [pc, #40]	; (100013c0 <alarm_pool_alarm_callback+0x2fc>)
10001398:	4a0f      	ldr	r2, [pc, #60]	; (100013d8 <alarm_pool_alarm_callback+0x314>)
1000139a:	2141      	movs	r1, #65	; 0x41
1000139c:	480a      	ldr	r0, [pc, #40]	; (100013c8 <alarm_pool_alarm_callback+0x304>)
1000139e:	f001 f85b 	bl	10002458 <__assert_func>
100013a2:	b00b      	add	sp, #44	; 0x2c
100013a4:	bcf0      	pop	{r4, r5, r6, r7}
100013a6:	46bb      	mov	fp, r7
100013a8:	46b2      	mov	sl, r6
100013aa:	46a9      	mov	r9, r5
100013ac:	46a0      	mov	r8, r4
100013ae:	bdf0      	pop	{r4, r5, r6, r7, pc}
100013b0:	200017d8 	.word	0x200017d8
100013b4:	100076e8 	.word	0x100076e8
100013b8:	10007a58 	.word	0x10007a58
100013bc:	10007704 	.word	0x10007704
100013c0:	10007820 	.word	0x10007820
100013c4:	10007a8c 	.word	0x10007a8c
100013c8:	100077dc 	.word	0x100077dc
100013cc:	1000790c 	.word	0x1000790c
100013d0:	10007a70 	.word	0x10007a70
100013d4:	10007924 	.word	0x10007924
100013d8:	10007ab0 	.word	0x10007ab0
100013dc:	0fffffff 	.word	0x0fffffff
100013e0:	10007930 	.word	0x10007930
100013e4:	7fffffff 	.word	0x7fffffff
100013e8:	10007844 	.word	0x10007844
100013ec:	10007af8 	.word	0x10007af8
100013f0:	10007860 	.word	0x10007860
100013f4:	1000796c 	.word	0x1000796c
100013f8:	10007ac4 	.word	0x10007ac4
100013fc:	10007990 	.word	0x10007990

10001400 <alarm_pool_init_default>:
10001400:	b510      	push	{r4, lr}
10001402:	4b0c      	ldr	r3, [pc, #48]	; (10001434 <alarm_pool_init_default+0x34>)
10001404:	685b      	ldr	r3, [r3, #4]
10001406:	2b00      	cmp	r3, #0
10001408:	d004      	beq.n	10001414 <alarm_pool_init_default+0x14>
1000140a:	210a      	movs	r1, #10
1000140c:	480a      	ldr	r0, [pc, #40]	; (10001438 <alarm_pool_init_default+0x38>)
1000140e:	f7ff fc7f 	bl	10000d10 <lock_init>
10001412:	bd10      	pop	{r4, pc}
10001414:	4c07      	ldr	r4, [pc, #28]	; (10001434 <alarm_pool_init_default+0x34>)
10001416:	0023      	movs	r3, r4
10001418:	4a08      	ldr	r2, [pc, #32]	; (1000143c <alarm_pool_init_default+0x3c>)
1000141a:	2110      	movs	r1, #16
1000141c:	6820      	ldr	r0, [r4, #0]
1000141e:	f000 fc57 	bl	10001cd0 <ph_post_alloc_init>
10001422:	2003      	movs	r0, #3
10001424:	f000 faa2 	bl	1000196c <hardware_alarm_claim>
10001428:	2103      	movs	r1, #3
1000142a:	0020      	movs	r0, r4
1000142c:	f7ff fca8 	bl	10000d80 <alarm_pool_post_alloc_init>
10001430:	e7eb      	b.n	1000140a <alarm_pool_init_default+0xa>
10001432:	46c0      	nop			; (mov r8, r8)
10001434:	20000bec 	.word	0x20000bec
10001438:	200019f4 	.word	0x200019f4
1000143c:	10000df1 	.word	0x10000df1

10001440 <alarm_pool_get_default>:
10001440:	b510      	push	{r4, lr}
10001442:	4b06      	ldr	r3, [pc, #24]	; (1000145c <alarm_pool_get_default+0x1c>)
10001444:	685b      	ldr	r3, [r3, #4]
10001446:	2b00      	cmp	r3, #0
10001448:	d001      	beq.n	1000144e <alarm_pool_get_default+0xe>
1000144a:	4804      	ldr	r0, [pc, #16]	; (1000145c <alarm_pool_get_default+0x1c>)
1000144c:	bd10      	pop	{r4, pc}
1000144e:	4b04      	ldr	r3, [pc, #16]	; (10001460 <alarm_pool_get_default+0x20>)
10001450:	4a04      	ldr	r2, [pc, #16]	; (10001464 <alarm_pool_get_default+0x24>)
10001452:	215e      	movs	r1, #94	; 0x5e
10001454:	4804      	ldr	r0, [pc, #16]	; (10001468 <alarm_pool_get_default+0x28>)
10001456:	f000 ffff 	bl	10002458 <__assert_func>
1000145a:	46c0      	nop			; (mov r8, r8)
1000145c:	20000bec 	.word	0x20000bec
10001460:	100079a4 	.word	0x100079a4
10001464:	10007a98 	.word	0x10007a98
10001468:	100077dc 	.word	0x100077dc

1000146c <alarm_pool_add_alarm_at>:
1000146c:	b5f0      	push	{r4, r5, r6, r7, lr}
1000146e:	46de      	mov	lr, fp
10001470:	4657      	mov	r7, sl
10001472:	464e      	mov	r6, r9
10001474:	4645      	mov	r5, r8
10001476:	b5e0      	push	{r5, r6, r7, lr}
10001478:	b08b      	sub	sp, #44	; 0x2c
1000147a:	4680      	mov	r8, r0
1000147c:	0016      	movs	r6, r2
1000147e:	001f      	movs	r7, r3
10001480:	9b14      	ldr	r3, [sp, #80]	; 0x50
10001482:	469a      	mov	sl, r3
10001484:	9b15      	ldr	r3, [sp, #84]	; 0x54
10001486:	4699      	mov	r9, r3
10001488:	ab16      	add	r3, sp, #88	; 0x58
1000148a:	781b      	ldrb	r3, [r3, #0]
1000148c:	469b      	mov	fp, r3
1000148e:	231f      	movs	r3, #31
10001490:	aa02      	add	r2, sp, #8
10001492:	4694      	mov	ip, r2
10001494:	4463      	add	r3, ip
10001496:	2200      	movs	r2, #0
10001498:	701a      	strb	r2, [r3, #0]
1000149a:	e02b      	b.n	100014f4 <alarm_pool_add_alarm_at+0x88>
1000149c:	2800      	cmp	r0, #0
1000149e:	d009      	beq.n	100014b4 <alarm_pool_add_alarm_at+0x48>
100014a0:	4642      	mov	r2, r8
100014a2:	6812      	ldr	r2, [r2, #0]
100014a4:	7b12      	ldrb	r2, [r2, #12]
100014a6:	4290      	cmp	r0, r2
100014a8:	d804      	bhi.n	100014b4 <alarm_pool_add_alarm_at+0x48>
100014aa:	1e42      	subs	r2, r0, #1
100014ac:	4641      	mov	r1, r8
100014ae:	68c9      	ldr	r1, [r1, #12]
100014b0:	5c8a      	ldrb	r2, [r1, r2]
100014b2:	e041      	b.n	10001538 <alarm_pool_add_alarm_at+0xcc>
100014b4:	4b40      	ldr	r3, [pc, #256]	; (100015b8 <alarm_pool_add_alarm_at+0x14c>)
100014b6:	4a41      	ldr	r2, [pc, #260]	; (100015bc <alarm_pool_add_alarm_at+0x150>)
100014b8:	2141      	movs	r1, #65	; 0x41
100014ba:	4841      	ldr	r0, [pc, #260]	; (100015c0 <alarm_pool_add_alarm_at+0x154>)
100014bc:	f000 ffcc 	bl	10002458 <__assert_func>
100014c0:	9807      	ldr	r0, [sp, #28]
100014c2:	e04c      	b.n	1000155e <alarm_pool_add_alarm_at+0xf2>
100014c4:	1b36      	subs	r6, r6, r4
100014c6:	41af      	sbcs	r7, r5
100014c8:	2f00      	cmp	r7, #0
100014ca:	db07      	blt.n	100014dc <alarm_pool_add_alarm_at+0x70>
100014cc:	2f00      	cmp	r7, #0
100014ce:	da11      	bge.n	100014f4 <alarm_pool_add_alarm_at+0x88>
100014d0:	4b3c      	ldr	r3, [pc, #240]	; (100015c4 <alarm_pool_add_alarm_at+0x158>)
100014d2:	4a3d      	ldr	r2, [pc, #244]	; (100015c8 <alarm_pool_add_alarm_at+0x15c>)
100014d4:	213f      	movs	r1, #63	; 0x3f
100014d6:	483d      	ldr	r0, [pc, #244]	; (100015cc <alarm_pool_add_alarm_at+0x160>)
100014d8:	f000 ffbe 	bl	10002458 <__assert_func>
100014dc:	2601      	movs	r6, #1
100014de:	4276      	negs	r6, r6
100014e0:	4f3b      	ldr	r7, [pc, #236]	; (100015d0 <alarm_pool_add_alarm_at+0x164>)
100014e2:	e7f3      	b.n	100014cc <alarm_pool_add_alarm_at+0x60>
100014e4:	4b37      	ldr	r3, [pc, #220]	; (100015c4 <alarm_pool_add_alarm_at+0x158>)
100014e6:	4a38      	ldr	r2, [pc, #224]	; (100015c8 <alarm_pool_add_alarm_at+0x15c>)
100014e8:	213f      	movs	r1, #63	; 0x3f
100014ea:	4838      	ldr	r0, [pc, #224]	; (100015cc <alarm_pool_add_alarm_at+0x160>)
100014ec:	f000 ffb4 	bl	10002458 <__assert_func>
100014f0:	2f00      	cmp	r7, #0
100014f2:	db4f      	blt.n	10001594 <alarm_pool_add_alarm_at+0x128>
100014f4:	4643      	mov	r3, r8
100014f6:	685a      	ldr	r2, [r3, #4]
100014f8:	f3ef 8410 	mrs	r4, PRIMASK
100014fc:	b672      	cpsid	i
100014fe:	6813      	ldr	r3, [r2, #0]
10001500:	4259      	negs	r1, r3
10001502:	414b      	adcs	r3, r1
10001504:	b2d9      	uxtb	r1, r3
10001506:	9107      	str	r1, [sp, #28]
10001508:	2b00      	cmp	r3, #0
1000150a:	d1f8      	bne.n	100014fe <alarm_pool_add_alarm_at+0x92>
1000150c:	f3bf 8f5f 	dmb	sy
10001510:	331f      	adds	r3, #31
10001512:	aa02      	add	r2, sp, #8
10001514:	4694      	mov	ip, r2
10001516:	4463      	add	r3, ip
10001518:	9304      	str	r3, [sp, #16]
1000151a:	2300      	movs	r3, #0
1000151c:	9303      	str	r3, [sp, #12]
1000151e:	9302      	str	r3, [sp, #8]
10001520:	464b      	mov	r3, r9
10001522:	9301      	str	r3, [sp, #4]
10001524:	4653      	mov	r3, sl
10001526:	9300      	str	r3, [sp, #0]
10001528:	0032      	movs	r2, r6
1000152a:	003b      	movs	r3, r7
1000152c:	4640      	mov	r0, r8
1000152e:	f7ff fd0f 	bl	10000f50 <add_alarm_under_lock>
10001532:	1e03      	subs	r3, r0, #0
10001534:	d1b2      	bne.n	1000149c <alarm_pool_add_alarm_at+0x30>
10001536:	0002      	movs	r2, r0
10001538:	4641      	mov	r1, r8
1000153a:	6849      	ldr	r1, [r1, #4]
1000153c:	f3bf 8f5f 	dmb	sy
10001540:	2500      	movs	r5, #0
10001542:	600d      	str	r5, [r1, #0]
10001544:	f384 8810 	msr	PRIMASK, r4
10001548:	2b00      	cmp	r3, #0
1000154a:	d029      	beq.n	100015a0 <alarm_pool_add_alarm_at+0x134>
1000154c:	231f      	movs	r3, #31
1000154e:	a902      	add	r1, sp, #8
10001550:	468c      	mov	ip, r1
10001552:	4463      	add	r3, ip
10001554:	781b      	ldrb	r3, [r3, #0]
10001556:	2b00      	cmp	r3, #0
10001558:	d1b2      	bne.n	100014c0 <alarm_pool_add_alarm_at+0x54>
1000155a:	0212      	lsls	r2, r2, #8
1000155c:	4310      	orrs	r0, r2
1000155e:	2b00      	cmp	r3, #0
10001560:	d020      	beq.n	100015a4 <alarm_pool_add_alarm_at+0x138>
10001562:	465b      	mov	r3, fp
10001564:	2b00      	cmp	r3, #0
10001566:	d01d      	beq.n	100015a4 <alarm_pool_add_alarm_at+0x138>
10001568:	4649      	mov	r1, r9
1000156a:	47d0      	blx	sl
1000156c:	0004      	movs	r4, r0
1000156e:	000d      	movs	r5, r1
10001570:	0003      	movs	r3, r0
10001572:	430b      	orrs	r3, r1
10001574:	d01d      	beq.n	100015b2 <alarm_pool_add_alarm_at+0x146>
10001576:	2900      	cmp	r1, #0
10001578:	dba4      	blt.n	100014c4 <alarm_pool_add_alarm_at+0x58>
1000157a:	f000 fa03 	bl	10001984 <time_us_64>
1000157e:	0006      	movs	r6, r0
10001580:	1e0f      	subs	r7, r1, #0
10001582:	dbaf      	blt.n	100014e4 <alarm_pool_add_alarm_at+0x78>
10001584:	1936      	adds	r6, r6, r4
10001586:	416f      	adcs	r7, r5
10001588:	2f00      	cmp	r7, #0
1000158a:	dab1      	bge.n	100014f0 <alarm_pool_add_alarm_at+0x84>
1000158c:	2601      	movs	r6, #1
1000158e:	4276      	negs	r6, r6
10001590:	4f0f      	ldr	r7, [pc, #60]	; (100015d0 <alarm_pool_add_alarm_at+0x164>)
10001592:	e7ad      	b.n	100014f0 <alarm_pool_add_alarm_at+0x84>
10001594:	4b0b      	ldr	r3, [pc, #44]	; (100015c4 <alarm_pool_add_alarm_at+0x158>)
10001596:	4a0c      	ldr	r2, [pc, #48]	; (100015c8 <alarm_pool_add_alarm_at+0x15c>)
10001598:	213f      	movs	r1, #63	; 0x3f
1000159a:	480c      	ldr	r0, [pc, #48]	; (100015cc <alarm_pool_add_alarm_at+0x160>)
1000159c:	f000 ff5c 	bl	10002458 <__assert_func>
100015a0:	2001      	movs	r0, #1
100015a2:	4240      	negs	r0, r0
100015a4:	b00b      	add	sp, #44	; 0x2c
100015a6:	bcf0      	pop	{r4, r5, r6, r7}
100015a8:	46bb      	mov	fp, r7
100015aa:	46b2      	mov	sl, r6
100015ac:	46a9      	mov	r9, r5
100015ae:	46a0      	mov	r8, r4
100015b0:	bdf0      	pop	{r4, r5, r6, r7, pc}
100015b2:	9807      	ldr	r0, [sp, #28]
100015b4:	e7f6      	b.n	100015a4 <alarm_pool_add_alarm_at+0x138>
100015b6:	46c0      	nop			; (mov r8, r8)
100015b8:	10007820 	.word	0x10007820
100015bc:	10007ab0 	.word	0x10007ab0
100015c0:	100077dc 	.word	0x100077dc
100015c4:	100076e8 	.word	0x100076e8
100015c8:	10007a58 	.word	0x10007a58
100015cc:	10007704 	.word	0x10007704
100015d0:	7fffffff 	.word	0x7fffffff

100015d4 <alarm_pool_cancel_alarm>:
100015d4:	b5f8      	push	{r3, r4, r5, r6, r7, lr}
100015d6:	0004      	movs	r4, r0
100015d8:	6842      	ldr	r2, [r0, #4]
100015da:	f3ef 8510 	mrs	r5, PRIMASK
100015de:	b672      	cpsid	i
100015e0:	6813      	ldr	r3, [r2, #0]
100015e2:	4258      	negs	r0, r3
100015e4:	4143      	adcs	r3, r0
100015e6:	b2d8      	uxtb	r0, r3
100015e8:	2b00      	cmp	r3, #0
100015ea:	d1f9      	bne.n	100015e0 <alarm_pool_cancel_alarm+0xc>
100015ec:	f3bf 8f5f 	dmb	sy
100015f0:	b2cb      	uxtb	r3, r1
100015f2:	6822      	ldr	r2, [r4, #0]
100015f4:	7b56      	ldrb	r6, [r2, #13]
100015f6:	42b3      	cmp	r3, r6
100015f8:	d11b      	bne.n	10001632 <alarm_pool_cancel_alarm+0x5e>
100015fa:	2001      	movs	r0, #1
100015fc:	2800      	cmp	r0, #0
100015fe:	d048      	beq.n	10001692 <alarm_pool_cancel_alarm+0xbe>
10001600:	6920      	ldr	r0, [r4, #16]
10001602:	4288      	cmp	r0, r1
10001604:	d02b      	beq.n	1000165e <alarm_pool_cancel_alarm+0x8a>
10001606:	0a09      	lsrs	r1, r1, #8
10001608:	b2c9      	uxtb	r1, r1
1000160a:	2b00      	cmp	r3, #0
1000160c:	d02e      	beq.n	1000166c <alarm_pool_cancel_alarm+0x98>
1000160e:	6820      	ldr	r0, [r4, #0]
10001610:	7b00      	ldrb	r0, [r0, #12]
10001612:	4283      	cmp	r3, r0
10001614:	d82a      	bhi.n	1000166c <alarm_pool_cancel_alarm+0x98>
10001616:	1e58      	subs	r0, r3, #1
10001618:	68e6      	ldr	r6, [r4, #12]
1000161a:	5c30      	ldrb	r0, [r6, r0]
1000161c:	4288      	cmp	r0, r1
1000161e:	d02b      	beq.n	10001678 <alarm_pool_cancel_alarm+0xa4>
10001620:	2000      	movs	r0, #0
10001622:	6863      	ldr	r3, [r4, #4]
10001624:	f3bf 8f5f 	dmb	sy
10001628:	2200      	movs	r2, #0
1000162a:	601a      	str	r2, [r3, #0]
1000162c:	f385 8810 	msr	PRIMASK, r5
10001630:	bdf8      	pop	{r3, r4, r5, r6, r7, pc}
10001632:	2b00      	cmp	r3, #0
10001634:	d00d      	beq.n	10001652 <alarm_pool_cancel_alarm+0x7e>
10001636:	7b16      	ldrb	r6, [r2, #12]
10001638:	42b3      	cmp	r3, r6
1000163a:	d80a      	bhi.n	10001652 <alarm_pool_cancel_alarm+0x7e>
1000163c:	005e      	lsls	r6, r3, #1
1000163e:	18f6      	adds	r6, r6, r3
10001640:	3e03      	subs	r6, #3
10001642:	6817      	ldr	r7, [r2, #0]
10001644:	46bc      	mov	ip, r7
10001646:	4466      	add	r6, ip
10001648:	78b6      	ldrb	r6, [r6, #2]
1000164a:	2e00      	cmp	r6, #0
1000164c:	d0d6      	beq.n	100015fc <alarm_pool_cancel_alarm+0x28>
1000164e:	2001      	movs	r0, #1
10001650:	e7d4      	b.n	100015fc <alarm_pool_cancel_alarm+0x28>
10001652:	4b13      	ldr	r3, [pc, #76]	; (100016a0 <alarm_pool_cancel_alarm+0xcc>)
10001654:	4a13      	ldr	r2, [pc, #76]	; (100016a4 <alarm_pool_cancel_alarm+0xd0>)
10001656:	2168      	movs	r1, #104	; 0x68
10001658:	4813      	ldr	r0, [pc, #76]	; (100016a8 <alarm_pool_cancel_alarm+0xd4>)
1000165a:	f000 fefd 	bl	10002458 <__assert_func>
1000165e:	2195      	movs	r1, #149	; 0x95
10001660:	4b12      	ldr	r3, [pc, #72]	; (100016ac <alarm_pool_cancel_alarm+0xd8>)
10001662:	4a13      	ldr	r2, [pc, #76]	; (100016b0 <alarm_pool_cancel_alarm+0xdc>)
10001664:	0049      	lsls	r1, r1, #1
10001666:	4813      	ldr	r0, [pc, #76]	; (100016b4 <alarm_pool_cancel_alarm+0xe0>)
10001668:	f000 fef6 	bl	10002458 <__assert_func>
1000166c:	4b12      	ldr	r3, [pc, #72]	; (100016b8 <alarm_pool_cancel_alarm+0xe4>)
1000166e:	4a13      	ldr	r2, [pc, #76]	; (100016bc <alarm_pool_cancel_alarm+0xe8>)
10001670:	2141      	movs	r1, #65	; 0x41
10001672:	4810      	ldr	r0, [pc, #64]	; (100016b4 <alarm_pool_cancel_alarm+0xe0>)
10001674:	f000 fef0 	bl	10002458 <__assert_func>
10001678:	0019      	movs	r1, r3
1000167a:	0010      	movs	r0, r2
1000167c:	f000 fc22 	bl	10001ec4 <ph_remove_and_free_node>
10001680:	2800      	cmp	r0, #0
10001682:	d1ce      	bne.n	10001622 <alarm_pool_cancel_alarm+0x4e>
10001684:	2132      	movs	r1, #50	; 0x32
10001686:	4b0e      	ldr	r3, [pc, #56]	; (100016c0 <alarm_pool_cancel_alarm+0xec>)
10001688:	4a09      	ldr	r2, [pc, #36]	; (100016b0 <alarm_pool_cancel_alarm+0xdc>)
1000168a:	31ff      	adds	r1, #255	; 0xff
1000168c:	4809      	ldr	r0, [pc, #36]	; (100016b4 <alarm_pool_cancel_alarm+0xe0>)
1000168e:	f000 fee3 	bl	10002458 <__assert_func>
10001692:	6923      	ldr	r3, [r4, #16]
10001694:	428b      	cmp	r3, r1
10001696:	d1c4      	bne.n	10001622 <alarm_pool_cancel_alarm+0x4e>
10001698:	2300      	movs	r3, #0
1000169a:	6123      	str	r3, [r4, #16]
1000169c:	e7c1      	b.n	10001622 <alarm_pool_cancel_alarm+0x4e>
1000169e:	46c0      	nop			; (mov r8, r8)
100016a0:	10007844 	.word	0x10007844
100016a4:	10007af8 	.word	0x10007af8
100016a8:	10007860 	.word	0x10007860
100016ac:	100079c8 	.word	0x100079c8
100016b0:	10007a40 	.word	0x10007a40
100016b4:	100077dc 	.word	0x100077dc
100016b8:	10007820 	.word	0x10007820
100016bc:	10007ab0 	.word	0x10007ab0
100016c0:	100079ec 	.word	0x100079ec

100016c4 <alarm_pool_core_num>:
100016c4:	7d40      	ldrb	r0, [r0, #21]
100016c6:	4770      	bx	lr

100016c8 <sleep_until>:
100016c8:	b5f0      	push	{r4, r5, r6, r7, lr}
100016ca:	b087      	sub	sp, #28
100016cc:	0006      	movs	r6, r0
100016ce:	000f      	movs	r7, r1
100016d0:	f3ef 8305 	mrs	r3, IPSR
100016d4:	2b00      	cmp	r3, #0
100016d6:	d11f      	bne.n	10001718 <sleep_until+0x50>
100016d8:	2406      	movs	r4, #6
100016da:	4264      	negs	r4, r4
100016dc:	17e5      	asrs	r5, r4, #31
100016de:	19a4      	adds	r4, r4, r6
100016e0:	417d      	adcs	r5, r7
100016e2:	428d      	cmp	r5, r1
100016e4:	d802      	bhi.n	100016ec <sleep_until+0x24>
100016e6:	d103      	bne.n	100016f0 <sleep_until+0x28>
100016e8:	4284      	cmp	r4, r0
100016ea:	d901      	bls.n	100016f0 <sleep_until+0x28>
100016ec:	2400      	movs	r4, #0
100016ee:	2500      	movs	r5, #0
100016f0:	2d00      	cmp	r5, #0
100016f2:	db14      	blt.n	1000171e <sleep_until+0x56>
100016f4:	9404      	str	r4, [sp, #16]
100016f6:	9505      	str	r5, [sp, #20]
100016f8:	f000 f944 	bl	10001984 <time_us_64>
100016fc:	0002      	movs	r2, r0
100016fe:	1e0b      	subs	r3, r1, #0
10001700:	db13      	blt.n	1000172a <sleep_until+0x62>
10001702:	1aa4      	subs	r4, r4, r2
10001704:	419d      	sbcs	r5, r3
10001706:	2d00      	cmp	r5, #0
10001708:	dc17      	bgt.n	1000173a <sleep_until+0x72>
1000170a:	d014      	beq.n	10001736 <sleep_until+0x6e>
1000170c:	0030      	movs	r0, r6
1000170e:	0039      	movs	r1, r7
10001710:	f000 f944 	bl	1000199c <busy_wait_until>
10001714:	b007      	add	sp, #28
10001716:	bdf0      	pop	{r4, r5, r6, r7, pc}
10001718:	4823      	ldr	r0, [pc, #140]	; (100017a8 <sleep_until+0xe0>)
1000171a:	f000 ff37 	bl	1000258c <panic>
1000171e:	4b23      	ldr	r3, [pc, #140]	; (100017ac <sleep_until+0xe4>)
10001720:	4a23      	ldr	r2, [pc, #140]	; (100017b0 <sleep_until+0xe8>)
10001722:	213f      	movs	r1, #63	; 0x3f
10001724:	4823      	ldr	r0, [pc, #140]	; (100017b4 <sleep_until+0xec>)
10001726:	f000 fe97 	bl	10002458 <__assert_func>
1000172a:	4b20      	ldr	r3, [pc, #128]	; (100017ac <sleep_until+0xe4>)
1000172c:	4a20      	ldr	r2, [pc, #128]	; (100017b0 <sleep_until+0xe8>)
1000172e:	213f      	movs	r1, #63	; 0x3f
10001730:	4820      	ldr	r0, [pc, #128]	; (100017b4 <sleep_until+0xec>)
10001732:	f000 fe91 	bl	10002458 <__assert_func>
10001736:	2c00      	cmp	r4, #0
10001738:	d0e8      	beq.n	1000170c <sleep_until+0x44>
1000173a:	f7ff fe81 	bl	10001440 <alarm_pool_get_default>
1000173e:	2300      	movs	r3, #0
10001740:	9302      	str	r3, [sp, #8]
10001742:	9301      	str	r3, [sp, #4]
10001744:	4b1c      	ldr	r3, [pc, #112]	; (100017b8 <sleep_until+0xf0>)
10001746:	9300      	str	r3, [sp, #0]
10001748:	9a04      	ldr	r2, [sp, #16]
1000174a:	9b05      	ldr	r3, [sp, #20]
1000174c:	f7ff fe8e 	bl	1000146c <alarm_pool_add_alarm_at>
10001750:	2800      	cmp	r0, #0
10001752:	da18      	bge.n	10001786 <sleep_until+0xbe>
10001754:	e7da      	b.n	1000170c <sleep_until+0x44>
10001756:	2300      	movs	r3, #0
10001758:	e000      	b.n	1000175c <sleep_until+0x94>
1000175a:	2300      	movs	r3, #0
1000175c:	2b00      	cmp	r3, #0
1000175e:	d1d5      	bne.n	1000170c <sleep_until+0x44>
10001760:	4b16      	ldr	r3, [pc, #88]	; (100017bc <sleep_until+0xf4>)
10001762:	681a      	ldr	r2, [r3, #0]
10001764:	f3ef 8110 	mrs	r1, PRIMASK
10001768:	b672      	cpsid	i
1000176a:	6813      	ldr	r3, [r2, #0]
1000176c:	2b00      	cmp	r3, #0
1000176e:	d0fc      	beq.n	1000176a <sleep_until+0xa2>
10001770:	f3bf 8f5f 	dmb	sy
10001774:	4b11      	ldr	r3, [pc, #68]	; (100017bc <sleep_until+0xf4>)
10001776:	681b      	ldr	r3, [r3, #0]
10001778:	f3bf 8f5f 	dmb	sy
1000177c:	2200      	movs	r2, #0
1000177e:	601a      	str	r2, [r3, #0]
10001780:	f381 8810 	msr	PRIMASK, r1
10001784:	bf20      	wfe
10001786:	9904      	ldr	r1, [sp, #16]
10001788:	9a05      	ldr	r2, [sp, #20]
1000178a:	4b0d      	ldr	r3, [pc, #52]	; (100017c0 <sleep_until+0xf8>)
1000178c:	6a5b      	ldr	r3, [r3, #36]	; 0x24
1000178e:	429a      	cmp	r2, r3
10001790:	d8e3      	bhi.n	1000175a <sleep_until+0x92>
10001792:	480b      	ldr	r0, [pc, #44]	; (100017c0 <sleep_until+0xf8>)
10001794:	6a80      	ldr	r0, [r0, #40]	; 0x28
10001796:	4288      	cmp	r0, r1
10001798:	d203      	bcs.n	100017a2 <sleep_until+0xda>
1000179a:	429a      	cmp	r2, r3
1000179c:	d0db      	beq.n	10001756 <sleep_until+0x8e>
1000179e:	2301      	movs	r3, #1
100017a0:	e7dc      	b.n	1000175c <sleep_until+0x94>
100017a2:	2301      	movs	r3, #1
100017a4:	e7da      	b.n	1000175c <sleep_until+0x94>
100017a6:	46c0      	nop			; (mov r8, r8)
100017a8:	100079f0 	.word	0x100079f0
100017ac:	100076e8 	.word	0x100076e8
100017b0:	10007a58 	.word	0x10007a58
100017b4:	10007704 	.word	0x10007704
100017b8:	10000dc1 	.word	0x10000dc1
100017bc:	200019f4 	.word	0x200019f4
100017c0:	40054000 	.word	0x40054000

100017c4 <sleep_us>:
100017c4:	b570      	push	{r4, r5, r6, lr}
100017c6:	0004      	movs	r4, r0
100017c8:	000d      	movs	r5, r1
100017ca:	f000 f8db 	bl	10001984 <time_us_64>
100017ce:	0002      	movs	r2, r0
100017d0:	1e0b      	subs	r3, r1, #0
100017d2:	db0a      	blt.n	100017ea <sleep_us+0x26>
100017d4:	0020      	movs	r0, r4
100017d6:	0029      	movs	r1, r5
100017d8:	1880      	adds	r0, r0, r2
100017da:	4159      	adcs	r1, r3
100017dc:	2900      	cmp	r1, #0
100017de:	db0a      	blt.n	100017f6 <sleep_us+0x32>
100017e0:	2900      	cmp	r1, #0
100017e2:	db0c      	blt.n	100017fe <sleep_us+0x3a>
100017e4:	f7ff ff70 	bl	100016c8 <sleep_until>
100017e8:	bd70      	pop	{r4, r5, r6, pc}
100017ea:	4b08      	ldr	r3, [pc, #32]	; (1000180c <sleep_us+0x48>)
100017ec:	4a08      	ldr	r2, [pc, #32]	; (10001810 <sleep_us+0x4c>)
100017ee:	213f      	movs	r1, #63	; 0x3f
100017f0:	4808      	ldr	r0, [pc, #32]	; (10001814 <sleep_us+0x50>)
100017f2:	f000 fe31 	bl	10002458 <__assert_func>
100017f6:	2001      	movs	r0, #1
100017f8:	4240      	negs	r0, r0
100017fa:	4907      	ldr	r1, [pc, #28]	; (10001818 <sleep_us+0x54>)
100017fc:	e7f0      	b.n	100017e0 <sleep_us+0x1c>
100017fe:	4b03      	ldr	r3, [pc, #12]	; (1000180c <sleep_us+0x48>)
10001800:	4a03      	ldr	r2, [pc, #12]	; (10001810 <sleep_us+0x4c>)
10001802:	213f      	movs	r1, #63	; 0x3f
10001804:	4803      	ldr	r0, [pc, #12]	; (10001814 <sleep_us+0x50>)
10001806:	f000 fe27 	bl	10002458 <__assert_func>
1000180a:	46c0      	nop			; (mov r8, r8)
1000180c:	100076e8 	.word	0x100076e8
10001810:	10007a58 	.word	0x10007a58
10001814:	10007704 	.word	0x10007704
10001818:	7fffffff 	.word	0x7fffffff

1000181c <sleep_ms>:
1000181c:	b510      	push	{r4, lr}
1000181e:	22fa      	movs	r2, #250	; 0xfa
10001820:	0092      	lsls	r2, r2, #2
10001822:	2300      	movs	r3, #0
10001824:	2100      	movs	r1, #0
10001826:	f002 fe01 	bl	1000442c <__wrap___aeabi_lmul>
1000182a:	f7ff ffcb 	bl	100017c4 <sleep_us>
1000182e:	bd10      	pop	{r4, pc}

10001830 <best_effort_wfe_or_timeout>:
10001830:	b570      	push	{r4, r5, r6, lr}
10001832:	b084      	sub	sp, #16
10001834:	0005      	movs	r5, r0
10001836:	000c      	movs	r4, r1
10001838:	f3ef 8305 	mrs	r3, IPSR
1000183c:	2b00      	cmp	r3, #0
1000183e:	d11e      	bne.n	1000187e <best_effort_wfe_or_timeout+0x4e>
10001840:	f7ff fdfe 	bl	10001440 <alarm_pool_get_default>
10001844:	2300      	movs	r3, #0
10001846:	9302      	str	r3, [sp, #8]
10001848:	9301      	str	r3, [sp, #4]
1000184a:	4b22      	ldr	r3, [pc, #136]	; (100018d4 <best_effort_wfe_or_timeout+0xa4>)
1000184c:	9300      	str	r3, [sp, #0]
1000184e:	002a      	movs	r2, r5
10001850:	0023      	movs	r3, r4
10001852:	f7ff fe0b 	bl	1000146c <alarm_pool_add_alarm_at>
10001856:	1e06      	subs	r6, r0, #0
10001858:	dd23      	ble.n	100018a2 <best_effort_wfe_or_timeout+0x72>
1000185a:	bf20      	wfe
1000185c:	f7ff fdf0 	bl	10001440 <alarm_pool_get_default>
10001860:	0031      	movs	r1, r6
10001862:	f7ff feb7 	bl	100015d4 <alarm_pool_cancel_alarm>
10001866:	4b1c      	ldr	r3, [pc, #112]	; (100018d8 <best_effort_wfe_or_timeout+0xa8>)
10001868:	6a5b      	ldr	r3, [r3, #36]	; 0x24
1000186a:	429c      	cmp	r4, r3
1000186c:	d82d      	bhi.n	100018ca <best_effort_wfe_or_timeout+0x9a>
1000186e:	4a1a      	ldr	r2, [pc, #104]	; (100018d8 <best_effort_wfe_or_timeout+0xa8>)
10001870:	6a92      	ldr	r2, [r2, #40]	; 0x28
10001872:	42aa      	cmp	r2, r5
10001874:	d22c      	bcs.n	100018d0 <best_effort_wfe_or_timeout+0xa0>
10001876:	429c      	cmp	r4, r3
10001878:	d025      	beq.n	100018c6 <best_effort_wfe_or_timeout+0x96>
1000187a:	2001      	movs	r0, #1
1000187c:	e026      	b.n	100018cc <best_effort_wfe_or_timeout+0x9c>
1000187e:	4b16      	ldr	r3, [pc, #88]	; (100018d8 <best_effort_wfe_or_timeout+0xa8>)
10001880:	6a5b      	ldr	r3, [r3, #36]	; 0x24
10001882:	4299      	cmp	r1, r3
10001884:	d809      	bhi.n	1000189a <best_effort_wfe_or_timeout+0x6a>
10001886:	4a14      	ldr	r2, [pc, #80]	; (100018d8 <best_effort_wfe_or_timeout+0xa8>)
10001888:	6a92      	ldr	r2, [r2, #40]	; 0x28
1000188a:	4282      	cmp	r2, r0
1000188c:	d207      	bcs.n	1000189e <best_effort_wfe_or_timeout+0x6e>
1000188e:	4299      	cmp	r1, r3
10001890:	d001      	beq.n	10001896 <best_effort_wfe_or_timeout+0x66>
10001892:	2001      	movs	r0, #1
10001894:	e01a      	b.n	100018cc <best_effort_wfe_or_timeout+0x9c>
10001896:	2000      	movs	r0, #0
10001898:	e018      	b.n	100018cc <best_effort_wfe_or_timeout+0x9c>
1000189a:	2000      	movs	r0, #0
1000189c:	e016      	b.n	100018cc <best_effort_wfe_or_timeout+0x9c>
1000189e:	2001      	movs	r0, #1
100018a0:	e014      	b.n	100018cc <best_effort_wfe_or_timeout+0x9c>
100018a2:	4b0d      	ldr	r3, [pc, #52]	; (100018d8 <best_effort_wfe_or_timeout+0xa8>)
100018a4:	6a5b      	ldr	r3, [r3, #36]	; 0x24
100018a6:	429c      	cmp	r4, r3
100018a8:	d809      	bhi.n	100018be <best_effort_wfe_or_timeout+0x8e>
100018aa:	4a0b      	ldr	r2, [pc, #44]	; (100018d8 <best_effort_wfe_or_timeout+0xa8>)
100018ac:	6a92      	ldr	r2, [r2, #40]	; 0x28
100018ae:	42aa      	cmp	r2, r5
100018b0:	d207      	bcs.n	100018c2 <best_effort_wfe_or_timeout+0x92>
100018b2:	429c      	cmp	r4, r3
100018b4:	d001      	beq.n	100018ba <best_effort_wfe_or_timeout+0x8a>
100018b6:	2001      	movs	r0, #1
100018b8:	e008      	b.n	100018cc <best_effort_wfe_or_timeout+0x9c>
100018ba:	2000      	movs	r0, #0
100018bc:	e006      	b.n	100018cc <best_effort_wfe_or_timeout+0x9c>
100018be:	2000      	movs	r0, #0
100018c0:	e004      	b.n	100018cc <best_effort_wfe_or_timeout+0x9c>
100018c2:	2001      	movs	r0, #1
100018c4:	e002      	b.n	100018cc <best_effort_wfe_or_timeout+0x9c>
100018c6:	2000      	movs	r0, #0
100018c8:	e000      	b.n	100018cc <best_effort_wfe_or_timeout+0x9c>
100018ca:	2000      	movs	r0, #0
100018cc:	b004      	add	sp, #16
100018ce:	bd70      	pop	{r4, r5, r6, pc}
100018d0:	2001      	movs	r0, #1
100018d2:	e7fb      	b.n	100018cc <best_effort_wfe_or_timeout+0x9c>
100018d4:	10000dc1 	.word	0x10000dc1
100018d8:	40054000 	.word	0x40054000

100018dc <hardware_alarm_irq_handler>:
100018dc:	b570      	push	{r4, r5, r6, lr}
100018de:	f3ef 8005 	mrs	r0, IPSR
100018e2:	3810      	subs	r0, #16
100018e4:	f3ef 8c10 	mrs	ip, PRIMASK
100018e8:	b672      	cpsid	i
100018ea:	4b1a      	ldr	r3, [pc, #104]	; (10001954 <hardware_alarm_irq_handler+0x78>)
100018ec:	681b      	ldr	r3, [r3, #0]
100018ee:	2b00      	cmp	r3, #0
100018f0:	d0fb      	beq.n	100018ea <hardware_alarm_irq_handler+0xe>
100018f2:	f3bf 8f5f 	dmb	sy
100018f6:	2201      	movs	r2, #1
100018f8:	0013      	movs	r3, r2
100018fa:	4083      	lsls	r3, r0
100018fc:	4916      	ldr	r1, [pc, #88]	; (10001958 <hardware_alarm_irq_handler+0x7c>)
100018fe:	634b      	str	r3, [r1, #52]	; 0x34
10001900:	4916      	ldr	r1, [pc, #88]	; (1000195c <hardware_alarm_irq_handler+0x80>)
10001902:	600b      	str	r3, [r1, #0]
10001904:	4916      	ldr	r1, [pc, #88]	; (10001960 <hardware_alarm_irq_handler+0x84>)
10001906:	7809      	ldrb	r1, [r1, #0]
10001908:	000c      	movs	r4, r1
1000190a:	40c4      	lsrs	r4, r0
1000190c:	4222      	tst	r2, r4
1000190e:	d014      	beq.n	1000193a <hardware_alarm_irq_handler+0x5e>
10001910:	4a11      	ldr	r2, [pc, #68]	; (10001958 <hardware_alarm_irq_handler+0x7c>)
10001912:	6a54      	ldr	r4, [r2, #36]	; 0x24
10001914:	0082      	lsls	r2, r0, #2
10001916:	4d13      	ldr	r5, [pc, #76]	; (10001964 <hardware_alarm_irq_handler+0x88>)
10001918:	5952      	ldr	r2, [r2, r5]
1000191a:	4294      	cmp	r4, r2
1000191c:	d306      	bcc.n	1000192c <hardware_alarm_irq_handler+0x50>
1000191e:	0082      	lsls	r2, r0, #2
10001920:	4c11      	ldr	r4, [pc, #68]	; (10001968 <hardware_alarm_irq_handler+0x8c>)
10001922:	5912      	ldr	r2, [r2, r4]
10001924:	4399      	bics	r1, r3
10001926:	4b0e      	ldr	r3, [pc, #56]	; (10001960 <hardware_alarm_irq_handler+0x84>)
10001928:	7019      	strb	r1, [r3, #0]
1000192a:	e007      	b.n	1000193c <hardware_alarm_irq_handler+0x60>
1000192c:	4a0a      	ldr	r2, [pc, #40]	; (10001958 <hardware_alarm_irq_handler+0x7c>)
1000192e:	1d03      	adds	r3, r0, #4
10001930:	009b      	lsls	r3, r3, #2
10001932:	5899      	ldr	r1, [r3, r2]
10001934:	5099      	str	r1, [r3, r2]
10001936:	2200      	movs	r2, #0
10001938:	e000      	b.n	1000193c <hardware_alarm_irq_handler+0x60>
1000193a:	2200      	movs	r2, #0
1000193c:	f3bf 8f5f 	dmb	sy
10001940:	4b04      	ldr	r3, [pc, #16]	; (10001954 <hardware_alarm_irq_handler+0x78>)
10001942:	2100      	movs	r1, #0
10001944:	6019      	str	r1, [r3, #0]
10001946:	f38c 8810 	msr	PRIMASK, ip
1000194a:	2a00      	cmp	r2, #0
1000194c:	d000      	beq.n	10001950 <hardware_alarm_irq_handler+0x74>
1000194e:	4790      	blx	r2
10001950:	bd70      	pop	{r4, r5, r6, pc}
10001952:	46c0      	nop			; (mov r8, r8)
10001954:	d0000128 	.word	0xd0000128
10001958:	40054000 	.word	0x40054000
1000195c:	4005703c 	.word	0x4005703c
10001960:	20001a2b 	.word	0x20001a2b
10001964:	20001a00 	.word	0x20001a00
10001968:	20001210 	.word	0x20001210

1000196c <hardware_alarm_claim>:
1000196c:	b510      	push	{r4, lr}
1000196e:	0001      	movs	r1, r0
10001970:	4a02      	ldr	r2, [pc, #8]	; (1000197c <hardware_alarm_claim+0x10>)
10001972:	4803      	ldr	r0, [pc, #12]	; (10001980 <hardware_alarm_claim+0x14>)
10001974:	f7fe fe0a 	bl	1000058c <hw_claim_or_assert>
10001978:	bd10      	pop	{r4, pc}
1000197a:	46c0      	nop			; (mov r8, r8)
1000197c:	10007b1c 	.word	0x10007b1c
10001980:	20001a24 	.word	0x20001a24

10001984 <time_us_64>:
10001984:	4b04      	ldr	r3, [pc, #16]	; (10001998 <time_us_64+0x14>)
10001986:	6a5b      	ldr	r3, [r3, #36]	; 0x24
10001988:	4a03      	ldr	r2, [pc, #12]	; (10001998 <time_us_64+0x14>)
1000198a:	6a90      	ldr	r0, [r2, #40]	; 0x28
1000198c:	0019      	movs	r1, r3
1000198e:	6a53      	ldr	r3, [r2, #36]	; 0x24
10001990:	4299      	cmp	r1, r3
10001992:	d1f9      	bne.n	10001988 <time_us_64+0x4>
10001994:	4770      	bx	lr
10001996:	46c0      	nop			; (mov r8, r8)
10001998:	40054000 	.word	0x40054000

1000199c <busy_wait_until>:
1000199c:	4b08      	ldr	r3, [pc, #32]	; (100019c0 <busy_wait_until+0x24>)
1000199e:	6a5b      	ldr	r3, [r3, #36]	; 0x24
100019a0:	e001      	b.n	100019a6 <busy_wait_until+0xa>
100019a2:	4b07      	ldr	r3, [pc, #28]	; (100019c0 <busy_wait_until+0x24>)
100019a4:	6a5b      	ldr	r3, [r3, #36]	; 0x24
100019a6:	428b      	cmp	r3, r1
100019a8:	d3fb      	bcc.n	100019a2 <busy_wait_until+0x6>
100019aa:	e001      	b.n	100019b0 <busy_wait_until+0x14>
100019ac:	4b04      	ldr	r3, [pc, #16]	; (100019c0 <busy_wait_until+0x24>)
100019ae:	6a5b      	ldr	r3, [r3, #36]	; 0x24
100019b0:	428b      	cmp	r3, r1
100019b2:	d103      	bne.n	100019bc <busy_wait_until+0x20>
100019b4:	4b02      	ldr	r3, [pc, #8]	; (100019c0 <busy_wait_until+0x24>)
100019b6:	6a9b      	ldr	r3, [r3, #40]	; 0x28
100019b8:	4283      	cmp	r3, r0
100019ba:	d3f7      	bcc.n	100019ac <busy_wait_until+0x10>
100019bc:	4770      	bx	lr
100019be:	46c0      	nop			; (mov r8, r8)
100019c0:	40054000 	.word	0x40054000

100019c4 <hardware_alarm_set_callback>:
100019c4:	b570      	push	{r4, r5, r6, lr}
100019c6:	0004      	movs	r4, r0
100019c8:	000d      	movs	r5, r1
100019ca:	f3ef 8610 	mrs	r6, PRIMASK
100019ce:	b672      	cpsid	i
100019d0:	4b1b      	ldr	r3, [pc, #108]	; (10001a40 <hardware_alarm_set_callback+0x7c>)
100019d2:	681b      	ldr	r3, [r3, #0]
100019d4:	2b00      	cmp	r3, #0
100019d6:	d0fb      	beq.n	100019d0 <hardware_alarm_set_callback+0xc>
100019d8:	f3bf 8f5f 	dmb	sy
100019dc:	2d00      	cmp	r5, #0
100019de:	d01c      	beq.n	10001a1a <hardware_alarm_set_callback+0x56>
100019e0:	0020      	movs	r0, r4
100019e2:	f7fe fec7 	bl	10000774 <irq_get_vtable_handler>
100019e6:	4b17      	ldr	r3, [pc, #92]	; (10001a44 <hardware_alarm_set_callback+0x80>)
100019e8:	4283      	cmp	r3, r0
100019ea:	d00b      	beq.n	10001a04 <hardware_alarm_set_callback+0x40>
100019ec:	0019      	movs	r1, r3
100019ee:	0020      	movs	r0, r4
100019f0:	f7fe feda 	bl	100007a8 <irq_set_exclusive_handler>
100019f4:	2101      	movs	r1, #1
100019f6:	0020      	movs	r0, r4
100019f8:	f7fe feac 	bl	10000754 <irq_set_enabled>
100019fc:	2301      	movs	r3, #1
100019fe:	40a3      	lsls	r3, r4
10001a00:	4a11      	ldr	r2, [pc, #68]	; (10001a48 <hardware_alarm_set_callback+0x84>)
10001a02:	6013      	str	r3, [r2, #0]
10001a04:	00a4      	lsls	r4, r4, #2
10001a06:	4b11      	ldr	r3, [pc, #68]	; (10001a4c <hardware_alarm_set_callback+0x88>)
10001a08:	50e5      	str	r5, [r4, r3]
10001a0a:	f3bf 8f5f 	dmb	sy
10001a0e:	4b0c      	ldr	r3, [pc, #48]	; (10001a40 <hardware_alarm_set_callback+0x7c>)
10001a10:	2200      	movs	r2, #0
10001a12:	601a      	str	r2, [r3, #0]
10001a14:	f386 8810 	msr	PRIMASK, r6
10001a18:	bd70      	pop	{r4, r5, r6, pc}
10001a1a:	00a2      	lsls	r2, r4, #2
10001a1c:	4b0b      	ldr	r3, [pc, #44]	; (10001a4c <hardware_alarm_set_callback+0x88>)
10001a1e:	2100      	movs	r1, #0
10001a20:	50d1      	str	r1, [r2, r3]
10001a22:	2201      	movs	r2, #1
10001a24:	40a2      	lsls	r2, r4
10001a26:	490a      	ldr	r1, [pc, #40]	; (10001a50 <hardware_alarm_set_callback+0x8c>)
10001a28:	780b      	ldrb	r3, [r1, #0]
10001a2a:	4393      	bics	r3, r2
10001a2c:	700b      	strb	r3, [r1, #0]
10001a2e:	4905      	ldr	r1, [pc, #20]	; (10001a44 <hardware_alarm_set_callback+0x80>)
10001a30:	0020      	movs	r0, r4
10001a32:	f7fe fffd 	bl	10000a30 <irq_remove_handler>
10001a36:	2100      	movs	r1, #0
10001a38:	0020      	movs	r0, r4
10001a3a:	f7fe fe8b 	bl	10000754 <irq_set_enabled>
10001a3e:	e7e4      	b.n	10001a0a <hardware_alarm_set_callback+0x46>
10001a40:	d0000128 	.word	0xd0000128
10001a44:	100018dd 	.word	0x100018dd
10001a48:	40056038 	.word	0x40056038
10001a4c:	20001210 	.word	0x20001210
10001a50:	20001a2b 	.word	0x20001a2b

10001a54 <hardware_alarm_set_target>:
10001a54:	b5f0      	push	{r4, r5, r6, r7, lr}
10001a56:	46de      	mov	lr, fp
10001a58:	b500      	push	{lr}
10001a5a:	b084      	sub	sp, #16
10001a5c:	0004      	movs	r4, r0
10001a5e:	0015      	movs	r5, r2
10001a60:	9201      	str	r2, [sp, #4]
10001a62:	001e      	movs	r6, r3
10001a64:	9302      	str	r3, [sp, #8]
10001a66:	f7ff ff8d 	bl	10001984 <time_us_64>
10001a6a:	9503      	str	r5, [sp, #12]
10001a6c:	428e      	cmp	r6, r1
10001a6e:	d802      	bhi.n	10001a76 <hardware_alarm_set_target+0x22>
10001a70:	d14e      	bne.n	10001b10 <hardware_alarm_set_target+0xbc>
10001a72:	4285      	cmp	r5, r0
10001a74:	d94c      	bls.n	10001b10 <hardware_alarm_set_target+0xbc>
10001a76:	f3ef 8b10 	mrs	fp, PRIMASK
10001a7a:	b672      	cpsid	i
10001a7c:	4b27      	ldr	r3, [pc, #156]	; (10001b1c <hardware_alarm_set_target+0xc8>)
10001a7e:	681b      	ldr	r3, [r3, #0]
10001a80:	2b00      	cmp	r3, #0
10001a82:	d0fb      	beq.n	10001a7c <hardware_alarm_set_target+0x28>
10001a84:	f3bf 8f5f 	dmb	sy
10001a88:	4a25      	ldr	r2, [pc, #148]	; (10001b20 <hardware_alarm_set_target+0xcc>)
10001a8a:	7817      	ldrb	r7, [r2, #0]
10001a8c:	2501      	movs	r5, #1
10001a8e:	40a5      	lsls	r5, r4
10001a90:	b2eb      	uxtb	r3, r5
10001a92:	433b      	orrs	r3, r7
10001a94:	7013      	strb	r3, [r2, #0]
10001a96:	4b23      	ldr	r3, [pc, #140]	; (10001b24 <hardware_alarm_set_target+0xd0>)
10001a98:	635d      	str	r5, [r3, #52]	; 0x34
10001a9a:	1d22      	adds	r2, r4, #4
10001a9c:	0092      	lsls	r2, r2, #2
10001a9e:	9901      	ldr	r1, [sp, #4]
10001aa0:	50d1      	str	r1, [r2, r3]
10001aa2:	00a2      	lsls	r2, r4, #2
10001aa4:	4920      	ldr	r1, [pc, #128]	; (10001b28 <hardware_alarm_set_target+0xd4>)
10001aa6:	9802      	ldr	r0, [sp, #8]
10001aa8:	5050      	str	r0, [r2, r1]
10001aaa:	6a1b      	ldr	r3, [r3, #32]
10001aac:	422b      	tst	r3, r5
10001aae:	d112      	bne.n	10001ad6 <hardware_alarm_set_target+0x82>
10001ab0:	4b1c      	ldr	r3, [pc, #112]	; (10001b24 <hardware_alarm_set_target+0xd0>)
10001ab2:	6c1b      	ldr	r3, [r3, #64]	; 0x40
10001ab4:	422b      	tst	r3, r5
10001ab6:	d008      	beq.n	10001aca <hardware_alarm_set_target+0x76>
10001ab8:	2000      	movs	r0, #0
10001aba:	f3bf 8f5f 	dmb	sy
10001abe:	4b17      	ldr	r3, [pc, #92]	; (10001b1c <hardware_alarm_set_target+0xc8>)
10001ac0:	2200      	movs	r2, #0
10001ac2:	601a      	str	r2, [r3, #0]
10001ac4:	f38b 8810 	msr	PRIMASK, fp
10001ac8:	e023      	b.n	10001b12 <hardware_alarm_set_target+0xbe>
10001aca:	4b18      	ldr	r3, [pc, #96]	; (10001b2c <hardware_alarm_set_target+0xd8>)
10001acc:	4a18      	ldr	r2, [pc, #96]	; (10001b30 <hardware_alarm_set_target+0xdc>)
10001ace:	21c5      	movs	r1, #197	; 0xc5
10001ad0:	4818      	ldr	r0, [pc, #96]	; (10001b34 <hardware_alarm_set_target+0xe0>)
10001ad2:	f000 fcc1 	bl	10002458 <__assert_func>
10001ad6:	f7ff ff55 	bl	10001984 <time_us_64>
10001ada:	428e      	cmp	r6, r1
10001adc:	d814      	bhi.n	10001b08 <hardware_alarm_set_target+0xb4>
10001ade:	d102      	bne.n	10001ae6 <hardware_alarm_set_target+0x92>
10001ae0:	9b03      	ldr	r3, [sp, #12]
10001ae2:	4283      	cmp	r3, r0
10001ae4:	d810      	bhi.n	10001b08 <hardware_alarm_set_target+0xb4>
10001ae6:	4b0e      	ldr	r3, [pc, #56]	; (10001b20 <hardware_alarm_set_target+0xcc>)
10001ae8:	781b      	ldrb	r3, [r3, #0]
10001aea:	42bb      	cmp	r3, r7
10001aec:	d00e      	beq.n	10001b0c <hardware_alarm_set_target+0xb8>
10001aee:	4b0d      	ldr	r3, [pc, #52]	; (10001b24 <hardware_alarm_set_target+0xd0>)
10001af0:	621d      	str	r5, [r3, #32]
10001af2:	635d      	str	r5, [r3, #52]	; 0x34
10001af4:	201f      	movs	r0, #31
10001af6:	4004      	ands	r4, r0
10001af8:	2301      	movs	r3, #1
10001afa:	40a3      	lsls	r3, r4
10001afc:	4a0e      	ldr	r2, [pc, #56]	; (10001b38 <hardware_alarm_set_target+0xe4>)
10001afe:	6013      	str	r3, [r2, #0]
10001b00:	4b07      	ldr	r3, [pc, #28]	; (10001b20 <hardware_alarm_set_target+0xcc>)
10001b02:	701f      	strb	r7, [r3, #0]
10001b04:	381e      	subs	r0, #30
10001b06:	e7d8      	b.n	10001aba <hardware_alarm_set_target+0x66>
10001b08:	2000      	movs	r0, #0
10001b0a:	e7d6      	b.n	10001aba <hardware_alarm_set_target+0x66>
10001b0c:	2001      	movs	r0, #1
10001b0e:	e7d4      	b.n	10001aba <hardware_alarm_set_target+0x66>
10001b10:	2001      	movs	r0, #1
10001b12:	b004      	add	sp, #16
10001b14:	bc80      	pop	{r7}
10001b16:	46bb      	mov	fp, r7
10001b18:	bdf0      	pop	{r4, r5, r6, r7, pc}
10001b1a:	46c0      	nop			; (mov r8, r8)
10001b1c:	d0000128 	.word	0xd0000128
10001b20:	20001a2b 	.word	0x20001a2b
10001b24:	40054000 	.word	0x40054000
10001b28:	20001a00 	.word	0x20001a00
10001b2c:	10007b40 	.word	0x10007b40
10001b30:	10007bb0 	.word	0x10007bb0
10001b34:	10007b64 	.word	0x10007b64
10001b38:	e000e280 	.word	0xe000e280

10001b3c <hardware_alarm_cancel>:
10001b3c:	f3ef 8c10 	mrs	ip, PRIMASK
10001b40:	b672      	cpsid	i
10001b42:	4b0b      	ldr	r3, [pc, #44]	; (10001b70 <hardware_alarm_cancel+0x34>)
10001b44:	681b      	ldr	r3, [r3, #0]
10001b46:	2b00      	cmp	r3, #0
10001b48:	d0fb      	beq.n	10001b42 <hardware_alarm_cancel+0x6>
10001b4a:	f3bf 8f5f 	dmb	sy
10001b4e:	2301      	movs	r3, #1
10001b50:	4083      	lsls	r3, r0
10001b52:	4a08      	ldr	r2, [pc, #32]	; (10001b74 <hardware_alarm_cancel+0x38>)
10001b54:	6213      	str	r3, [r2, #32]
10001b56:	4908      	ldr	r1, [pc, #32]	; (10001b78 <hardware_alarm_cancel+0x3c>)
10001b58:	780a      	ldrb	r2, [r1, #0]
10001b5a:	439a      	bics	r2, r3
10001b5c:	700a      	strb	r2, [r1, #0]
10001b5e:	f3bf 8f5f 	dmb	sy
10001b62:	4b03      	ldr	r3, [pc, #12]	; (10001b70 <hardware_alarm_cancel+0x34>)
10001b64:	2200      	movs	r2, #0
10001b66:	601a      	str	r2, [r3, #0]
10001b68:	f38c 8810 	msr	PRIMASK, ip
10001b6c:	4770      	bx	lr
10001b6e:	46c0      	nop			; (mov r8, r8)
10001b70:	d0000128 	.word	0xd0000128
10001b74:	40054000 	.word	0x40054000
10001b78:	20001a2b 	.word	0x20001a2b

10001b7c <ph_add_child_node>:
10001b7c:	b510      	push	{r4, lr}
10001b7e:	2900      	cmp	r1, #0
10001b80:	d01e      	beq.n	10001bc0 <ph_add_child_node+0x44>
10001b82:	7b03      	ldrb	r3, [r0, #12]
10001b84:	4299      	cmp	r1, r3
10001b86:	d81b      	bhi.n	10001bc0 <ph_add_child_node+0x44>
10001b88:	004b      	lsls	r3, r1, #1
10001b8a:	185b      	adds	r3, r3, r1
10001b8c:	3b03      	subs	r3, #3
10001b8e:	6804      	ldr	r4, [r0, #0]
10001b90:	46a4      	mov	ip, r4
10001b92:	4463      	add	r3, ip
10001b94:	2900      	cmp	r1, #0
10001b96:	d019      	beq.n	10001bcc <ph_add_child_node+0x50>
10001b98:	2a00      	cmp	r2, #0
10001b9a:	d01d      	beq.n	10001bd8 <ph_add_child_node+0x5c>
10001b9c:	4291      	cmp	r1, r2
10001b9e:	d021      	beq.n	10001be4 <ph_add_child_node+0x68>
10001ba0:	2a00      	cmp	r2, #0
10001ba2:	d025      	beq.n	10001bf0 <ph_add_child_node+0x74>
10001ba4:	7b04      	ldrb	r4, [r0, #12]
10001ba6:	42a2      	cmp	r2, r4
10001ba8:	d822      	bhi.n	10001bf0 <ph_add_child_node+0x74>
10001baa:	6804      	ldr	r4, [r0, #0]
10001bac:	0050      	lsls	r0, r2, #1
10001bae:	1880      	adds	r0, r0, r2
10001bb0:	3803      	subs	r0, #3
10001bb2:	1820      	adds	r0, r4, r0
10001bb4:	7081      	strb	r1, [r0, #2]
10001bb6:	7819      	ldrb	r1, [r3, #0]
10001bb8:	2900      	cmp	r1, #0
10001bba:	d11f      	bne.n	10001bfc <ph_add_child_node+0x80>
10001bbc:	701a      	strb	r2, [r3, #0]
10001bbe:	bd10      	pop	{r4, pc}
10001bc0:	4b10      	ldr	r3, [pc, #64]	; (10001c04 <ph_add_child_node+0x88>)
10001bc2:	4a11      	ldr	r2, [pc, #68]	; (10001c08 <ph_add_child_node+0x8c>)
10001bc4:	2168      	movs	r1, #104	; 0x68
10001bc6:	4811      	ldr	r0, [pc, #68]	; (10001c0c <ph_add_child_node+0x90>)
10001bc8:	f000 fc46 	bl	10002458 <__assert_func>
10001bcc:	4b10      	ldr	r3, [pc, #64]	; (10001c10 <ph_add_child_node+0x94>)
10001bce:	4a11      	ldr	r2, [pc, #68]	; (10001c14 <ph_add_child_node+0x98>)
10001bd0:	316f      	adds	r1, #111	; 0x6f
10001bd2:	480e      	ldr	r0, [pc, #56]	; (10001c0c <ph_add_child_node+0x90>)
10001bd4:	f000 fc40 	bl	10002458 <__assert_func>
10001bd8:	4b0f      	ldr	r3, [pc, #60]	; (10001c18 <ph_add_child_node+0x9c>)
10001bda:	4a0e      	ldr	r2, [pc, #56]	; (10001c14 <ph_add_child_node+0x98>)
10001bdc:	2170      	movs	r1, #112	; 0x70
10001bde:	480b      	ldr	r0, [pc, #44]	; (10001c0c <ph_add_child_node+0x90>)
10001be0:	f000 fc3a 	bl	10002458 <__assert_func>
10001be4:	4b0d      	ldr	r3, [pc, #52]	; (10001c1c <ph_add_child_node+0xa0>)
10001be6:	4a0b      	ldr	r2, [pc, #44]	; (10001c14 <ph_add_child_node+0x98>)
10001be8:	2171      	movs	r1, #113	; 0x71
10001bea:	4808      	ldr	r0, [pc, #32]	; (10001c0c <ph_add_child_node+0x90>)
10001bec:	f000 fc34 	bl	10002458 <__assert_func>
10001bf0:	4b04      	ldr	r3, [pc, #16]	; (10001c04 <ph_add_child_node+0x88>)
10001bf2:	4a05      	ldr	r2, [pc, #20]	; (10001c08 <ph_add_child_node+0x8c>)
10001bf4:	2168      	movs	r1, #104	; 0x68
10001bf6:	4805      	ldr	r0, [pc, #20]	; (10001c0c <ph_add_child_node+0x90>)
10001bf8:	f000 fc2e 	bl	10002458 <__assert_func>
10001bfc:	7041      	strb	r1, [r0, #1]
10001bfe:	701a      	strb	r2, [r3, #0]
10001c00:	e7dd      	b.n	10001bbe <ph_add_child_node+0x42>
10001c02:	46c0      	nop			; (mov r8, r8)
10001c04:	10007844 	.word	0x10007844
10001c08:	10007cc4 	.word	0x10007cc4
10001c0c:	10007860 	.word	0x10007860
10001c10:	100078b4 	.word	0x100078b4
10001c14:	10007cb0 	.word	0x10007cb0
10001c18:	100078c0 	.word	0x100078c0
10001c1c:	100078cc 	.word	0x100078cc

10001c20 <ph_merge_nodes>:
10001c20:	b570      	push	{r4, r5, r6, lr}
10001c22:	0006      	movs	r6, r0
10001c24:	000d      	movs	r5, r1
10001c26:	0014      	movs	r4, r2
10001c28:	2900      	cmp	r1, #0
10001c2a:	d014      	beq.n	10001c56 <ph_merge_nodes+0x36>
10001c2c:	2a00      	cmp	r2, #0
10001c2e:	d014      	beq.n	10001c5a <ph_merge_nodes+0x3a>
10001c30:	6880      	ldr	r0, [r0, #8]
10001c32:	6873      	ldr	r3, [r6, #4]
10001c34:	4798      	blx	r3
10001c36:	2800      	cmp	r0, #0
10001c38:	d006      	beq.n	10001c48 <ph_merge_nodes+0x28>
10001c3a:	0022      	movs	r2, r4
10001c3c:	0029      	movs	r1, r5
10001c3e:	0030      	movs	r0, r6
10001c40:	f7ff ff9c 	bl	10001b7c <ph_add_child_node>
10001c44:	0028      	movs	r0, r5
10001c46:	e007      	b.n	10001c58 <ph_merge_nodes+0x38>
10001c48:	002a      	movs	r2, r5
10001c4a:	0021      	movs	r1, r4
10001c4c:	0030      	movs	r0, r6
10001c4e:	f7ff ff95 	bl	10001b7c <ph_add_child_node>
10001c52:	0020      	movs	r0, r4
10001c54:	e000      	b.n	10001c58 <ph_merge_nodes+0x38>
10001c56:	0010      	movs	r0, r2
10001c58:	bd70      	pop	{r4, r5, r6, pc}
10001c5a:	0008      	movs	r0, r1
10001c5c:	e7fc      	b.n	10001c58 <ph_merge_nodes+0x38>
	...

10001c60 <ph_clear>:
10001c60:	b510      	push	{r4, lr}
10001c62:	2300      	movs	r3, #0
10001c64:	7343      	strb	r3, [r0, #13]
10001c66:	3301      	adds	r3, #1
10001c68:	7383      	strb	r3, [r0, #14]
10001c6a:	7b03      	ldrb	r3, [r0, #12]
10001c6c:	73c3      	strb	r3, [r0, #15]
10001c6e:	2301      	movs	r3, #1
10001c70:	7b02      	ldrb	r2, [r0, #12]
10001c72:	429a      	cmp	r2, r3
10001c74:	d914      	bls.n	10001ca0 <ph_clear+0x40>
10001c76:	2b00      	cmp	r3, #0
10001c78:	d00c      	beq.n	10001c94 <ph_clear+0x34>
10001c7a:	7b02      	ldrb	r2, [r0, #12]
10001c7c:	4293      	cmp	r3, r2
10001c7e:	d809      	bhi.n	10001c94 <ph_clear+0x34>
10001c80:	005a      	lsls	r2, r3, #1
10001c82:	18d2      	adds	r2, r2, r3
10001c84:	3a03      	subs	r2, #3
10001c86:	6801      	ldr	r1, [r0, #0]
10001c88:	468c      	mov	ip, r1
10001c8a:	4462      	add	r2, ip
10001c8c:	3301      	adds	r3, #1
10001c8e:	b2db      	uxtb	r3, r3
10001c90:	7053      	strb	r3, [r2, #1]
10001c92:	e7ed      	b.n	10001c70 <ph_clear+0x10>
10001c94:	4b0b      	ldr	r3, [pc, #44]	; (10001cc4 <ph_clear+0x64>)
10001c96:	4a0c      	ldr	r2, [pc, #48]	; (10001cc8 <ph_clear+0x68>)
10001c98:	2168      	movs	r1, #104	; 0x68
10001c9a:	480c      	ldr	r0, [pc, #48]	; (10001ccc <ph_clear+0x6c>)
10001c9c:	f000 fbdc 	bl	10002458 <__assert_func>
10001ca0:	2a00      	cmp	r2, #0
10001ca2:	d009      	beq.n	10001cb8 <ph_clear+0x58>
10001ca4:	4292      	cmp	r2, r2
10001ca6:	d807      	bhi.n	10001cb8 <ph_clear+0x58>
10001ca8:	6801      	ldr	r1, [r0, #0]
10001caa:	0053      	lsls	r3, r2, #1
10001cac:	189a      	adds	r2, r3, r2
10001cae:	3a03      	subs	r2, #3
10001cb0:	188a      	adds	r2, r1, r2
10001cb2:	2300      	movs	r3, #0
10001cb4:	7053      	strb	r3, [r2, #1]
10001cb6:	bd10      	pop	{r4, pc}
10001cb8:	4b02      	ldr	r3, [pc, #8]	; (10001cc4 <ph_clear+0x64>)
10001cba:	4a03      	ldr	r2, [pc, #12]	; (10001cc8 <ph_clear+0x68>)
10001cbc:	2168      	movs	r1, #104	; 0x68
10001cbe:	4803      	ldr	r0, [pc, #12]	; (10001ccc <ph_clear+0x6c>)
10001cc0:	f000 fbca 	bl	10002458 <__assert_func>
10001cc4:	10007844 	.word	0x10007844
10001cc8:	10007cc4 	.word	0x10007cc4
10001ccc:	10007860 	.word	0x10007860

10001cd0 <ph_post_alloc_init>:
10001cd0:	b510      	push	{r4, lr}
10001cd2:	7301      	strb	r1, [r0, #12]
10001cd4:	6042      	str	r2, [r0, #4]
10001cd6:	6083      	str	r3, [r0, #8]
10001cd8:	f7ff ffc2 	bl	10001c60 <ph_clear>
10001cdc:	bd10      	pop	{r4, pc}
	...

10001ce0 <ph_merge_two_pass>:
10001ce0:	b570      	push	{r4, r5, r6, lr}
10001ce2:	0004      	movs	r4, r0
10001ce4:	1e08      	subs	r0, r1, #0
10001ce6:	d100      	bne.n	10001cea <ph_merge_two_pass+0xa>
10001ce8:	bd70      	pop	{r4, r5, r6, pc}
10001cea:	2900      	cmp	r1, #0
10001cec:	d034      	beq.n	10001d58 <ph_merge_two_pass+0x78>
10001cee:	7b23      	ldrb	r3, [r4, #12]
10001cf0:	4299      	cmp	r1, r3
10001cf2:	d831      	bhi.n	10001d58 <ph_merge_two_pass+0x78>
10001cf4:	004b      	lsls	r3, r1, #1
10001cf6:	185b      	adds	r3, r3, r1
10001cf8:	3b03      	subs	r3, #3
10001cfa:	6822      	ldr	r2, [r4, #0]
10001cfc:	4694      	mov	ip, r2
10001cfe:	4463      	add	r3, ip
10001d00:	785a      	ldrb	r2, [r3, #1]
10001d02:	2a00      	cmp	r2, #0
10001d04:	d0f0      	beq.n	10001ce8 <ph_merge_two_pass+0x8>
10001d06:	d02d      	beq.n	10001d64 <ph_merge_two_pass+0x84>
10001d08:	7b23      	ldrb	r3, [r4, #12]
10001d0a:	429a      	cmp	r2, r3
10001d0c:	d82a      	bhi.n	10001d64 <ph_merge_two_pass+0x84>
10001d0e:	0053      	lsls	r3, r2, #1
10001d10:	189b      	adds	r3, r3, r2
10001d12:	3b03      	subs	r3, #3
10001d14:	6821      	ldr	r1, [r4, #0]
10001d16:	468c      	mov	ip, r1
10001d18:	4463      	add	r3, ip
10001d1a:	785d      	ldrb	r5, [r3, #1]
10001d1c:	2100      	movs	r1, #0
10001d1e:	7059      	strb	r1, [r3, #1]
10001d20:	2800      	cmp	r0, #0
10001d22:	d025      	beq.n	10001d70 <ph_merge_two_pass+0x90>
10001d24:	7b23      	ldrb	r3, [r4, #12]
10001d26:	4298      	cmp	r0, r3
10001d28:	d822      	bhi.n	10001d70 <ph_merge_two_pass+0x90>
10001d2a:	0043      	lsls	r3, r0, #1
10001d2c:	181b      	adds	r3, r3, r0
10001d2e:	3b03      	subs	r3, #3
10001d30:	6821      	ldr	r1, [r4, #0]
10001d32:	468c      	mov	ip, r1
10001d34:	4463      	add	r3, ip
10001d36:	2100      	movs	r1, #0
10001d38:	7059      	strb	r1, [r3, #1]
10001d3a:	0001      	movs	r1, r0
10001d3c:	0020      	movs	r0, r4
10001d3e:	f7ff ff6f 	bl	10001c20 <ph_merge_nodes>
10001d42:	0006      	movs	r6, r0
10001d44:	0029      	movs	r1, r5
10001d46:	0020      	movs	r0, r4
10001d48:	f7ff ffca 	bl	10001ce0 <ph_merge_two_pass>
10001d4c:	0002      	movs	r2, r0
10001d4e:	0031      	movs	r1, r6
10001d50:	0020      	movs	r0, r4
10001d52:	f7ff ff65 	bl	10001c20 <ph_merge_nodes>
10001d56:	e7c7      	b.n	10001ce8 <ph_merge_two_pass+0x8>
10001d58:	4b08      	ldr	r3, [pc, #32]	; (10001d7c <ph_merge_two_pass+0x9c>)
10001d5a:	4a09      	ldr	r2, [pc, #36]	; (10001d80 <ph_merge_two_pass+0xa0>)
10001d5c:	2168      	movs	r1, #104	; 0x68
10001d5e:	4809      	ldr	r0, [pc, #36]	; (10001d84 <ph_merge_two_pass+0xa4>)
10001d60:	f000 fb7a 	bl	10002458 <__assert_func>
10001d64:	4b05      	ldr	r3, [pc, #20]	; (10001d7c <ph_merge_two_pass+0x9c>)
10001d66:	4a06      	ldr	r2, [pc, #24]	; (10001d80 <ph_merge_two_pass+0xa0>)
10001d68:	2168      	movs	r1, #104	; 0x68
10001d6a:	4806      	ldr	r0, [pc, #24]	; (10001d84 <ph_merge_two_pass+0xa4>)
10001d6c:	f000 fb74 	bl	10002458 <__assert_func>
10001d70:	4b02      	ldr	r3, [pc, #8]	; (10001d7c <ph_merge_two_pass+0x9c>)
10001d72:	4a03      	ldr	r2, [pc, #12]	; (10001d80 <ph_merge_two_pass+0xa0>)
10001d74:	2168      	movs	r1, #104	; 0x68
10001d76:	4803      	ldr	r0, [pc, #12]	; (10001d84 <ph_merge_two_pass+0xa4>)
10001d78:	f000 fb6e 	bl	10002458 <__assert_func>
10001d7c:	10007844 	.word	0x10007844
10001d80:	10007cc4 	.word	0x10007cc4
10001d84:	10007860 	.word	0x10007860

10001d88 <ph_remove_any_head>:
10001d88:	b570      	push	{r4, r5, r6, lr}
10001d8a:	0005      	movs	r5, r0
10001d8c:	000c      	movs	r4, r1
10001d8e:	0016      	movs	r6, r2
10001d90:	2900      	cmp	r1, #0
10001d92:	d02f      	beq.n	10001df4 <ph_remove_any_head+0x6c>
10001d94:	d034      	beq.n	10001e00 <ph_remove_any_head+0x78>
10001d96:	7b03      	ldrb	r3, [r0, #12]
10001d98:	4299      	cmp	r1, r3
10001d9a:	d831      	bhi.n	10001e00 <ph_remove_any_head+0x78>
10001d9c:	004b      	lsls	r3, r1, #1
10001d9e:	185b      	adds	r3, r3, r1
10001da0:	3b03      	subs	r3, #3
10001da2:	6802      	ldr	r2, [r0, #0]
10001da4:	4694      	mov	ip, r2
10001da6:	4463      	add	r3, ip
10001da8:	785a      	ldrb	r2, [r3, #1]
10001daa:	2a00      	cmp	r2, #0
10001dac:	d12e      	bne.n	10001e0c <ph_remove_any_head+0x84>
10001dae:	789a      	ldrb	r2, [r3, #2]
10001db0:	2a00      	cmp	r2, #0
10001db2:	d131      	bne.n	10001e18 <ph_remove_any_head+0x90>
10001db4:	7819      	ldrb	r1, [r3, #0]
10001db6:	f7ff ff93 	bl	10001ce0 <ph_merge_two_pass>
10001dba:	0003      	movs	r3, r0
10001dbc:	2e00      	cmp	r6, #0
10001dbe:	d00a      	beq.n	10001dd6 <ph_remove_any_head+0x4e>
10001dc0:	7bea      	ldrb	r2, [r5, #15]
10001dc2:	2a00      	cmp	r2, #0
10001dc4:	d12e      	bne.n	10001e24 <ph_remove_any_head+0x9c>
10001dc6:	7baa      	ldrb	r2, [r5, #14]
10001dc8:	2a00      	cmp	r2, #0
10001dca:	d103      	bne.n	10001dd4 <ph_remove_any_head+0x4c>
10001dcc:	7bea      	ldrb	r2, [r5, #15]
10001dce:	2a00      	cmp	r2, #0
10001dd0:	d13b      	bne.n	10001e4a <ph_remove_any_head+0xc2>
10001dd2:	73ac      	strb	r4, [r5, #14]
10001dd4:	73ec      	strb	r4, [r5, #15]
10001dd6:	2b00      	cmp	r3, #0
10001dd8:	d13d      	bne.n	10001e56 <ph_remove_any_head+0xce>
10001dda:	2c00      	cmp	r4, #0
10001ddc:	d04f      	beq.n	10001e7e <ph_remove_any_head+0xf6>
10001dde:	7b2b      	ldrb	r3, [r5, #12]
10001de0:	429c      	cmp	r4, r3
10001de2:	d84c      	bhi.n	10001e7e <ph_remove_any_head+0xf6>
10001de4:	682b      	ldr	r3, [r5, #0]
10001de6:	0061      	lsls	r1, r4, #1
10001de8:	190c      	adds	r4, r1, r4
10001dea:	3c03      	subs	r4, #3
10001dec:	191c      	adds	r4, r3, r4
10001dee:	2300      	movs	r3, #0
10001df0:	7063      	strb	r3, [r4, #1]
10001df2:	bd70      	pop	{r4, r5, r6, pc}
10001df4:	4b25      	ldr	r3, [pc, #148]	; (10001e8c <ph_remove_any_head+0x104>)
10001df6:	4a26      	ldr	r2, [pc, #152]	; (10001e90 <ph_remove_any_head+0x108>)
10001df8:	2138      	movs	r1, #56	; 0x38
10001dfa:	4826      	ldr	r0, [pc, #152]	; (10001e94 <ph_remove_any_head+0x10c>)
10001dfc:	f000 fb2c 	bl	10002458 <__assert_func>
10001e00:	4b25      	ldr	r3, [pc, #148]	; (10001e98 <ph_remove_any_head+0x110>)
10001e02:	4a26      	ldr	r2, [pc, #152]	; (10001e9c <ph_remove_any_head+0x114>)
10001e04:	2168      	movs	r1, #104	; 0x68
10001e06:	4826      	ldr	r0, [pc, #152]	; (10001ea0 <ph_remove_any_head+0x118>)
10001e08:	f000 fb26 	bl	10002458 <__assert_func>
10001e0c:	4b25      	ldr	r3, [pc, #148]	; (10001ea4 <ph_remove_any_head+0x11c>)
10001e0e:	4a20      	ldr	r2, [pc, #128]	; (10001e90 <ph_remove_any_head+0x108>)
10001e10:	213a      	movs	r1, #58	; 0x3a
10001e12:	4820      	ldr	r0, [pc, #128]	; (10001e94 <ph_remove_any_head+0x10c>)
10001e14:	f000 fb20 	bl	10002458 <__assert_func>
10001e18:	4b23      	ldr	r3, [pc, #140]	; (10001ea8 <ph_remove_any_head+0x120>)
10001e1a:	4a1d      	ldr	r2, [pc, #116]	; (10001e90 <ph_remove_any_head+0x108>)
10001e1c:	213b      	movs	r1, #59	; 0x3b
10001e1e:	481d      	ldr	r0, [pc, #116]	; (10001e94 <ph_remove_any_head+0x10c>)
10001e20:	f000 fb1a 	bl	10002458 <__assert_func>
10001e24:	2a00      	cmp	r2, #0
10001e26:	d00a      	beq.n	10001e3e <ph_remove_any_head+0xb6>
10001e28:	7b29      	ldrb	r1, [r5, #12]
10001e2a:	428a      	cmp	r2, r1
10001e2c:	d807      	bhi.n	10001e3e <ph_remove_any_head+0xb6>
10001e2e:	0051      	lsls	r1, r2, #1
10001e30:	188a      	adds	r2, r1, r2
10001e32:	3a03      	subs	r2, #3
10001e34:	6829      	ldr	r1, [r5, #0]
10001e36:	468c      	mov	ip, r1
10001e38:	4462      	add	r2, ip
10001e3a:	7054      	strb	r4, [r2, #1]
10001e3c:	e7c3      	b.n	10001dc6 <ph_remove_any_head+0x3e>
10001e3e:	4b16      	ldr	r3, [pc, #88]	; (10001e98 <ph_remove_any_head+0x110>)
10001e40:	4a16      	ldr	r2, [pc, #88]	; (10001e9c <ph_remove_any_head+0x114>)
10001e42:	2168      	movs	r1, #104	; 0x68
10001e44:	4816      	ldr	r0, [pc, #88]	; (10001ea0 <ph_remove_any_head+0x118>)
10001e46:	f000 fb07 	bl	10002458 <__assert_func>
10001e4a:	4b18      	ldr	r3, [pc, #96]	; (10001eac <ph_remove_any_head+0x124>)
10001e4c:	4a10      	ldr	r2, [pc, #64]	; (10001e90 <ph_remove_any_head+0x108>)
10001e4e:	2142      	movs	r1, #66	; 0x42
10001e50:	4810      	ldr	r0, [pc, #64]	; (10001e94 <ph_remove_any_head+0x10c>)
10001e52:	f000 fb01 	bl	10002458 <__assert_func>
10001e56:	2b00      	cmp	r3, #0
10001e58:	d00b      	beq.n	10001e72 <ph_remove_any_head+0xea>
10001e5a:	7b2a      	ldrb	r2, [r5, #12]
10001e5c:	4293      	cmp	r3, r2
10001e5e:	d808      	bhi.n	10001e72 <ph_remove_any_head+0xea>
10001e60:	0043      	lsls	r3, r0, #1
10001e62:	181b      	adds	r3, r3, r0
10001e64:	3b03      	subs	r3, #3
10001e66:	682a      	ldr	r2, [r5, #0]
10001e68:	4694      	mov	ip, r2
10001e6a:	4463      	add	r3, ip
10001e6c:	2200      	movs	r2, #0
10001e6e:	709a      	strb	r2, [r3, #2]
10001e70:	e7b3      	b.n	10001dda <ph_remove_any_head+0x52>
10001e72:	4b09      	ldr	r3, [pc, #36]	; (10001e98 <ph_remove_any_head+0x110>)
10001e74:	4a09      	ldr	r2, [pc, #36]	; (10001e9c <ph_remove_any_head+0x114>)
10001e76:	2168      	movs	r1, #104	; 0x68
10001e78:	4809      	ldr	r0, [pc, #36]	; (10001ea0 <ph_remove_any_head+0x118>)
10001e7a:	f000 faed 	bl	10002458 <__assert_func>
10001e7e:	4b06      	ldr	r3, [pc, #24]	; (10001e98 <ph_remove_any_head+0x110>)
10001e80:	4a06      	ldr	r2, [pc, #24]	; (10001e9c <ph_remove_any_head+0x114>)
10001e82:	2168      	movs	r1, #104	; 0x68
10001e84:	4806      	ldr	r0, [pc, #24]	; (10001ea0 <ph_remove_any_head+0x118>)
10001e86:	f000 fae7 	bl	10002458 <__assert_func>
10001e8a:	46c0      	nop			; (mov r8, r8)
10001e8c:	10007bcc 	.word	0x10007bcc
10001e90:	10007c9c 	.word	0x10007c9c
10001e94:	10007bd4 	.word	0x10007bd4
10001e98:	10007844 	.word	0x10007844
10001e9c:	10007cc4 	.word	0x10007cc4
10001ea0:	10007860 	.word	0x10007860
10001ea4:	10007c18 	.word	0x10007c18
10001ea8:	10007c40 	.word	0x10007c40
10001eac:	10007990 	.word	0x10007990

10001eb0 <ph_remove_head>:
10001eb0:	b570      	push	{r4, r5, r6, lr}
10001eb2:	0004      	movs	r4, r0
10001eb4:	000a      	movs	r2, r1
10001eb6:	7b45      	ldrb	r5, [r0, #13]
10001eb8:	0029      	movs	r1, r5
10001eba:	f7ff ff65 	bl	10001d88 <ph_remove_any_head>
10001ebe:	7360      	strb	r0, [r4, #13]
10001ec0:	0028      	movs	r0, r5
10001ec2:	bd70      	pop	{r4, r5, r6, pc}

10001ec4 <ph_remove_and_free_node>:
10001ec4:	b570      	push	{r4, r5, r6, lr}
10001ec6:	0004      	movs	r4, r0
10001ec8:	2900      	cmp	r1, #0
10001eca:	d067      	beq.n	10001f9c <ph_remove_and_free_node+0xd8>
10001ecc:	7b43      	ldrb	r3, [r0, #13]
10001ece:	428b      	cmp	r3, r1
10001ed0:	d00e      	beq.n	10001ef0 <ph_remove_and_free_node+0x2c>
10001ed2:	2900      	cmp	r1, #0
10001ed4:	d011      	beq.n	10001efa <ph_remove_and_free_node+0x36>
10001ed6:	7b03      	ldrb	r3, [r0, #12]
10001ed8:	4299      	cmp	r1, r3
10001eda:	d80e      	bhi.n	10001efa <ph_remove_and_free_node+0x36>
10001edc:	004b      	lsls	r3, r1, #1
10001ede:	185b      	adds	r3, r3, r1
10001ee0:	3b03      	subs	r3, #3
10001ee2:	6802      	ldr	r2, [r0, #0]
10001ee4:	18d0      	adds	r0, r2, r3
10001ee6:	7883      	ldrb	r3, [r0, #2]
10001ee8:	2b00      	cmp	r3, #0
10001eea:	d10c      	bne.n	10001f06 <ph_remove_and_free_node+0x42>
10001eec:	2000      	movs	r0, #0
10001eee:	e056      	b.n	10001f9e <ph_remove_and_free_node+0xda>
10001ef0:	2101      	movs	r1, #1
10001ef2:	f7ff ffdd 	bl	10001eb0 <ph_remove_head>
10001ef6:	2001      	movs	r0, #1
10001ef8:	e051      	b.n	10001f9e <ph_remove_and_free_node+0xda>
10001efa:	4b29      	ldr	r3, [pc, #164]	; (10001fa0 <ph_remove_and_free_node+0xdc>)
10001efc:	4a29      	ldr	r2, [pc, #164]	; (10001fa4 <ph_remove_and_free_node+0xe0>)
10001efe:	2168      	movs	r1, #104	; 0x68
10001f00:	4829      	ldr	r0, [pc, #164]	; (10001fa8 <ph_remove_and_free_node+0xe4>)
10001f02:	f000 faa9 	bl	10002458 <__assert_func>
10001f06:	2b00      	cmp	r3, #0
10001f08:	d020      	beq.n	10001f4c <ph_remove_and_free_node+0x88>
10001f0a:	7b22      	ldrb	r2, [r4, #12]
10001f0c:	4293      	cmp	r3, r2
10001f0e:	d81d      	bhi.n	10001f4c <ph_remove_and_free_node+0x88>
10001f10:	005a      	lsls	r2, r3, #1
10001f12:	18d3      	adds	r3, r2, r3
10001f14:	3b03      	subs	r3, #3
10001f16:	6822      	ldr	r2, [r4, #0]
10001f18:	18d2      	adds	r2, r2, r3
10001f1a:	6825      	ldr	r5, [r4, #0]
10001f1c:	5ceb      	ldrb	r3, [r5, r3]
10001f1e:	428b      	cmp	r3, r1
10001f20:	d01a      	beq.n	10001f58 <ph_remove_and_free_node+0x94>
10001f22:	2b00      	cmp	r3, #0
10001f24:	d01b      	beq.n	10001f5e <ph_remove_and_free_node+0x9a>
10001f26:	7b22      	ldrb	r2, [r4, #12]
10001f28:	4293      	cmp	r3, r2
10001f2a:	d818      	bhi.n	10001f5e <ph_remove_and_free_node+0x9a>
10001f2c:	005a      	lsls	r2, r3, #1
10001f2e:	18d3      	adds	r3, r2, r3
10001f30:	3b03      	subs	r3, #3
10001f32:	6822      	ldr	r2, [r4, #0]
10001f34:	18d2      	adds	r2, r2, r3
10001f36:	7853      	ldrb	r3, [r2, #1]
10001f38:	428b      	cmp	r3, r1
10001f3a:	d016      	beq.n	10001f6a <ph_remove_and_free_node+0xa6>
10001f3c:	2b00      	cmp	r3, #0
10001f3e:	d1f0      	bne.n	10001f22 <ph_remove_and_free_node+0x5e>
10001f40:	4b1a      	ldr	r3, [pc, #104]	; (10001fac <ph_remove_and_free_node+0xe8>)
10001f42:	4a1b      	ldr	r2, [pc, #108]	; (10001fb0 <ph_remove_and_free_node+0xec>)
10001f44:	216b      	movs	r1, #107	; 0x6b
10001f46:	481b      	ldr	r0, [pc, #108]	; (10001fb4 <ph_remove_and_free_node+0xf0>)
10001f48:	f000 fa86 	bl	10002458 <__assert_func>
10001f4c:	4b14      	ldr	r3, [pc, #80]	; (10001fa0 <ph_remove_and_free_node+0xdc>)
10001f4e:	4a15      	ldr	r2, [pc, #84]	; (10001fa4 <ph_remove_and_free_node+0xe0>)
10001f50:	2168      	movs	r1, #104	; 0x68
10001f52:	4815      	ldr	r0, [pc, #84]	; (10001fa8 <ph_remove_and_free_node+0xe4>)
10001f54:	f000 fa80 	bl	10002458 <__assert_func>
10001f58:	7843      	ldrb	r3, [r0, #1]
10001f5a:	7013      	strb	r3, [r2, #0]
10001f5c:	e007      	b.n	10001f6e <ph_remove_and_free_node+0xaa>
10001f5e:	4b10      	ldr	r3, [pc, #64]	; (10001fa0 <ph_remove_and_free_node+0xdc>)
10001f60:	4a10      	ldr	r2, [pc, #64]	; (10001fa4 <ph_remove_and_free_node+0xe0>)
10001f62:	2168      	movs	r1, #104	; 0x68
10001f64:	4810      	ldr	r0, [pc, #64]	; (10001fa8 <ph_remove_and_free_node+0xe4>)
10001f66:	f000 fa77 	bl	10002458 <__assert_func>
10001f6a:	7843      	ldrb	r3, [r0, #1]
10001f6c:	7053      	strb	r3, [r2, #1]
10001f6e:	2300      	movs	r3, #0
10001f70:	7083      	strb	r3, [r0, #2]
10001f72:	7043      	strb	r3, [r0, #1]
10001f74:	2201      	movs	r2, #1
10001f76:	0020      	movs	r0, r4
10001f78:	f7ff ff06 	bl	10001d88 <ph_remove_any_head>
10001f7c:	0002      	movs	r2, r0
10001f7e:	7b61      	ldrb	r1, [r4, #13]
10001f80:	4281      	cmp	r1, r0
10001f82:	d005      	beq.n	10001f90 <ph_remove_and_free_node+0xcc>
10001f84:	0020      	movs	r0, r4
10001f86:	f7ff fe4b 	bl	10001c20 <ph_merge_nodes>
10001f8a:	7360      	strb	r0, [r4, #13]
10001f8c:	2001      	movs	r0, #1
10001f8e:	e006      	b.n	10001f9e <ph_remove_and_free_node+0xda>
10001f90:	4b09      	ldr	r3, [pc, #36]	; (10001fb8 <ph_remove_and_free_node+0xf4>)
10001f92:	4a07      	ldr	r2, [pc, #28]	; (10001fb0 <ph_remove_and_free_node+0xec>)
10001f94:	2171      	movs	r1, #113	; 0x71
10001f96:	4807      	ldr	r0, [pc, #28]	; (10001fb4 <ph_remove_and_free_node+0xf0>)
10001f98:	f000 fa5e 	bl	10002458 <__assert_func>
10001f9c:	2000      	movs	r0, #0
10001f9e:	bd70      	pop	{r4, r5, r6, pc}
10001fa0:	10007844 	.word	0x10007844
10001fa4:	10007cc4 	.word	0x10007cc4
10001fa8:	10007860 	.word	0x10007860
10001fac:	100075cc 	.word	0x100075cc
10001fb0:	10007c84 	.word	0x10007c84
10001fb4:	10007bd4 	.word	0x10007bd4
10001fb8:	10007c64 	.word	0x10007c64

10001fbc <clock_configure>:
10001fbc:	b5f8      	push	{r3, r4, r5, r6, r7, lr}
10001fbe:	46de      	mov	lr, fp
10001fc0:	4657      	mov	r7, sl
10001fc2:	464e      	mov	r6, r9
10001fc4:	4645      	mov	r5, r8
10001fc6:	b5e0      	push	{r5, r6, r7, lr}
10001fc8:	0005      	movs	r5, r0
10001fca:	000f      	movs	r7, r1
10001fcc:	4692      	mov	sl, r2
10001fce:	9a0a      	ldr	r2, [sp, #40]	; 0x28
10001fd0:	4293      	cmp	r3, r2
10001fd2:	d34e      	bcc.n	10002072 <clock_configure+0xb6>
10001fd4:	0e1a      	lsrs	r2, r3, #24
10001fd6:	4691      	mov	r9, r2
10001fd8:	021e      	lsls	r6, r3, #8
10001fda:	9a0a      	ldr	r2, [sp, #40]	; 0x28
10001fdc:	2300      	movs	r3, #0
10001fde:	0030      	movs	r0, r6
10001fe0:	4649      	mov	r1, r9
10001fe2:	f001 fc25 	bl	10003830 <__wrap___aeabi_uldivmod>
10001fe6:	4680      	mov	r8, r0
10001fe8:	006c      	lsls	r4, r5, #1
10001fea:	1964      	adds	r4, r4, r5
10001fec:	00a4      	lsls	r4, r4, #2
10001fee:	4b2f      	ldr	r3, [pc, #188]	; (100020ac <clock_configure+0xf0>)
10001ff0:	469c      	mov	ip, r3
10001ff2:	4464      	add	r4, ip
10001ff4:	6863      	ldr	r3, [r4, #4]
10001ff6:	4283      	cmp	r3, r0
10001ff8:	d200      	bcs.n	10001ffc <clock_configure+0x40>
10001ffa:	6060      	str	r0, [r4, #4]
10001ffc:	1f2b      	subs	r3, r5, #4
10001ffe:	b2db      	uxtb	r3, r3
10002000:	469b      	mov	fp, r3
10002002:	2b01      	cmp	r3, #1
10002004:	d93b      	bls.n	1000207e <clock_configure+0xc2>
10002006:	23c0      	movs	r3, #192	; 0xc0
10002008:	019b      	lsls	r3, r3, #6
1000200a:	4323      	orrs	r3, r4
1000200c:	2280      	movs	r2, #128	; 0x80
1000200e:	0112      	lsls	r2, r2, #4
10002010:	601a      	str	r2, [r3, #0]
10002012:	00ab      	lsls	r3, r5, #2
10002014:	4a26      	ldr	r2, [pc, #152]	; (100020b0 <clock_configure+0xf4>)
10002016:	5899      	ldr	r1, [r3, r2]
10002018:	2900      	cmp	r1, #0
1000201a:	d005      	beq.n	10002028 <clock_configure+0x6c>
1000201c:	6950      	ldr	r0, [r2, #20]
1000201e:	f001 fbc9 	bl	100037b4 <__wrap___aeabi_uidiv>
10002022:	3001      	adds	r0, #1
10002024:	3801      	subs	r0, #1
10002026:	d1fd      	bne.n	10002024 <clock_configure+0x68>
10002028:	4653      	mov	r3, sl
1000202a:	015a      	lsls	r2, r3, #5
1000202c:	6823      	ldr	r3, [r4, #0]
1000202e:	405a      	eors	r2, r3
10002030:	23e0      	movs	r3, #224	; 0xe0
10002032:	401a      	ands	r2, r3
10002034:	2380      	movs	r3, #128	; 0x80
10002036:	015b      	lsls	r3, r3, #5
10002038:	4323      	orrs	r3, r4
1000203a:	601a      	str	r2, [r3, #0]
1000203c:	465a      	mov	r2, fp
1000203e:	2a01      	cmp	r2, #1
10002040:	d928      	bls.n	10002094 <clock_configure+0xd8>
10002042:	2380      	movs	r3, #128	; 0x80
10002044:	019b      	lsls	r3, r3, #6
10002046:	4323      	orrs	r3, r4
10002048:	2280      	movs	r2, #128	; 0x80
1000204a:	0112      	lsls	r2, r2, #4
1000204c:	601a      	str	r2, [r3, #0]
1000204e:	4643      	mov	r3, r8
10002050:	6063      	str	r3, [r4, #4]
10002052:	4642      	mov	r2, r8
10002054:	2300      	movs	r3, #0
10002056:	0030      	movs	r0, r6
10002058:	4649      	mov	r1, r9
1000205a:	f001 fbe9 	bl	10003830 <__wrap___aeabi_uldivmod>
1000205e:	00ad      	lsls	r5, r5, #2
10002060:	4b13      	ldr	r3, [pc, #76]	; (100020b0 <clock_configure+0xf4>)
10002062:	5158      	str	r0, [r3, r5]
10002064:	2001      	movs	r0, #1
10002066:	bcf0      	pop	{r4, r5, r6, r7}
10002068:	46bb      	mov	fp, r7
1000206a:	46b2      	mov	sl, r6
1000206c:	46a9      	mov	r9, r5
1000206e:	46a0      	mov	r8, r4
10002070:	bdf8      	pop	{r3, r4, r5, r6, r7, pc}
10002072:	4b10      	ldr	r3, [pc, #64]	; (100020b4 <clock_configure+0xf8>)
10002074:	4a10      	ldr	r2, [pc, #64]	; (100020b8 <clock_configure+0xfc>)
10002076:	212d      	movs	r1, #45	; 0x2d
10002078:	4810      	ldr	r0, [pc, #64]	; (100020bc <clock_configure+0x100>)
1000207a:	f000 f9ed 	bl	10002458 <__assert_func>
1000207e:	2f01      	cmp	r7, #1
10002080:	d1c1      	bne.n	10002006 <clock_configure+0x4a>
10002082:	23c0      	movs	r3, #192	; 0xc0
10002084:	019b      	lsls	r3, r3, #6
10002086:	4323      	orrs	r3, r4
10002088:	2203      	movs	r2, #3
1000208a:	601a      	str	r2, [r3, #0]
1000208c:	68a3      	ldr	r3, [r4, #8]
1000208e:	07db      	lsls	r3, r3, #31
10002090:	d5fc      	bpl.n	1000208c <clock_configure+0xd0>
10002092:	e7c9      	b.n	10002028 <clock_configure+0x6c>
10002094:	6821      	ldr	r1, [r4, #0]
10002096:	4079      	eors	r1, r7
10002098:	2203      	movs	r2, #3
1000209a:	400a      	ands	r2, r1
1000209c:	601a      	str	r2, [r3, #0]
1000209e:	68a2      	ldr	r2, [r4, #8]
100020a0:	2301      	movs	r3, #1
100020a2:	40bb      	lsls	r3, r7
100020a4:	4213      	tst	r3, r2
100020a6:	d0fa      	beq.n	1000209e <clock_configure+0xe2>
100020a8:	e7cb      	b.n	10002042 <clock_configure+0x86>
100020aa:	46c0      	nop			; (mov r8, r8)
100020ac:	40008000 	.word	0x40008000
100020b0:	2000132c 	.word	0x2000132c
100020b4:	10007cd0 	.word	0x10007cd0
100020b8:	10007d34 	.word	0x10007d34
100020bc:	10007ce4 	.word	0x10007ce4

100020c0 <clocks_init>:
100020c0:	b530      	push	{r4, r5, lr}
100020c2:	b083      	sub	sp, #12
100020c4:	200c      	movs	r0, #12
100020c6:	f000 f93b 	bl	10002340 <watchdog_start_tick>
100020ca:	f7fe fa3f 	bl	1000054c <running_on_fpga>
100020ce:	2800      	cmp	r0, #0
100020d0:	d00d      	beq.n	100020ee <clocks_init+0x2e>
100020d2:	2300      	movs	r3, #0
100020d4:	e004      	b.n	100020e0 <clocks_init+0x20>
100020d6:	0099      	lsls	r1, r3, #2
100020d8:	4a2d      	ldr	r2, [pc, #180]	; (10002190 <clocks_init+0xd0>)
100020da:	482e      	ldr	r0, [pc, #184]	; (10002194 <clocks_init+0xd4>)
100020dc:	5088      	str	r0, [r1, r2]
100020de:	3301      	adds	r3, #1
100020e0:	2b09      	cmp	r3, #9
100020e2:	d9f8      	bls.n	100020d6 <clocks_init+0x16>
100020e4:	4b2a      	ldr	r3, [pc, #168]	; (10002190 <clocks_init+0xd0>)
100020e6:	4a2c      	ldr	r2, [pc, #176]	; (10002198 <clocks_init+0xd8>)
100020e8:	625a      	str	r2, [r3, #36]	; 0x24
100020ea:	b003      	add	sp, #12
100020ec:	bd30      	pop	{r4, r5, pc}
100020ee:	4b2b      	ldr	r3, [pc, #172]	; (1000219c <clocks_init+0xdc>)
100020f0:	2200      	movs	r2, #0
100020f2:	679a      	str	r2, [r3, #120]	; 0x78
100020f4:	f000 f996 	bl	10002424 <xosc_init>
100020f8:	4b29      	ldr	r3, [pc, #164]	; (100021a0 <clocks_init+0xe0>)
100020fa:	2201      	movs	r2, #1
100020fc:	601a      	str	r2, [r3, #0]
100020fe:	4b27      	ldr	r3, [pc, #156]	; (1000219c <clocks_init+0xdc>)
10002100:	6c5b      	ldr	r3, [r3, #68]	; 0x44
10002102:	2b01      	cmp	r3, #1
10002104:	d1fb      	bne.n	100020fe <clocks_init+0x3e>
10002106:	4b27      	ldr	r3, [pc, #156]	; (100021a4 <clocks_init+0xe4>)
10002108:	2203      	movs	r2, #3
1000210a:	601a      	str	r2, [r3, #0]
1000210c:	4b23      	ldr	r3, [pc, #140]	; (1000219c <clocks_init+0xdc>)
1000210e:	6b9b      	ldr	r3, [r3, #56]	; 0x38
10002110:	2b01      	cmp	r3, #1
10002112:	d1fb      	bne.n	1000210c <clocks_init+0x4c>
10002114:	3301      	adds	r3, #1
10002116:	9300      	str	r3, [sp, #0]
10002118:	3304      	adds	r3, #4
1000211a:	4a23      	ldr	r2, [pc, #140]	; (100021a8 <clocks_init+0xe8>)
1000211c:	2101      	movs	r1, #1
1000211e:	4823      	ldr	r0, [pc, #140]	; (100021ac <clocks_init+0xec>)
10002120:	f000 f874 	bl	1000220c <pll_init>
10002124:	2305      	movs	r3, #5
10002126:	9300      	str	r3, [sp, #0]
10002128:	4a21      	ldr	r2, [pc, #132]	; (100021b0 <clocks_init+0xf0>)
1000212a:	2101      	movs	r1, #1
1000212c:	4821      	ldr	r0, [pc, #132]	; (100021b4 <clocks_init+0xf4>)
1000212e:	f000 f86d 	bl	1000220c <pll_init>
10002132:	4b21      	ldr	r3, [pc, #132]	; (100021b8 <clocks_init+0xf8>)
10002134:	9300      	str	r3, [sp, #0]
10002136:	2200      	movs	r2, #0
10002138:	2102      	movs	r1, #2
1000213a:	2004      	movs	r0, #4
1000213c:	f7ff ff3e 	bl	10001fbc <clock_configure>
10002140:	4d1e      	ldr	r5, [pc, #120]	; (100021bc <clocks_init+0xfc>)
10002142:	9500      	str	r5, [sp, #0]
10002144:	002b      	movs	r3, r5
10002146:	2200      	movs	r2, #0
10002148:	2101      	movs	r1, #1
1000214a:	2005      	movs	r0, #5
1000214c:	f7ff ff36 	bl	10001fbc <clock_configure>
10002150:	4c10      	ldr	r4, [pc, #64]	; (10002194 <clocks_init+0xd4>)
10002152:	9400      	str	r4, [sp, #0]
10002154:	0023      	movs	r3, r4
10002156:	2200      	movs	r2, #0
10002158:	2100      	movs	r1, #0
1000215a:	2007      	movs	r0, #7
1000215c:	f7ff ff2e 	bl	10001fbc <clock_configure>
10002160:	9400      	str	r4, [sp, #0]
10002162:	0023      	movs	r3, r4
10002164:	2200      	movs	r2, #0
10002166:	2100      	movs	r1, #0
10002168:	2008      	movs	r0, #8
1000216a:	f7ff ff27 	bl	10001fbc <clock_configure>
1000216e:	4b0a      	ldr	r3, [pc, #40]	; (10002198 <clocks_init+0xd8>)
10002170:	9300      	str	r3, [sp, #0]
10002172:	0023      	movs	r3, r4
10002174:	2200      	movs	r2, #0
10002176:	2100      	movs	r1, #0
10002178:	2009      	movs	r0, #9
1000217a:	f7ff ff1f 	bl	10001fbc <clock_configure>
1000217e:	9500      	str	r5, [sp, #0]
10002180:	002b      	movs	r3, r5
10002182:	2200      	movs	r2, #0
10002184:	2100      	movs	r1, #0
10002186:	2006      	movs	r0, #6
10002188:	f7ff ff18 	bl	10001fbc <clock_configure>
1000218c:	e7ad      	b.n	100020ea <clocks_init+0x2a>
1000218e:	46c0      	nop			; (mov r8, r8)
10002190:	2000132c 	.word	0x2000132c
10002194:	02dc6c00 	.word	0x02dc6c00
10002198:	0000b71b 	.word	0x0000b71b
1000219c:	40008000 	.word	0x40008000
100021a0:	4000b03c 	.word	0x4000b03c
100021a4:	4000b030 	.word	0x4000b030
100021a8:	59682f00 	.word	0x59682f00
100021ac:	40028000 	.word	0x40028000
100021b0:	47868c00 	.word	0x47868c00
100021b4:	4002c000 	.word	0x4002c000
100021b8:	00b71b00 	.word	0x00b71b00
100021bc:	07735940 	.word	0x07735940

100021c0 <clock_get_hz>:
100021c0:	0080      	lsls	r0, r0, #2
100021c2:	4b01      	ldr	r3, [pc, #4]	; (100021c8 <clock_get_hz+0x8>)
100021c4:	58c0      	ldr	r0, [r0, r3]
100021c6:	4770      	bx	lr
100021c8:	2000132c 	.word	0x2000132c

100021cc <frequency_count_khz>:
100021cc:	b510      	push	{r4, lr}
100021ce:	0004      	movs	r4, r0
100021d0:	4b0d      	ldr	r3, [pc, #52]	; (10002208 <frequency_count_khz+0x3c>)
100021d2:	699b      	ldr	r3, [r3, #24]
100021d4:	05db      	lsls	r3, r3, #23
100021d6:	d4fb      	bmi.n	100021d0 <frequency_count_khz+0x4>
100021d8:	2004      	movs	r0, #4
100021da:	f7ff fff1 	bl	100021c0 <clock_get_hz>
100021de:	21fa      	movs	r1, #250	; 0xfa
100021e0:	0089      	lsls	r1, r1, #2
100021e2:	f001 fae7 	bl	100037b4 <__wrap___aeabi_uidiv>
100021e6:	4b08      	ldr	r3, [pc, #32]	; (10002208 <frequency_count_khz+0x3c>)
100021e8:	6018      	str	r0, [r3, #0]
100021ea:	220a      	movs	r2, #10
100021ec:	611a      	str	r2, [r3, #16]
100021ee:	2200      	movs	r2, #0
100021f0:	605a      	str	r2, [r3, #4]
100021f2:	3a01      	subs	r2, #1
100021f4:	609a      	str	r2, [r3, #8]
100021f6:	615c      	str	r4, [r3, #20]
100021f8:	4b03      	ldr	r3, [pc, #12]	; (10002208 <frequency_count_khz+0x3c>)
100021fa:	699b      	ldr	r3, [r3, #24]
100021fc:	06db      	lsls	r3, r3, #27
100021fe:	d5fb      	bpl.n	100021f8 <frequency_count_khz+0x2c>
10002200:	4b01      	ldr	r3, [pc, #4]	; (10002208 <frequency_count_khz+0x3c>)
10002202:	69d8      	ldr	r0, [r3, #28]
10002204:	0940      	lsrs	r0, r0, #5
10002206:	bd10      	pop	{r4, pc}
10002208:	40008080 	.word	0x40008080

1000220c <pll_init>:
1000220c:	b5f0      	push	{r4, r5, r6, r7, lr}
1000220e:	46c6      	mov	lr, r8
10002210:	b500      	push	{lr}
10002212:	0004      	movs	r4, r0
10002214:	000d      	movs	r5, r1
10002216:	0017      	movs	r7, r2
10002218:	4698      	mov	r8, r3
1000221a:	200c      	movs	r0, #12
1000221c:	f001 faca 	bl	100037b4 <__wrap___aeabi_uidiv>
10002220:	0006      	movs	r6, r0
10002222:	4b39      	ldr	r3, [pc, #228]	; (10002308 <pll_init+0xfc>)
10002224:	18fa      	adds	r2, r7, r3
10002226:	4b39      	ldr	r3, [pc, #228]	; (1000230c <pll_init+0x100>)
10002228:	429a      	cmp	r2, r3
1000222a:	d841      	bhi.n	100022b0 <pll_init+0xa4>
1000222c:	0143      	lsls	r3, r0, #5
1000222e:	1a1b      	subs	r3, r3, r0
10002230:	0199      	lsls	r1, r3, #6
10002232:	1ac9      	subs	r1, r1, r3
10002234:	00c9      	lsls	r1, r1, #3
10002236:	1809      	adds	r1, r1, r0
10002238:	0189      	lsls	r1, r1, #6
1000223a:	0038      	movs	r0, r7
1000223c:	f001 faba 	bl	100037b4 <__wrap___aeabi_uidiv>
10002240:	0002      	movs	r2, r0
10002242:	3a10      	subs	r2, #16
10002244:	2398      	movs	r3, #152	; 0x98
10002246:	005b      	lsls	r3, r3, #1
10002248:	429a      	cmp	r2, r3
1000224a:	d837      	bhi.n	100022bc <pll_init+0xb0>
1000224c:	4643      	mov	r3, r8
1000224e:	3b01      	subs	r3, #1
10002250:	2b06      	cmp	r3, #6
10002252:	d839      	bhi.n	100022c8 <pll_init+0xbc>
10002254:	9b06      	ldr	r3, [sp, #24]
10002256:	3b01      	subs	r3, #1
10002258:	2b06      	cmp	r3, #6
1000225a:	d835      	bhi.n	100022c8 <pll_init+0xbc>
1000225c:	093f      	lsrs	r7, r7, #4
1000225e:	42b7      	cmp	r7, r6
10002260:	d338      	bcc.n	100022d4 <pll_init+0xc8>
10002262:	4643      	mov	r3, r8
10002264:	041e      	lsls	r6, r3, #16
10002266:	9b06      	ldr	r3, [sp, #24]
10002268:	031a      	lsls	r2, r3, #12
1000226a:	4316      	orrs	r6, r2
1000226c:	6823      	ldr	r3, [r4, #0]
1000226e:	2b00      	cmp	r3, #0
10002270:	db36      	blt.n	100022e0 <pll_init+0xd4>
10002272:	4b27      	ldr	r3, [pc, #156]	; (10002310 <pll_init+0x104>)
10002274:	429c      	cmp	r4, r3
10002276:	d044      	beq.n	10002302 <pll_init+0xf6>
10002278:	2280      	movs	r2, #128	; 0x80
1000227a:	0152      	lsls	r2, r2, #5
1000227c:	4b25      	ldr	r3, [pc, #148]	; (10002314 <pll_init+0x108>)
1000227e:	601a      	str	r2, [r3, #0]
10002280:	4b25      	ldr	r3, [pc, #148]	; (10002318 <pll_init+0x10c>)
10002282:	601a      	str	r2, [r3, #0]
10002284:	4b25      	ldr	r3, [pc, #148]	; (1000231c <pll_init+0x110>)
10002286:	689b      	ldr	r3, [r3, #8]
10002288:	0011      	movs	r1, r2
1000228a:	4399      	bics	r1, r3
1000228c:	d1fa      	bne.n	10002284 <pll_init+0x78>
1000228e:	6025      	str	r5, [r4, #0]
10002290:	60a0      	str	r0, [r4, #8]
10002292:	1d23      	adds	r3, r4, #4
10002294:	22c0      	movs	r2, #192	; 0xc0
10002296:	0192      	lsls	r2, r2, #6
10002298:	431a      	orrs	r2, r3
1000229a:	2321      	movs	r3, #33	; 0x21
1000229c:	6013      	str	r3, [r2, #0]
1000229e:	6823      	ldr	r3, [r4, #0]
100022a0:	2b00      	cmp	r3, #0
100022a2:	dafc      	bge.n	1000229e <pll_init+0x92>
100022a4:	60e6      	str	r6, [r4, #12]
100022a6:	2308      	movs	r3, #8
100022a8:	6013      	str	r3, [r2, #0]
100022aa:	bc80      	pop	{r7}
100022ac:	46b8      	mov	r8, r7
100022ae:	bdf0      	pop	{r4, r5, r6, r7, pc}
100022b0:	4b1b      	ldr	r3, [pc, #108]	; (10002320 <pll_init+0x114>)
100022b2:	4a1c      	ldr	r2, [pc, #112]	; (10002324 <pll_init+0x118>)
100022b4:	2111      	movs	r1, #17
100022b6:	481c      	ldr	r0, [pc, #112]	; (10002328 <pll_init+0x11c>)
100022b8:	f000 f8ce 	bl	10002458 <__assert_func>
100022bc:	4b1b      	ldr	r3, [pc, #108]	; (1000232c <pll_init+0x120>)
100022be:	4a19      	ldr	r2, [pc, #100]	; (10002324 <pll_init+0x118>)
100022c0:	2119      	movs	r1, #25
100022c2:	4819      	ldr	r0, [pc, #100]	; (10002328 <pll_init+0x11c>)
100022c4:	f000 f8c8 	bl	10002458 <__assert_func>
100022c8:	4b19      	ldr	r3, [pc, #100]	; (10002330 <pll_init+0x124>)
100022ca:	4a16      	ldr	r2, [pc, #88]	; (10002324 <pll_init+0x118>)
100022cc:	211c      	movs	r1, #28
100022ce:	4816      	ldr	r0, [pc, #88]	; (10002328 <pll_init+0x11c>)
100022d0:	f000 f8c2 	bl	10002458 <__assert_func>
100022d4:	4b17      	ldr	r3, [pc, #92]	; (10002334 <pll_init+0x128>)
100022d6:	4a13      	ldr	r2, [pc, #76]	; (10002324 <pll_init+0x118>)
100022d8:	2123      	movs	r1, #35	; 0x23
100022da:	4813      	ldr	r0, [pc, #76]	; (10002328 <pll_init+0x11c>)
100022dc:	f000 f8bc 	bl	10002458 <__assert_func>
100022e0:	6822      	ldr	r2, [r4, #0]
100022e2:	233f      	movs	r3, #63	; 0x3f
100022e4:	4013      	ands	r3, r2
100022e6:	42ab      	cmp	r3, r5
100022e8:	d1c3      	bne.n	10002272 <pll_init+0x66>
100022ea:	68a3      	ldr	r3, [r4, #8]
100022ec:	051b      	lsls	r3, r3, #20
100022ee:	0d1b      	lsrs	r3, r3, #20
100022f0:	4283      	cmp	r3, r0
100022f2:	d1be      	bne.n	10002272 <pll_init+0x66>
100022f4:	68e3      	ldr	r3, [r4, #12]
100022f6:	22ee      	movs	r2, #238	; 0xee
100022f8:	02d2      	lsls	r2, r2, #11
100022fa:	4013      	ands	r3, r2
100022fc:	42b3      	cmp	r3, r6
100022fe:	d1b8      	bne.n	10002272 <pll_init+0x66>
10002300:	e7d3      	b.n	100022aa <pll_init+0x9e>
10002302:	2280      	movs	r2, #128	; 0x80
10002304:	0192      	lsls	r2, r2, #6
10002306:	e7b9      	b.n	1000227c <pll_init+0x70>
10002308:	d34be880 	.word	0xd34be880
1000230c:	32a9f880 	.word	0x32a9f880
10002310:	4002c000 	.word	0x4002c000
10002314:	4000e000 	.word	0x4000e000
10002318:	4000f000 	.word	0x4000f000
1000231c:	4000c000 	.word	0x4000c000
10002320:	10007d44 	.word	0x10007d44
10002324:	10007e70 	.word	0x10007e70
10002328:	10007da4 	.word	0x10007da4
1000232c:	10007dec 	.word	0x10007dec
10002330:	10007e08 	.word	0x10007e08
10002334:	10007e54 	.word	0x10007e54

10002338 <pll_deinit>:
10002338:	232d      	movs	r3, #45	; 0x2d
1000233a:	6043      	str	r3, [r0, #4]
1000233c:	4770      	bx	lr
	...

10002340 <watchdog_start_tick>:
10002340:	2380      	movs	r3, #128	; 0x80
10002342:	009b      	lsls	r3, r3, #2
10002344:	4303      	orrs	r3, r0
10002346:	4a01      	ldr	r2, [pc, #4]	; (1000234c <watchdog_start_tick+0xc>)
10002348:	62d3      	str	r3, [r2, #44]	; 0x2c
1000234a:	4770      	bx	lr
1000234c:	40058000 	.word	0x40058000

10002350 <watchdog_update>:
10002350:	4b02      	ldr	r3, [pc, #8]	; (1000235c <watchdog_update+0xc>)
10002352:	681a      	ldr	r2, [r3, #0]
10002354:	4b02      	ldr	r3, [pc, #8]	; (10002360 <watchdog_update+0x10>)
10002356:	605a      	str	r2, [r3, #4]
10002358:	4770      	bx	lr
1000235a:	46c0      	nop			; (mov r8, r8)
1000235c:	200017c8 	.word	0x200017c8
10002360:	40058000 	.word	0x40058000

10002364 <_watchdog_enable>:
10002364:	b510      	push	{r4, lr}
10002366:	0002      	movs	r2, r0
10002368:	4b16      	ldr	r3, [pc, #88]	; (100023c4 <_watchdog_enable+0x60>)
1000236a:	2080      	movs	r0, #128	; 0x80
1000236c:	05c0      	lsls	r0, r0, #23
1000236e:	6018      	str	r0, [r3, #0]
10002370:	4b15      	ldr	r3, [pc, #84]	; (100023c8 <_watchdog_enable+0x64>)
10002372:	4816      	ldr	r0, [pc, #88]	; (100023cc <_watchdog_enable+0x68>)
10002374:	6018      	str	r0, [r3, #0]
10002376:	2900      	cmp	r1, #0
10002378:	d00a      	beq.n	10002390 <_watchdog_enable+0x2c>
1000237a:	4b15      	ldr	r3, [pc, #84]	; (100023d0 <_watchdog_enable+0x6c>)
1000237c:	21e0      	movs	r1, #224	; 0xe0
1000237e:	04c9      	lsls	r1, r1, #19
10002380:	6019      	str	r1, [r3, #0]
10002382:	2a00      	cmp	r2, #0
10002384:	d109      	bne.n	1000239a <_watchdog_enable+0x36>
10002386:	4b12      	ldr	r3, [pc, #72]	; (100023d0 <_watchdog_enable+0x6c>)
10002388:	2280      	movs	r2, #128	; 0x80
1000238a:	0612      	lsls	r2, r2, #24
1000238c:	601a      	str	r2, [r3, #0]
1000238e:	bd10      	pop	{r4, pc}
10002390:	4b0c      	ldr	r3, [pc, #48]	; (100023c4 <_watchdog_enable+0x60>)
10002392:	21e0      	movs	r1, #224	; 0xe0
10002394:	04c9      	lsls	r1, r1, #19
10002396:	6019      	str	r1, [r3, #0]
10002398:	e7f3      	b.n	10002382 <_watchdog_enable+0x1e>
1000239a:	0153      	lsls	r3, r2, #5
1000239c:	1a9b      	subs	r3, r3, r2
1000239e:	0098      	lsls	r0, r3, #2
100023a0:	1880      	adds	r0, r0, r2
100023a2:	0100      	lsls	r0, r0, #4
100023a4:	4b0b      	ldr	r3, [pc, #44]	; (100023d4 <_watchdog_enable+0x70>)
100023a6:	6018      	str	r0, [r3, #0]
100023a8:	2380      	movs	r3, #128	; 0x80
100023aa:	045b      	lsls	r3, r3, #17
100023ac:	4298      	cmp	r0, r3
100023ae:	d302      	bcc.n	100023b6 <_watchdog_enable+0x52>
100023b0:	4b08      	ldr	r3, [pc, #32]	; (100023d4 <_watchdog_enable+0x70>)
100023b2:	4a09      	ldr	r2, [pc, #36]	; (100023d8 <_watchdog_enable+0x74>)
100023b4:	601a      	str	r2, [r3, #0]
100023b6:	f7ff ffcb 	bl	10002350 <watchdog_update>
100023ba:	4b05      	ldr	r3, [pc, #20]	; (100023d0 <_watchdog_enable+0x6c>)
100023bc:	2280      	movs	r2, #128	; 0x80
100023be:	05d2      	lsls	r2, r2, #23
100023c0:	601a      	str	r2, [r3, #0]
100023c2:	e7e4      	b.n	1000238e <_watchdog_enable+0x2a>
100023c4:	4005b000 	.word	0x4005b000
100023c8:	40012008 	.word	0x40012008
100023cc:	0001fffc 	.word	0x0001fffc
100023d0:	4005a000 	.word	0x4005a000
100023d4:	200017c8 	.word	0x200017c8
100023d8:	00ffffff 	.word	0x00ffffff

100023dc <watchdog_reboot>:
100023dc:	b510      	push	{r4, lr}
100023de:	0003      	movs	r3, r0
100023e0:	0010      	movs	r0, r2
100023e2:	4a0c      	ldr	r2, [pc, #48]	; (10002414 <watchdog_reboot+0x38>)
100023e4:	2480      	movs	r4, #128	; 0x80
100023e6:	05e4      	lsls	r4, r4, #23
100023e8:	6014      	str	r4, [r2, #0]
100023ea:	2b00      	cmp	r3, #0
100023ec:	d00d      	beq.n	1000240a <watchdog_reboot+0x2e>
100023ee:	2201      	movs	r2, #1
100023f0:	4313      	orrs	r3, r2
100023f2:	4a09      	ldr	r2, [pc, #36]	; (10002418 <watchdog_reboot+0x3c>)
100023f4:	4c09      	ldr	r4, [pc, #36]	; (1000241c <watchdog_reboot+0x40>)
100023f6:	61d4      	str	r4, [r2, #28]
100023f8:	4c09      	ldr	r4, [pc, #36]	; (10002420 <watchdog_reboot+0x44>)
100023fa:	405c      	eors	r4, r3
100023fc:	6214      	str	r4, [r2, #32]
100023fe:	6251      	str	r1, [r2, #36]	; 0x24
10002400:	6293      	str	r3, [r2, #40]	; 0x28
10002402:	2100      	movs	r1, #0
10002404:	f7ff ffae 	bl	10002364 <_watchdog_enable>
10002408:	bd10      	pop	{r4, pc}
1000240a:	4b03      	ldr	r3, [pc, #12]	; (10002418 <watchdog_reboot+0x3c>)
1000240c:	2200      	movs	r2, #0
1000240e:	61da      	str	r2, [r3, #28]
10002410:	e7f7      	b.n	10002402 <watchdog_reboot+0x26>
10002412:	46c0      	nop			; (mov r8, r8)
10002414:	4005b000 	.word	0x4005b000
10002418:	40058000 	.word	0x40058000
1000241c:	b007c0d3 	.word	0xb007c0d3
10002420:	4ff83f2d 	.word	0x4ff83f2d

10002424 <xosc_init>:
10002424:	4b06      	ldr	r3, [pc, #24]	; (10002440 <xosc_init+0x1c>)
10002426:	22aa      	movs	r2, #170	; 0xaa
10002428:	0112      	lsls	r2, r2, #4
1000242a:	601a      	str	r2, [r3, #0]
1000242c:	222f      	movs	r2, #47	; 0x2f
1000242e:	60da      	str	r2, [r3, #12]
10002430:	4b04      	ldr	r3, [pc, #16]	; (10002444 <xosc_init+0x20>)
10002432:	4a05      	ldr	r2, [pc, #20]	; (10002448 <xosc_init+0x24>)
10002434:	601a      	str	r2, [r3, #0]
10002436:	4b02      	ldr	r3, [pc, #8]	; (10002440 <xosc_init+0x1c>)
10002438:	685b      	ldr	r3, [r3, #4]
1000243a:	2b00      	cmp	r3, #0
1000243c:	dafb      	bge.n	10002436 <xosc_init+0x12>
1000243e:	4770      	bx	lr
10002440:	40024000 	.word	0x40024000
10002444:	40026000 	.word	0x40026000
10002448:	00fab000 	.word	0x00fab000

1000244c <_exit>:
1000244c:	be00      	bkpt	0x0000
1000244e:	e7fd      	b.n	1000244c <_exit>

10002450 <exit>:
10002450:	b510      	push	{r4, lr}
10002452:	f7ff fffb 	bl	1000244c <_exit>
	...

10002458 <__assert_func>:
10002458:	b510      	push	{r4, lr}
1000245a:	b082      	sub	sp, #8
1000245c:	000c      	movs	r4, r1
1000245e:	0019      	movs	r1, r3
10002460:	2a00      	cmp	r2, #0
10002462:	d00c      	beq.n	1000247e <__assert_func+0x26>
10002464:	4b08      	ldr	r3, [pc, #32]	; (10002488 <__assert_func+0x30>)
10002466:	2a00      	cmp	r2, #0
10002468:	d00b      	beq.n	10002482 <__assert_func+0x2a>
1000246a:	9201      	str	r2, [sp, #4]
1000246c:	9300      	str	r3, [sp, #0]
1000246e:	0023      	movs	r3, r4
10002470:	0002      	movs	r2, r0
10002472:	4806      	ldr	r0, [pc, #24]	; (1000248c <__assert_func+0x34>)
10002474:	f002 f9f2 	bl	1000485c <__wrap_printf>
10002478:	2001      	movs	r0, #1
1000247a:	f7ff ffe7 	bl	1000244c <_exit>
1000247e:	4b04      	ldr	r3, [pc, #16]	; (10002490 <__assert_func+0x38>)
10002480:	e7f1      	b.n	10002466 <__assert_func+0xe>
10002482:	4a03      	ldr	r2, [pc, #12]	; (10002490 <__assert_func+0x38>)
10002484:	e7f1      	b.n	1000246a <__assert_func+0x12>
10002486:	46c0      	nop			; (mov r8, r8)
10002488:	10007e7c 	.word	0x10007e7c
1000248c:	10007e8c 	.word	0x10007e8c
10002490:	10007e88 	.word	0x10007e88

10002494 <runtime_init>:
10002494:	b570      	push	{r4, r5, r6, lr}
10002496:	4b2b      	ldr	r3, [pc, #172]	; (10002544 <runtime_init+0xb0>)
10002498:	4a2b      	ldr	r2, [pc, #172]	; (10002548 <runtime_init+0xb4>)
1000249a:	601a      	str	r2, [r3, #0]
1000249c:	4b2b      	ldr	r3, [pc, #172]	; (1000254c <runtime_init+0xb8>)
1000249e:	4a2c      	ldr	r2, [pc, #176]	; (10002550 <runtime_init+0xbc>)
100024a0:	601a      	str	r2, [r3, #0]
100024a2:	4b2c      	ldr	r3, [pc, #176]	; (10002554 <runtime_init+0xc0>)
100024a4:	689a      	ldr	r2, [r3, #8]
100024a6:	4b2a      	ldr	r3, [pc, #168]	; (10002550 <runtime_init+0xbc>)
100024a8:	4393      	bics	r3, r2
100024aa:	d1fa      	bne.n	100024a2 <runtime_init+0xe>
100024ac:	4c2a      	ldr	r4, [pc, #168]	; (10002558 <runtime_init+0xc4>)
100024ae:	e001      	b.n	100024b4 <runtime_init+0x20>
100024b0:	cc08      	ldmia	r4!, {r3}
100024b2:	4798      	blx	r3
100024b4:	4b29      	ldr	r3, [pc, #164]	; (1000255c <runtime_init+0xc8>)
100024b6:	429c      	cmp	r4, r3
100024b8:	d3fa      	bcc.n	100024b0 <runtime_init+0x1c>
100024ba:	f7ff fe01 	bl	100020c0 <clocks_init>
100024be:	4b23      	ldr	r3, [pc, #140]	; (1000254c <runtime_init+0xb8>)
100024c0:	4a27      	ldr	r2, [pc, #156]	; (10002560 <runtime_init+0xcc>)
100024c2:	601a      	str	r2, [r3, #0]
100024c4:	4b23      	ldr	r3, [pc, #140]	; (10002554 <runtime_init+0xc0>)
100024c6:	689b      	ldr	r3, [r3, #8]
100024c8:	43db      	mvns	r3, r3
100024ca:	01db      	lsls	r3, r3, #7
100024cc:	d1fa      	bne.n	100024c4 <runtime_init+0x30>
100024ce:	4b25      	ldr	r3, [pc, #148]	; (10002564 <runtime_init+0xd0>)
100024d0:	2240      	movs	r2, #64	; 0x40
100024d2:	679a      	str	r2, [r3, #120]	; 0x78
100024d4:	675a      	str	r2, [r3, #116]	; 0x74
100024d6:	671a      	str	r2, [r3, #112]	; 0x70
100024d8:	66da      	str	r2, [r3, #108]	; 0x6c
100024da:	4c23      	ldr	r4, [pc, #140]	; (10002568 <runtime_init+0xd4>)
100024dc:	e009      	b.n	100024f2 <runtime_init+0x5e>
100024de:	4b23      	ldr	r3, [pc, #140]	; (1000256c <runtime_init+0xd8>)
100024e0:	4a23      	ldr	r2, [pc, #140]	; (10002570 <runtime_init+0xdc>)
100024e2:	2186      	movs	r1, #134	; 0x86
100024e4:	4823      	ldr	r0, [pc, #140]	; (10002574 <runtime_init+0xe0>)
100024e6:	f7ff ffb7 	bl	10002458 <__assert_func>
100024ea:	0020      	movs	r0, r4
100024ec:	f7fe fc18 	bl	10000d20 <mutex_init>
100024f0:	3408      	adds	r4, #8
100024f2:	4b21      	ldr	r3, [pc, #132]	; (10002578 <runtime_init+0xe4>)
100024f4:	429c      	cmp	r4, r3
100024f6:	d209      	bcs.n	1000250c <runtime_init+0x78>
100024f8:	6823      	ldr	r3, [r4, #0]
100024fa:	2b00      	cmp	r3, #0
100024fc:	d0f5      	beq.n	100024ea <runtime_init+0x56>
100024fe:	2b01      	cmp	r3, #1
10002500:	d1ed      	bne.n	100024de <runtime_init+0x4a>
10002502:	0020      	movs	r0, r4
10002504:	f7fe fc19 	bl	10000d3a <recursive_mutex_init>
10002508:	3408      	adds	r4, #8
1000250a:	e7f2      	b.n	100024f2 <runtime_init+0x5e>
1000250c:	4c1b      	ldr	r4, [pc, #108]	; (1000257c <runtime_init+0xe8>)
1000250e:	68a1      	ldr	r1, [r4, #8]
10002510:	4d1b      	ldr	r5, [pc, #108]	; (10002580 <runtime_init+0xec>)
10002512:	22c0      	movs	r2, #192	; 0xc0
10002514:	0028      	movs	r0, r5
10002516:	f002 f849 	bl	100045ac <__wrap___aeabi_memcpy>
1000251a:	60a5      	str	r5, [r4, #8]
1000251c:	f3ef 8305 	mrs	r3, IPSR
10002520:	2b00      	cmp	r3, #0
10002522:	d000      	beq.n	10002526 <runtime_init+0x92>
10002524:	be00      	bkpt	0x0000
10002526:	f7fe f873 	bl	10000610 <spin_locks_reset>
1000252a:	f7fe fbcf 	bl	10000ccc <irq_init_priorities>
1000252e:	f7fe ff67 	bl	10001400 <alarm_pool_init_default>
10002532:	4c14      	ldr	r4, [pc, #80]	; (10002584 <runtime_init+0xf0>)
10002534:	e001      	b.n	1000253a <runtime_init+0xa6>
10002536:	cc08      	ldmia	r4!, {r3}
10002538:	4798      	blx	r3
1000253a:	4b13      	ldr	r3, [pc, #76]	; (10002588 <runtime_init+0xf4>)
1000253c:	429c      	cmp	r4, r3
1000253e:	d3fa      	bcc.n	10002536 <runtime_init+0xa2>
10002540:	bd70      	pop	{r4, r5, r6, pc}
10002542:	46c0      	nop			; (mov r8, r8)
10002544:	4000e000 	.word	0x4000e000
10002548:	fefbcdbf 	.word	0xfefbcdbf
1000254c:	4000f000 	.word	0x4000f000
10002550:	003c7ffe 	.word	0x003c7ffe
10002554:	4000c000 	.word	0x4000c000
10002558:	20000c88 	.word	0x20000c88
1000255c:	20000c98 	.word	0x20000c98
10002560:	01ffffff 	.word	0x01ffffff
10002564:	4001f000 	.word	0x4001f000
10002568:	20000c80 	.word	0x20000c80
1000256c:	10007ebc 	.word	0x10007ebc
10002570:	10007f38 	.word	0x10007f38
10002574:	10007edc 	.word	0x10007edc
10002578:	20000c88 	.word	0x20000c88
1000257c:	e000ed00 	.word	0xe000ed00
10002580:	20000000 	.word	0x20000000
10002584:	20000c98 	.word	0x20000c98
10002588:	20000ca0 	.word	0x20000ca0

1000258c <panic>:
1000258c:	b40f      	push	{r0, r1, r2, r3}
1000258e:	b500      	push	{lr}
10002590:	b083      	sub	sp, #12
10002592:	4808      	ldr	r0, [pc, #32]	; (100025b4 <panic+0x28>)
10002594:	f002 f932 	bl	100047fc <__wrap_puts>
10002598:	9b04      	ldr	r3, [sp, #16]
1000259a:	2b00      	cmp	r3, #0
1000259c:	d007      	beq.n	100025ae <panic+0x22>
1000259e:	a905      	add	r1, sp, #20
100025a0:	9101      	str	r1, [sp, #4]
100025a2:	0018      	movs	r0, r3
100025a4:	f002 f93a 	bl	1000481c <__wrap_vprintf>
100025a8:	4803      	ldr	r0, [pc, #12]	; (100025b8 <panic+0x2c>)
100025aa:	f002 f927 	bl	100047fc <__wrap_puts>
100025ae:	2001      	movs	r0, #1
100025b0:	f7ff ff4c 	bl	1000244c <_exit>
100025b4:	10007f28 	.word	0x10007f28
100025b8:	10007320 	.word	0x10007320

100025bc <_out_null>:
100025bc:	4770      	bx	lr

100025be <_out_fct>:
100025be:	b510      	push	{r4, lr}
100025c0:	2800      	cmp	r0, #0
100025c2:	d002      	beq.n	100025ca <_out_fct+0xc>
100025c4:	680b      	ldr	r3, [r1, #0]
100025c6:	6849      	ldr	r1, [r1, #4]
100025c8:	4798      	blx	r3
100025ca:	bd10      	pop	{r4, pc}

100025cc <_atoi>:
100025cc:	0001      	movs	r1, r0
100025ce:	2000      	movs	r0, #0
100025d0:	e007      	b.n	100025e2 <_atoi+0x16>
100025d2:	0083      	lsls	r3, r0, #2
100025d4:	181b      	adds	r3, r3, r0
100025d6:	005b      	lsls	r3, r3, #1
100025d8:	1c50      	adds	r0, r2, #1
100025da:	6008      	str	r0, [r1, #0]
100025dc:	7810      	ldrb	r0, [r2, #0]
100025de:	18c0      	adds	r0, r0, r3
100025e0:	3830      	subs	r0, #48	; 0x30
100025e2:	680a      	ldr	r2, [r1, #0]
100025e4:	7813      	ldrb	r3, [r2, #0]
100025e6:	3b30      	subs	r3, #48	; 0x30
100025e8:	b2db      	uxtb	r3, r3
100025ea:	2b09      	cmp	r3, #9
100025ec:	d9f1      	bls.n	100025d2 <_atoi+0x6>
100025ee:	4770      	bx	lr

100025f0 <_out_rev>:
100025f0:	b5f0      	push	{r4, r5, r6, r7, lr}
100025f2:	46de      	mov	lr, fp
100025f4:	4657      	mov	r7, sl
100025f6:	464e      	mov	r6, r9
100025f8:	4645      	mov	r5, r8
100025fa:	b5e0      	push	{r5, r6, r7, lr}
100025fc:	b083      	sub	sp, #12
100025fe:	4693      	mov	fp, r2
10002600:	001f      	movs	r7, r3
10002602:	9b0c      	ldr	r3, [sp, #48]	; 0x30
10002604:	469a      	mov	sl, r3
10002606:	9c0d      	ldr	r4, [sp, #52]	; 0x34
10002608:	9b0e      	ldr	r3, [sp, #56]	; 0x38
1000260a:	4699      	mov	r9, r3
1000260c:	9b0f      	ldr	r3, [sp, #60]	; 0x3c
1000260e:	079b      	lsls	r3, r3, #30
10002610:	d003      	beq.n	1000261a <_out_rev+0x2a>
10002612:	46b8      	mov	r8, r7
10002614:	000f      	movs	r7, r1
10002616:	0006      	movs	r6, r0
10002618:	e022      	b.n	10002660 <_out_rev+0x70>
1000261a:	9201      	str	r2, [sp, #4]
1000261c:	46a3      	mov	fp, r4
1000261e:	4688      	mov	r8, r1
10002620:	464e      	mov	r6, r9
10002622:	46b9      	mov	r9, r7
10002624:	0007      	movs	r7, r0
10002626:	42b4      	cmp	r4, r6
10002628:	d207      	bcs.n	1000263a <_out_rev+0x4a>
1000262a:	1c55      	adds	r5, r2, #1
1000262c:	464b      	mov	r3, r9
1000262e:	4641      	mov	r1, r8
10002630:	2020      	movs	r0, #32
10002632:	47b8      	blx	r7
10002634:	3401      	adds	r4, #1
10002636:	002a      	movs	r2, r5
10002638:	e7f5      	b.n	10002626 <_out_rev+0x36>
1000263a:	003d      	movs	r5, r7
1000263c:	464f      	mov	r7, r9
1000263e:	465c      	mov	r4, fp
10002640:	9b01      	ldr	r3, [sp, #4]
10002642:	469b      	mov	fp, r3
10002644:	46b1      	mov	r9, r6
10002646:	4646      	mov	r6, r8
10002648:	46b8      	mov	r8, r7
1000264a:	0037      	movs	r7, r6
1000264c:	002e      	movs	r6, r5
1000264e:	e007      	b.n	10002660 <_out_rev+0x70>
10002650:	3c01      	subs	r4, #1
10002652:	1c55      	adds	r5, r2, #1
10002654:	4653      	mov	r3, sl
10002656:	5d18      	ldrb	r0, [r3, r4]
10002658:	4643      	mov	r3, r8
1000265a:	0039      	movs	r1, r7
1000265c:	47b0      	blx	r6
1000265e:	002a      	movs	r2, r5
10002660:	2c00      	cmp	r4, #0
10002662:	d1f5      	bne.n	10002650 <_out_rev+0x60>
10002664:	0035      	movs	r5, r6
10002666:	003e      	movs	r6, r7
10002668:	4647      	mov	r7, r8
1000266a:	9b0f      	ldr	r3, [sp, #60]	; 0x3c
1000266c:	079b      	lsls	r3, r3, #30
1000266e:	d407      	bmi.n	10002680 <_out_rev+0x90>
10002670:	0010      	movs	r0, r2
10002672:	b003      	add	sp, #12
10002674:	bcf0      	pop	{r4, r5, r6, r7}
10002676:	46bb      	mov	fp, r7
10002678:	46b2      	mov	sl, r6
1000267a:	46a9      	mov	r9, r5
1000267c:	46a0      	mov	r8, r4
1000267e:	bdf0      	pop	{r4, r5, r6, r7, pc}
10002680:	46b0      	mov	r8, r6
10002682:	464e      	mov	r6, r9
10002684:	46b9      	mov	r9, r7
10002686:	002f      	movs	r7, r5
10002688:	465d      	mov	r5, fp
1000268a:	1b53      	subs	r3, r2, r5
1000268c:	42b3      	cmp	r3, r6
1000268e:	d2ef      	bcs.n	10002670 <_out_rev+0x80>
10002690:	1c54      	adds	r4, r2, #1
10002692:	464b      	mov	r3, r9
10002694:	4641      	mov	r1, r8
10002696:	2020      	movs	r0, #32
10002698:	47b8      	blx	r7
1000269a:	0022      	movs	r2, r4
1000269c:	e7f5      	b.n	1000268a <_out_rev+0x9a>

1000269e <_ntoa_format>:
1000269e:	b5f0      	push	{r4, r5, r6, r7, lr}
100026a0:	46ce      	mov	lr, r9
100026a2:	4647      	mov	r7, r8
100026a4:	b580      	push	{r7, lr}
100026a6:	b085      	sub	sp, #20
100026a8:	4694      	mov	ip, r2
100026aa:	4698      	mov	r8, r3
100026ac:	9d0c      	ldr	r5, [sp, #48]	; 0x30
100026ae:	9c0d      	ldr	r4, [sp, #52]	; 0x34
100026b0:	ab0e      	add	r3, sp, #56	; 0x38
100026b2:	781b      	ldrb	r3, [r3, #0]
100026b4:	4699      	mov	r9, r3
100026b6:	9a10      	ldr	r2, [sp, #64]	; 0x40
100026b8:	9b11      	ldr	r3, [sp, #68]	; 0x44
100026ba:	9e12      	ldr	r6, [sp, #72]	; 0x48
100026bc:	07b7      	lsls	r7, r6, #30
100026be:	d41c      	bmi.n	100026fa <_ntoa_format+0x5c>
100026c0:	2b00      	cmp	r3, #0
100026c2:	d00c      	beq.n	100026de <_ntoa_format+0x40>
100026c4:	07f7      	lsls	r7, r6, #31
100026c6:	d50a      	bpl.n	100026de <_ntoa_format+0x40>
100026c8:	464f      	mov	r7, r9
100026ca:	2f00      	cmp	r7, #0
100026cc:	d102      	bne.n	100026d4 <_ntoa_format+0x36>
100026ce:	370c      	adds	r7, #12
100026d0:	4237      	tst	r7, r6
100026d2:	d004      	beq.n	100026de <_ntoa_format+0x40>
100026d4:	3b01      	subs	r3, #1
100026d6:	e002      	b.n	100026de <_ntoa_format+0x40>
100026d8:	2730      	movs	r7, #48	; 0x30
100026da:	552f      	strb	r7, [r5, r4]
100026dc:	3401      	adds	r4, #1
100026de:	4294      	cmp	r4, r2
100026e0:	d201      	bcs.n	100026e6 <_ntoa_format+0x48>
100026e2:	2c1f      	cmp	r4, #31
100026e4:	d9f8      	bls.n	100026d8 <_ntoa_format+0x3a>
100026e6:	07f7      	lsls	r7, r6, #31
100026e8:	d507      	bpl.n	100026fa <_ntoa_format+0x5c>
100026ea:	429c      	cmp	r4, r3
100026ec:	d205      	bcs.n	100026fa <_ntoa_format+0x5c>
100026ee:	2c1f      	cmp	r4, #31
100026f0:	d803      	bhi.n	100026fa <_ntoa_format+0x5c>
100026f2:	2730      	movs	r7, #48	; 0x30
100026f4:	552f      	strb	r7, [r5, r4]
100026f6:	3401      	adds	r4, #1
100026f8:	e7f5      	b.n	100026e6 <_ntoa_format+0x48>
100026fa:	06f7      	lsls	r7, r6, #27
100026fc:	d515      	bpl.n	1000272a <_ntoa_format+0x8c>
100026fe:	0577      	lsls	r7, r6, #21
10002700:	d405      	bmi.n	1000270e <_ntoa_format+0x70>
10002702:	2c00      	cmp	r4, #0
10002704:	d003      	beq.n	1000270e <_ntoa_format+0x70>
10002706:	4294      	cmp	r4, r2
10002708:	d024      	beq.n	10002754 <_ntoa_format+0xb6>
1000270a:	429c      	cmp	r4, r3
1000270c:	d022      	beq.n	10002754 <_ntoa_format+0xb6>
1000270e:	9a0f      	ldr	r2, [sp, #60]	; 0x3c
10002710:	2a10      	cmp	r2, #16
10002712:	d02b      	beq.n	1000276c <_ntoa_format+0xce>
10002714:	9a0f      	ldr	r2, [sp, #60]	; 0x3c
10002716:	2a10      	cmp	r2, #16
10002718:	d030      	beq.n	1000277c <_ntoa_format+0xde>
1000271a:	9a0f      	ldr	r2, [sp, #60]	; 0x3c
1000271c:	2a02      	cmp	r2, #2
1000271e:	d035      	beq.n	1000278c <_ntoa_format+0xee>
10002720:	2c1f      	cmp	r4, #31
10002722:	d802      	bhi.n	1000272a <_ntoa_format+0x8c>
10002724:	2230      	movs	r2, #48	; 0x30
10002726:	552a      	strb	r2, [r5, r4]
10002728:	3401      	adds	r4, #1
1000272a:	2c1f      	cmp	r4, #31
1000272c:	d805      	bhi.n	1000273a <_ntoa_format+0x9c>
1000272e:	464a      	mov	r2, r9
10002730:	2a00      	cmp	r2, #0
10002732:	d031      	beq.n	10002798 <_ntoa_format+0xfa>
10002734:	222d      	movs	r2, #45	; 0x2d
10002736:	552a      	strb	r2, [r5, r4]
10002738:	3401      	adds	r4, #1
1000273a:	9603      	str	r6, [sp, #12]
1000273c:	9302      	str	r3, [sp, #8]
1000273e:	9401      	str	r4, [sp, #4]
10002740:	9500      	str	r5, [sp, #0]
10002742:	4643      	mov	r3, r8
10002744:	4662      	mov	r2, ip
10002746:	f7ff ff53 	bl	100025f0 <_out_rev>
1000274a:	b005      	add	sp, #20
1000274c:	bcc0      	pop	{r6, r7}
1000274e:	46b9      	mov	r9, r7
10002750:	46b0      	mov	r8, r6
10002752:	bdf0      	pop	{r4, r5, r6, r7, pc}
10002754:	1e62      	subs	r2, r4, #1
10002756:	2c01      	cmp	r4, #1
10002758:	d006      	beq.n	10002768 <_ntoa_format+0xca>
1000275a:	9f0f      	ldr	r7, [sp, #60]	; 0x3c
1000275c:	2f10      	cmp	r7, #16
1000275e:	d001      	beq.n	10002764 <_ntoa_format+0xc6>
10002760:	0014      	movs	r4, r2
10002762:	e7d4      	b.n	1000270e <_ntoa_format+0x70>
10002764:	3c02      	subs	r4, #2
10002766:	e7d2      	b.n	1000270e <_ntoa_format+0x70>
10002768:	0014      	movs	r4, r2
1000276a:	e7d0      	b.n	1000270e <_ntoa_format+0x70>
1000276c:	06b2      	lsls	r2, r6, #26
1000276e:	d4d1      	bmi.n	10002714 <_ntoa_format+0x76>
10002770:	2c1f      	cmp	r4, #31
10002772:	d8cf      	bhi.n	10002714 <_ntoa_format+0x76>
10002774:	2278      	movs	r2, #120	; 0x78
10002776:	552a      	strb	r2, [r5, r4]
10002778:	3401      	adds	r4, #1
1000277a:	e7d1      	b.n	10002720 <_ntoa_format+0x82>
1000277c:	06b2      	lsls	r2, r6, #26
1000277e:	d5cc      	bpl.n	1000271a <_ntoa_format+0x7c>
10002780:	2c1f      	cmp	r4, #31
10002782:	d8ca      	bhi.n	1000271a <_ntoa_format+0x7c>
10002784:	2258      	movs	r2, #88	; 0x58
10002786:	552a      	strb	r2, [r5, r4]
10002788:	3401      	adds	r4, #1
1000278a:	e7c9      	b.n	10002720 <_ntoa_format+0x82>
1000278c:	2c1f      	cmp	r4, #31
1000278e:	d8c7      	bhi.n	10002720 <_ntoa_format+0x82>
10002790:	3260      	adds	r2, #96	; 0x60
10002792:	552a      	strb	r2, [r5, r4]
10002794:	3401      	adds	r4, #1
10002796:	e7c3      	b.n	10002720 <_ntoa_format+0x82>
10002798:	0772      	lsls	r2, r6, #29
1000279a:	d503      	bpl.n	100027a4 <_ntoa_format+0x106>
1000279c:	222b      	movs	r2, #43	; 0x2b
1000279e:	552a      	strb	r2, [r5, r4]
100027a0:	3401      	adds	r4, #1
100027a2:	e7ca      	b.n	1000273a <_ntoa_format+0x9c>
100027a4:	0732      	lsls	r2, r6, #28
100027a6:	d5c8      	bpl.n	1000273a <_ntoa_format+0x9c>
100027a8:	2220      	movs	r2, #32
100027aa:	552a      	strb	r2, [r5, r4]
100027ac:	3401      	adds	r4, #1
100027ae:	e7c4      	b.n	1000273a <_ntoa_format+0x9c>

100027b0 <_ntoa_long>:
100027b0:	b5f0      	push	{r4, r5, r6, r7, lr}
100027b2:	46de      	mov	lr, fp
100027b4:	4657      	mov	r7, sl
100027b6:	464e      	mov	r6, r9
100027b8:	4645      	mov	r5, r8
100027ba:	b5e0      	push	{r5, r6, r7, lr}
100027bc:	b093      	sub	sp, #76	; 0x4c
100027be:	4681      	mov	r9, r0
100027c0:	468a      	mov	sl, r1
100027c2:	9208      	str	r2, [sp, #32]
100027c4:	9309      	str	r3, [sp, #36]	; 0x24
100027c6:	ab1c      	add	r3, sp, #112	; 0x70
100027c8:	cb10      	ldmia	r3!, {r4}
100027ca:	781b      	ldrb	r3, [r3, #0]
100027cc:	469b      	mov	fp, r3
100027ce:	9d1e      	ldr	r5, [sp, #120]	; 0x78
100027d0:	9b21      	ldr	r3, [sp, #132]	; 0x84
100027d2:	4698      	mov	r8, r3
100027d4:	2c00      	cmp	r4, #0
100027d6:	d103      	bne.n	100027e0 <_ntoa_long+0x30>
100027d8:	2310      	movs	r3, #16
100027da:	4642      	mov	r2, r8
100027dc:	439a      	bics	r2, r3
100027de:	4690      	mov	r8, r2
100027e0:	2380      	movs	r3, #128	; 0x80
100027e2:	00db      	lsls	r3, r3, #3
100027e4:	4646      	mov	r6, r8
100027e6:	401e      	ands	r6, r3
100027e8:	4642      	mov	r2, r8
100027ea:	421a      	tst	r2, r3
100027ec:	d012      	beq.n	10002814 <_ntoa_long+0x64>
100027ee:	2c00      	cmp	r4, #0
100027f0:	d022      	beq.n	10002838 <_ntoa_long+0x88>
100027f2:	2600      	movs	r6, #0
100027f4:	e00e      	b.n	10002814 <_ntoa_long+0x64>
100027f6:	3330      	adds	r3, #48	; 0x30
100027f8:	b2d9      	uxtb	r1, r3
100027fa:	1c77      	adds	r7, r6, #1
100027fc:	ab0a      	add	r3, sp, #40	; 0x28
100027fe:	5599      	strb	r1, [r3, r6]
10002800:	0029      	movs	r1, r5
10002802:	0020      	movs	r0, r4
10002804:	f000 ffd6 	bl	100037b4 <__wrap___aeabi_uidiv>
10002808:	42ac      	cmp	r4, r5
1000280a:	d316      	bcc.n	1000283a <_ntoa_long+0x8a>
1000280c:	2f1f      	cmp	r7, #31
1000280e:	d814      	bhi.n	1000283a <_ntoa_long+0x8a>
10002810:	003e      	movs	r6, r7
10002812:	0004      	movs	r4, r0
10002814:	0029      	movs	r1, r5
10002816:	0020      	movs	r0, r4
10002818:	f000 ffcc 	bl	100037b4 <__wrap___aeabi_uidiv>
1000281c:	b2cb      	uxtb	r3, r1
1000281e:	2b09      	cmp	r3, #9
10002820:	d9e9      	bls.n	100027f6 <_ntoa_long+0x46>
10002822:	4642      	mov	r2, r8
10002824:	0692      	lsls	r2, r2, #26
10002826:	d505      	bpl.n	10002834 <_ntoa_long+0x84>
10002828:	2141      	movs	r1, #65	; 0x41
1000282a:	18c9      	adds	r1, r1, r3
1000282c:	b2c9      	uxtb	r1, r1
1000282e:	390a      	subs	r1, #10
10002830:	b2c9      	uxtb	r1, r1
10002832:	e7e2      	b.n	100027fa <_ntoa_long+0x4a>
10002834:	2161      	movs	r1, #97	; 0x61
10002836:	e7f8      	b.n	1000282a <_ntoa_long+0x7a>
10002838:	0027      	movs	r7, r4
1000283a:	4643      	mov	r3, r8
1000283c:	9306      	str	r3, [sp, #24]
1000283e:	9b20      	ldr	r3, [sp, #128]	; 0x80
10002840:	9305      	str	r3, [sp, #20]
10002842:	9b1f      	ldr	r3, [sp, #124]	; 0x7c
10002844:	9304      	str	r3, [sp, #16]
10002846:	9503      	str	r5, [sp, #12]
10002848:	465b      	mov	r3, fp
1000284a:	9302      	str	r3, [sp, #8]
1000284c:	9701      	str	r7, [sp, #4]
1000284e:	ab0a      	add	r3, sp, #40	; 0x28
10002850:	9300      	str	r3, [sp, #0]
10002852:	9b09      	ldr	r3, [sp, #36]	; 0x24
10002854:	9a08      	ldr	r2, [sp, #32]
10002856:	4651      	mov	r1, sl
10002858:	4648      	mov	r0, r9
1000285a:	f7ff ff20 	bl	1000269e <_ntoa_format>
1000285e:	b013      	add	sp, #76	; 0x4c
10002860:	bcf0      	pop	{r4, r5, r6, r7}
10002862:	46bb      	mov	fp, r7
10002864:	46b2      	mov	sl, r6
10002866:	46a9      	mov	r9, r5
10002868:	46a0      	mov	r8, r4
1000286a:	bdf0      	pop	{r4, r5, r6, r7, pc}

1000286c <_ntoa_long_long>:
1000286c:	b5f0      	push	{r4, r5, r6, r7, lr}
1000286e:	46de      	mov	lr, fp
10002870:	4657      	mov	r7, sl
10002872:	464e      	mov	r6, r9
10002874:	4645      	mov	r5, r8
10002876:	b5e0      	push	{r5, r6, r7, lr}
10002878:	b095      	sub	sp, #84	; 0x54
1000287a:	9008      	str	r0, [sp, #32]
1000287c:	9109      	str	r1, [sp, #36]	; 0x24
1000287e:	920a      	str	r2, [sp, #40]	; 0x28
10002880:	930b      	str	r3, [sp, #44]	; 0x2c
10002882:	9e1e      	ldr	r6, [sp, #120]	; 0x78
10002884:	9c1f      	ldr	r4, [sp, #124]	; 0x7c
10002886:	ab20      	add	r3, sp, #128	; 0x80
10002888:	781b      	ldrb	r3, [r3, #0]
1000288a:	469b      	mov	fp, r3
1000288c:	9b22      	ldr	r3, [sp, #136]	; 0x88
1000288e:	4699      	mov	r9, r3
10002890:	9d23      	ldr	r5, [sp, #140]	; 0x8c
10002892:	9b26      	ldr	r3, [sp, #152]	; 0x98
10002894:	469a      	mov	sl, r3
10002896:	0033      	movs	r3, r6
10002898:	4323      	orrs	r3, r4
1000289a:	d103      	bne.n	100028a4 <_ntoa_long_long+0x38>
1000289c:	3310      	adds	r3, #16
1000289e:	4652      	mov	r2, sl
100028a0:	439a      	bics	r2, r3
100028a2:	4692      	mov	sl, r2
100028a4:	2380      	movs	r3, #128	; 0x80
100028a6:	00db      	lsls	r3, r3, #3
100028a8:	4657      	mov	r7, sl
100028aa:	401f      	ands	r7, r3
100028ac:	4652      	mov	r2, sl
100028ae:	421a      	tst	r2, r3
100028b0:	d019      	beq.n	100028e6 <_ntoa_long_long+0x7a>
100028b2:	0033      	movs	r3, r6
100028b4:	4323      	orrs	r3, r4
100028b6:	d02d      	beq.n	10002914 <_ntoa_long_long+0xa8>
100028b8:	2700      	movs	r7, #0
100028ba:	e014      	b.n	100028e6 <_ntoa_long_long+0x7a>
100028bc:	3330      	adds	r3, #48	; 0x30
100028be:	b2da      	uxtb	r2, r3
100028c0:	1c7b      	adds	r3, r7, #1
100028c2:	4698      	mov	r8, r3
100028c4:	ab0c      	add	r3, sp, #48	; 0x30
100028c6:	55da      	strb	r2, [r3, r7]
100028c8:	464a      	mov	r2, r9
100028ca:	002b      	movs	r3, r5
100028cc:	0030      	movs	r0, r6
100028ce:	0021      	movs	r1, r4
100028d0:	f000 ffae 	bl	10003830 <__wrap___aeabi_uldivmod>
100028d4:	42a5      	cmp	r5, r4
100028d6:	d81f      	bhi.n	10002918 <_ntoa_long_long+0xac>
100028d8:	d019      	beq.n	1000290e <_ntoa_long_long+0xa2>
100028da:	4643      	mov	r3, r8
100028dc:	2b1f      	cmp	r3, #31
100028de:	d81b      	bhi.n	10002918 <_ntoa_long_long+0xac>
100028e0:	4647      	mov	r7, r8
100028e2:	0006      	movs	r6, r0
100028e4:	000c      	movs	r4, r1
100028e6:	464a      	mov	r2, r9
100028e8:	002b      	movs	r3, r5
100028ea:	0030      	movs	r0, r6
100028ec:	0021      	movs	r1, r4
100028ee:	f000 ff9f 	bl	10003830 <__wrap___aeabi_uldivmod>
100028f2:	b2d3      	uxtb	r3, r2
100028f4:	2b09      	cmp	r3, #9
100028f6:	d9e1      	bls.n	100028bc <_ntoa_long_long+0x50>
100028f8:	4652      	mov	r2, sl
100028fa:	0692      	lsls	r2, r2, #26
100028fc:	d505      	bpl.n	1000290a <_ntoa_long_long+0x9e>
100028fe:	2241      	movs	r2, #65	; 0x41
10002900:	18d2      	adds	r2, r2, r3
10002902:	b2d2      	uxtb	r2, r2
10002904:	3a0a      	subs	r2, #10
10002906:	b2d2      	uxtb	r2, r2
10002908:	e7da      	b.n	100028c0 <_ntoa_long_long+0x54>
1000290a:	2261      	movs	r2, #97	; 0x61
1000290c:	e7f8      	b.n	10002900 <_ntoa_long_long+0x94>
1000290e:	45b1      	cmp	r9, r6
10002910:	d9e3      	bls.n	100028da <_ntoa_long_long+0x6e>
10002912:	e001      	b.n	10002918 <_ntoa_long_long+0xac>
10002914:	2300      	movs	r3, #0
10002916:	4698      	mov	r8, r3
10002918:	4653      	mov	r3, sl
1000291a:	9306      	str	r3, [sp, #24]
1000291c:	9b25      	ldr	r3, [sp, #148]	; 0x94
1000291e:	9305      	str	r3, [sp, #20]
10002920:	9b24      	ldr	r3, [sp, #144]	; 0x90
10002922:	9304      	str	r3, [sp, #16]
10002924:	464b      	mov	r3, r9
10002926:	9303      	str	r3, [sp, #12]
10002928:	465b      	mov	r3, fp
1000292a:	9302      	str	r3, [sp, #8]
1000292c:	4643      	mov	r3, r8
1000292e:	9301      	str	r3, [sp, #4]
10002930:	ab0c      	add	r3, sp, #48	; 0x30
10002932:	9300      	str	r3, [sp, #0]
10002934:	9b0b      	ldr	r3, [sp, #44]	; 0x2c
10002936:	9a0a      	ldr	r2, [sp, #40]	; 0x28
10002938:	9909      	ldr	r1, [sp, #36]	; 0x24
1000293a:	9808      	ldr	r0, [sp, #32]
1000293c:	f7ff feaf 	bl	1000269e <_ntoa_format>
10002940:	b015      	add	sp, #84	; 0x54
10002942:	bcf0      	pop	{r4, r5, r6, r7}
10002944:	46bb      	mov	fp, r7
10002946:	46b2      	mov	sl, r6
10002948:	46a9      	mov	r9, r5
1000294a:	46a0      	mov	r8, r4
1000294c:	bdf0      	pop	{r4, r5, r6, r7, pc}
	...

10002950 <_etoa>:
10002950:	b5f0      	push	{r4, r5, r6, r7, lr}
10002952:	46de      	mov	lr, fp
10002954:	4657      	mov	r7, sl
10002956:	464e      	mov	r6, r9
10002958:	4645      	mov	r5, r8
1000295a:	b5e0      	push	{r5, r6, r7, lr}
1000295c:	b091      	sub	sp, #68	; 0x44
1000295e:	4683      	mov	fp, r0
10002960:	468a      	mov	sl, r1
10002962:	920c      	str	r2, [sp, #48]	; 0x30
10002964:	4698      	mov	r8, r3
10002966:	9c1a      	ldr	r4, [sp, #104]	; 0x68
10002968:	9408      	str	r4, [sp, #32]
1000296a:	9d1b      	ldr	r5, [sp, #108]	; 0x6c
1000296c:	9509      	str	r5, [sp, #36]	; 0x24
1000296e:	0022      	movs	r2, r4
10002970:	002b      	movs	r3, r5
10002972:	0020      	movs	r0, r4
10002974:	0029      	movs	r1, r5
10002976:	f001 f9e6 	bl	10003d46 <__wrap___aeabi_dcmpun>
1000297a:	2800      	cmp	r0, #0
1000297c:	d000      	beq.n	10002980 <_etoa+0x30>
1000297e:	e0e5      	b.n	10002b4c <_etoa+0x1fc>
10002980:	2201      	movs	r2, #1
10002982:	4252      	negs	r2, r2
10002984:	4bd7      	ldr	r3, [pc, #860]	; (10002ce4 <_etoa+0x394>)
10002986:	0020      	movs	r0, r4
10002988:	0029      	movs	r1, r5
1000298a:	f001 f9d7 	bl	10003d3c <__wrap___aeabi_dcmpgt>
1000298e:	2800      	cmp	r0, #0
10002990:	d000      	beq.n	10002994 <_etoa+0x44>
10002992:	e0db      	b.n	10002b4c <_etoa+0x1fc>
10002994:	2201      	movs	r2, #1
10002996:	4252      	negs	r2, r2
10002998:	4bd3      	ldr	r3, [pc, #844]	; (10002ce8 <_etoa+0x398>)
1000299a:	0020      	movs	r0, r4
1000299c:	0029      	movs	r1, r5
1000299e:	f001 f9b7 	bl	10003d10 <__wrap___aeabi_dcmplt>
100029a2:	2800      	cmp	r0, #0
100029a4:	d000      	beq.n	100029a8 <_etoa+0x58>
100029a6:	e0d1      	b.n	10002b4c <_etoa+0x1fc>
100029a8:	2200      	movs	r2, #0
100029aa:	2300      	movs	r3, #0
100029ac:	9e08      	ldr	r6, [sp, #32]
100029ae:	0030      	movs	r0, r6
100029b0:	9d09      	ldr	r5, [sp, #36]	; 0x24
100029b2:	0029      	movs	r1, r5
100029b4:	f001 f9ac 	bl	10003d10 <__wrap___aeabi_dcmplt>
100029b8:	2800      	cmp	r0, #0
100029ba:	d000      	beq.n	100029be <_etoa+0x6e>
100029bc:	e0dd      	b.n	10002b7a <_etoa+0x22a>
100029be:	9808      	ldr	r0, [sp, #32]
100029c0:	9909      	ldr	r1, [sp, #36]	; 0x24
100029c2:	9006      	str	r0, [sp, #24]
100029c4:	9107      	str	r1, [sp, #28]
100029c6:	2380      	movs	r3, #128	; 0x80
100029c8:	00db      	lsls	r3, r3, #3
100029ca:	9a1e      	ldr	r2, [sp, #120]	; 0x78
100029cc:	401a      	ands	r2, r3
100029ce:	920d      	str	r2, [sp, #52]	; 0x34
100029d0:	9a1e      	ldr	r2, [sp, #120]	; 0x78
100029d2:	421a      	tst	r2, r3
100029d4:	d101      	bne.n	100029da <_etoa+0x8a>
100029d6:	2306      	movs	r3, #6
100029d8:	931c      	str	r3, [sp, #112]	; 0x70
100029da:	9806      	ldr	r0, [sp, #24]
100029dc:	9907      	ldr	r1, [sp, #28]
100029de:	0004      	movs	r4, r0
100029e0:	000d      	movs	r5, r1
100029e2:	000a      	movs	r2, r1
100029e4:	0006      	movs	r6, r0
100029e6:	4302      	orrs	r2, r0
100029e8:	d100      	bne.n	100029ec <_etoa+0x9c>
100029ea:	e0d1      	b.n	10002b90 <_etoa+0x240>
100029ec:	0d08      	lsrs	r0, r1, #20
100029ee:	0540      	lsls	r0, r0, #21
100029f0:	0d40      	lsrs	r0, r0, #21
100029f2:	4cbe      	ldr	r4, [pc, #760]	; (10002cec <_etoa+0x39c>)
100029f4:	46a4      	mov	ip, r4
100029f6:	4460      	add	r0, ip
100029f8:	030a      	lsls	r2, r1, #12
100029fa:	0b12      	lsrs	r2, r2, #12
100029fc:	4bbc      	ldr	r3, [pc, #752]	; (10002cf0 <_etoa+0x3a0>)
100029fe:	4313      	orrs	r3, r2
10002a00:	001f      	movs	r7, r3
10002a02:	f001 f9b3 	bl	10003d6c <__wrap___aeabi_i2d>
10002a06:	4abb      	ldr	r2, [pc, #748]	; (10002cf4 <_etoa+0x3a4>)
10002a08:	4bbb      	ldr	r3, [pc, #748]	; (10002cf8 <_etoa+0x3a8>)
10002a0a:	f001 f93e 	bl	10003c8a <__wrap___aeabi_dmul>
10002a0e:	4abb      	ldr	r2, [pc, #748]	; (10002cfc <_etoa+0x3ac>)
10002a10:	4bbb      	ldr	r3, [pc, #748]	; (10002d00 <_etoa+0x3b0>)
10002a12:	f001 f913 	bl	10003c3c <__wrap___aeabi_dadd>
10002a16:	0004      	movs	r4, r0
10002a18:	000d      	movs	r5, r1
10002a1a:	2200      	movs	r2, #0
10002a1c:	4bb9      	ldr	r3, [pc, #740]	; (10002d04 <_etoa+0x3b4>)
10002a1e:	0030      	movs	r0, r6
10002a20:	0039      	movs	r1, r7
10002a22:	f001 f902 	bl	10003c2a <__wrap___aeabi_dsub>
10002a26:	4ab8      	ldr	r2, [pc, #736]	; (10002d08 <_etoa+0x3b8>)
10002a28:	4bb8      	ldr	r3, [pc, #736]	; (10002d0c <_etoa+0x3bc>)
10002a2a:	f001 f92e 	bl	10003c8a <__wrap___aeabi_dmul>
10002a2e:	0002      	movs	r2, r0
10002a30:	000b      	movs	r3, r1
10002a32:	0020      	movs	r0, r4
10002a34:	0029      	movs	r1, r5
10002a36:	f001 f901 	bl	10003c3c <__wrap___aeabi_dadd>
10002a3a:	f001 f9af 	bl	10003d9c <__wrap___aeabi_d2iz>
10002a3e:	4681      	mov	r9, r0
10002a40:	f001 f994 	bl	10003d6c <__wrap___aeabi_i2d>
10002a44:	0004      	movs	r4, r0
10002a46:	000d      	movs	r5, r1
10002a48:	4ab1      	ldr	r2, [pc, #708]	; (10002d10 <_etoa+0x3c0>)
10002a4a:	4bb2      	ldr	r3, [pc, #712]	; (10002d14 <_etoa+0x3c4>)
10002a4c:	f001 f91d 	bl	10003c8a <__wrap___aeabi_dmul>
10002a50:	2200      	movs	r2, #0
10002a52:	4bb1      	ldr	r3, [pc, #708]	; (10002d18 <_etoa+0x3c8>)
10002a54:	f001 f8f2 	bl	10003c3c <__wrap___aeabi_dadd>
10002a58:	f001 f9a0 	bl	10003d9c <__wrap___aeabi_d2iz>
10002a5c:	0006      	movs	r6, r0
10002a5e:	4aaf      	ldr	r2, [pc, #700]	; (10002d1c <_etoa+0x3cc>)
10002a60:	4baf      	ldr	r3, [pc, #700]	; (10002d20 <_etoa+0x3d0>)
10002a62:	0020      	movs	r0, r4
10002a64:	0029      	movs	r1, r5
10002a66:	f001 f910 	bl	10003c8a <__wrap___aeabi_dmul>
10002a6a:	0004      	movs	r4, r0
10002a6c:	000d      	movs	r5, r1
10002a6e:	0030      	movs	r0, r6
10002a70:	f001 f97c 	bl	10003d6c <__wrap___aeabi_i2d>
10002a74:	4aab      	ldr	r2, [pc, #684]	; (10002d24 <_etoa+0x3d4>)
10002a76:	4bac      	ldr	r3, [pc, #688]	; (10002d28 <_etoa+0x3d8>)
10002a78:	f001 f907 	bl	10003c8a <__wrap___aeabi_dmul>
10002a7c:	0002      	movs	r2, r0
10002a7e:	000b      	movs	r3, r1
10002a80:	0020      	movs	r0, r4
10002a82:	0029      	movs	r1, r5
10002a84:	f001 f8d1 	bl	10003c2a <__wrap___aeabi_dsub>
10002a88:	0004      	movs	r4, r0
10002a8a:	000d      	movs	r5, r1
10002a8c:	0002      	movs	r2, r0
10002a8e:	000b      	movs	r3, r1
10002a90:	f001 f8fb 	bl	10003c8a <__wrap___aeabi_dmul>
10002a94:	900a      	str	r0, [sp, #40]	; 0x28
10002a96:	910b      	str	r1, [sp, #44]	; 0x2c
10002a98:	4ba4      	ldr	r3, [pc, #656]	; (10002d2c <_etoa+0x3dc>)
10002a9a:	18f3      	adds	r3, r6, r3
10002a9c:	2600      	movs	r6, #0
10002a9e:	051f      	lsls	r7, r3, #20
10002aa0:	0022      	movs	r2, r4
10002aa2:	002b      	movs	r3, r5
10002aa4:	0020      	movs	r0, r4
10002aa6:	0029      	movs	r1, r5
10002aa8:	f001 f8c8 	bl	10003c3c <__wrap___aeabi_dadd>
10002aac:	900e      	str	r0, [sp, #56]	; 0x38
10002aae:	910f      	str	r1, [sp, #60]	; 0x3c
10002ab0:	0022      	movs	r2, r4
10002ab2:	002b      	movs	r3, r5
10002ab4:	2000      	movs	r0, #0
10002ab6:	2180      	movs	r1, #128	; 0x80
10002ab8:	05c9      	lsls	r1, r1, #23
10002aba:	f001 f8b6 	bl	10003c2a <__wrap___aeabi_dsub>
10002abe:	0004      	movs	r4, r0
10002ac0:	000d      	movs	r5, r1
10002ac2:	2200      	movs	r2, #0
10002ac4:	4b9a      	ldr	r3, [pc, #616]	; (10002d30 <_etoa+0x3e0>)
10002ac6:	980a      	ldr	r0, [sp, #40]	; 0x28
10002ac8:	990b      	ldr	r1, [sp, #44]	; 0x2c
10002aca:	f001 f8c0 	bl	10003c4e <__wrap___aeabi_ddiv>
10002ace:	2200      	movs	r2, #0
10002ad0:	4b98      	ldr	r3, [pc, #608]	; (10002d34 <_etoa+0x3e4>)
10002ad2:	f001 f8b3 	bl	10003c3c <__wrap___aeabi_dadd>
10002ad6:	0002      	movs	r2, r0
10002ad8:	000b      	movs	r3, r1
10002ada:	980a      	ldr	r0, [sp, #40]	; 0x28
10002adc:	990b      	ldr	r1, [sp, #44]	; 0x2c
10002ade:	f001 f8b6 	bl	10003c4e <__wrap___aeabi_ddiv>
10002ae2:	2200      	movs	r2, #0
10002ae4:	4b94      	ldr	r3, [pc, #592]	; (10002d38 <_etoa+0x3e8>)
10002ae6:	f001 f8a9 	bl	10003c3c <__wrap___aeabi_dadd>
10002aea:	0002      	movs	r2, r0
10002aec:	000b      	movs	r3, r1
10002aee:	980a      	ldr	r0, [sp, #40]	; 0x28
10002af0:	990b      	ldr	r1, [sp, #44]	; 0x2c
10002af2:	f001 f8ac 	bl	10003c4e <__wrap___aeabi_ddiv>
10002af6:	0002      	movs	r2, r0
10002af8:	000b      	movs	r3, r1
10002afa:	0020      	movs	r0, r4
10002afc:	0029      	movs	r1, r5
10002afe:	f001 f89d 	bl	10003c3c <__wrap___aeabi_dadd>
10002b02:	0002      	movs	r2, r0
10002b04:	000b      	movs	r3, r1
10002b06:	980e      	ldr	r0, [sp, #56]	; 0x38
10002b08:	990f      	ldr	r1, [sp, #60]	; 0x3c
10002b0a:	f001 f8a0 	bl	10003c4e <__wrap___aeabi_ddiv>
10002b0e:	2200      	movs	r2, #0
10002b10:	4b77      	ldr	r3, [pc, #476]	; (10002cf0 <_etoa+0x3a0>)
10002b12:	f001 f893 	bl	10003c3c <__wrap___aeabi_dadd>
10002b16:	0032      	movs	r2, r6
10002b18:	003b      	movs	r3, r7
10002b1a:	f001 f8b6 	bl	10003c8a <__wrap___aeabi_dmul>
10002b1e:	0006      	movs	r6, r0
10002b20:	000f      	movs	r7, r1
10002b22:	0004      	movs	r4, r0
10002b24:	000d      	movs	r5, r1
10002b26:	9a06      	ldr	r2, [sp, #24]
10002b28:	9b07      	ldr	r3, [sp, #28]
10002b2a:	f001 f907 	bl	10003d3c <__wrap___aeabi_dcmpgt>
10002b2e:	2800      	cmp	r0, #0
10002b30:	d030      	beq.n	10002b94 <_etoa+0x244>
10002b32:	2301      	movs	r3, #1
10002b34:	425b      	negs	r3, r3
10002b36:	469c      	mov	ip, r3
10002b38:	44e1      	add	r9, ip
10002b3a:	2200      	movs	r2, #0
10002b3c:	4b7d      	ldr	r3, [pc, #500]	; (10002d34 <_etoa+0x3e4>)
10002b3e:	0030      	movs	r0, r6
10002b40:	0039      	movs	r1, r7
10002b42:	f001 f884 	bl	10003c4e <__wrap___aeabi_ddiv>
10002b46:	0004      	movs	r4, r0
10002b48:	000d      	movs	r5, r1
10002b4a:	e023      	b.n	10002b94 <_etoa+0x244>
10002b4c:	9b1e      	ldr	r3, [sp, #120]	; 0x78
10002b4e:	9304      	str	r3, [sp, #16]
10002b50:	9b1d      	ldr	r3, [sp, #116]	; 0x74
10002b52:	9303      	str	r3, [sp, #12]
10002b54:	9b1c      	ldr	r3, [sp, #112]	; 0x70
10002b56:	9302      	str	r3, [sp, #8]
10002b58:	9a08      	ldr	r2, [sp, #32]
10002b5a:	9b09      	ldr	r3, [sp, #36]	; 0x24
10002b5c:	9200      	str	r2, [sp, #0]
10002b5e:	9301      	str	r3, [sp, #4]
10002b60:	4643      	mov	r3, r8
10002b62:	9a0c      	ldr	r2, [sp, #48]	; 0x30
10002b64:	4651      	mov	r1, sl
10002b66:	4658      	mov	r0, fp
10002b68:	f000 f8fc 	bl	10002d64 <_ftoa>
10002b6c:	b011      	add	sp, #68	; 0x44
10002b6e:	bcf0      	pop	{r4, r5, r6, r7}
10002b70:	46bb      	mov	fp, r7
10002b72:	46b2      	mov	sl, r6
10002b74:	46a9      	mov	r9, r5
10002b76:	46a0      	mov	r8, r4
10002b78:	bdf0      	pop	{r4, r5, r6, r7, pc}
10002b7a:	2300      	movs	r3, #0
10002b7c:	2400      	movs	r4, #0
10002b7e:	9306      	str	r3, [sp, #24]
10002b80:	9407      	str	r4, [sp, #28]
10002b82:	9606      	str	r6, [sp, #24]
10002b84:	2380      	movs	r3, #128	; 0x80
10002b86:	061b      	lsls	r3, r3, #24
10002b88:	469c      	mov	ip, r3
10002b8a:	4465      	add	r5, ip
10002b8c:	9507      	str	r5, [sp, #28]
10002b8e:	e71a      	b.n	100029c6 <_etoa+0x76>
10002b90:	2300      	movs	r3, #0
10002b92:	4699      	mov	r9, r3
10002b94:	464b      	mov	r3, r9
10002b96:	3363      	adds	r3, #99	; 0x63
10002b98:	2bc6      	cmp	r3, #198	; 0xc6
10002b9a:	d81e      	bhi.n	10002bda <_etoa+0x28a>
10002b9c:	2604      	movs	r6, #4
10002b9e:	9b1e      	ldr	r3, [sp, #120]	; 0x78
10002ba0:	051b      	lsls	r3, r3, #20
10002ba2:	d526      	bpl.n	10002bf2 <_etoa+0x2a2>
10002ba4:	002b      	movs	r3, r5
10002ba6:	4323      	orrs	r3, r4
10002ba8:	d00f      	beq.n	10002bca <_etoa+0x27a>
10002baa:	4a64      	ldr	r2, [pc, #400]	; (10002d3c <_etoa+0x3ec>)
10002bac:	4b64      	ldr	r3, [pc, #400]	; (10002d40 <_etoa+0x3f0>)
10002bae:	9806      	ldr	r0, [sp, #24]
10002bb0:	9907      	ldr	r1, [sp, #28]
10002bb2:	f001 f8bb 	bl	10003d2c <__wrap___aeabi_dcmpge>
10002bb6:	2800      	cmp	r0, #0
10002bb8:	d079      	beq.n	10002cae <_etoa+0x35e>
10002bba:	2200      	movs	r2, #0
10002bbc:	4b61      	ldr	r3, [pc, #388]	; (10002d44 <_etoa+0x3f4>)
10002bbe:	9806      	ldr	r0, [sp, #24]
10002bc0:	9907      	ldr	r1, [sp, #28]
10002bc2:	f001 f8a5 	bl	10003d10 <__wrap___aeabi_dcmplt>
10002bc6:	2800      	cmp	r0, #0
10002bc8:	d071      	beq.n	10002cae <_etoa+0x35e>
10002bca:	9b1c      	ldr	r3, [sp, #112]	; 0x70
10002bcc:	454b      	cmp	r3, r9
10002bce:	dd06      	ble.n	10002bde <_etoa+0x28e>
10002bd0:	464a      	mov	r2, r9
10002bd2:	1a98      	subs	r0, r3, r2
10002bd4:	1e43      	subs	r3, r0, #1
10002bd6:	931c      	str	r3, [sp, #112]	; 0x70
10002bd8:	e003      	b.n	10002be2 <_etoa+0x292>
10002bda:	2605      	movs	r6, #5
10002bdc:	e7df      	b.n	10002b9e <_etoa+0x24e>
10002bde:	2300      	movs	r3, #0
10002be0:	931c      	str	r3, [sp, #112]	; 0x70
10002be2:	2380      	movs	r3, #128	; 0x80
10002be4:	00db      	lsls	r3, r3, #3
10002be6:	9a1e      	ldr	r2, [sp, #120]	; 0x78
10002be8:	431a      	orrs	r2, r3
10002bea:	921e      	str	r2, [sp, #120]	; 0x78
10002bec:	2600      	movs	r6, #0
10002bee:	2300      	movs	r3, #0
10002bf0:	4699      	mov	r9, r3
10002bf2:	9b1d      	ldr	r3, [sp, #116]	; 0x74
10002bf4:	429e      	cmp	r6, r3
10002bf6:	d264      	bcs.n	10002cc2 <_etoa+0x372>
10002bf8:	1b9f      	subs	r7, r3, r6
10002bfa:	2302      	movs	r3, #2
10002bfc:	9a1e      	ldr	r2, [sp, #120]	; 0x78
10002bfe:	401a      	ands	r2, r3
10002c00:	920a      	str	r2, [sp, #40]	; 0x28
10002c02:	9a1e      	ldr	r2, [sp, #120]	; 0x78
10002c04:	4213      	tst	r3, r2
10002c06:	d002      	beq.n	10002c0e <_etoa+0x2be>
10002c08:	2e00      	cmp	r6, #0
10002c0a:	d000      	beq.n	10002c0e <_etoa+0x2be>
10002c0c:	2700      	movs	r7, #0
10002c0e:	464b      	mov	r3, r9
10002c10:	2b00      	cmp	r3, #0
10002c12:	d007      	beq.n	10002c24 <_etoa+0x2d4>
10002c14:	0022      	movs	r2, r4
10002c16:	002b      	movs	r3, r5
10002c18:	9806      	ldr	r0, [sp, #24]
10002c1a:	9907      	ldr	r1, [sp, #28]
10002c1c:	f001 f817 	bl	10003c4e <__wrap___aeabi_ddiv>
10002c20:	9006      	str	r0, [sp, #24]
10002c22:	9107      	str	r1, [sp, #28]
10002c24:	2200      	movs	r2, #0
10002c26:	2300      	movs	r3, #0
10002c28:	9808      	ldr	r0, [sp, #32]
10002c2a:	9909      	ldr	r1, [sp, #36]	; 0x24
10002c2c:	f001 f870 	bl	10003d10 <__wrap___aeabi_dcmplt>
10002c30:	2800      	cmp	r0, #0
10002c32:	d148      	bne.n	10002cc6 <_etoa+0x376>
10002c34:	4b44      	ldr	r3, [pc, #272]	; (10002d48 <_etoa+0x3f8>)
10002c36:	9a1e      	ldr	r2, [sp, #120]	; 0x78
10002c38:	4013      	ands	r3, r2
10002c3a:	9304      	str	r3, [sp, #16]
10002c3c:	9703      	str	r7, [sp, #12]
10002c3e:	9b1c      	ldr	r3, [sp, #112]	; 0x70
10002c40:	9302      	str	r3, [sp, #8]
10002c42:	9b06      	ldr	r3, [sp, #24]
10002c44:	9c07      	ldr	r4, [sp, #28]
10002c46:	9300      	str	r3, [sp, #0]
10002c48:	9401      	str	r4, [sp, #4]
10002c4a:	4643      	mov	r3, r8
10002c4c:	9a0c      	ldr	r2, [sp, #48]	; 0x30
10002c4e:	4651      	mov	r1, sl
10002c50:	4658      	mov	r0, fp
10002c52:	f000 f887 	bl	10002d64 <_ftoa>
10002c56:	2e00      	cmp	r6, #0
10002c58:	d100      	bne.n	10002c5c <_etoa+0x30c>
10002c5a:	e787      	b.n	10002b6c <_etoa+0x21c>
10002c5c:	9b1e      	ldr	r3, [sp, #120]	; 0x78
10002c5e:	069b      	lsls	r3, r3, #26
10002c60:	d53d      	bpl.n	10002cde <_etoa+0x38e>
10002c62:	2545      	movs	r5, #69	; 0x45
10002c64:	1c44      	adds	r4, r0, #1
10002c66:	4643      	mov	r3, r8
10002c68:	0002      	movs	r2, r0
10002c6a:	4651      	mov	r1, sl
10002c6c:	0028      	movs	r0, r5
10002c6e:	47d8      	blx	fp
10002c70:	464b      	mov	r3, r9
10002c72:	17da      	asrs	r2, r3, #31
10002c74:	189b      	adds	r3, r3, r2
10002c76:	4053      	eors	r3, r2
10002c78:	2205      	movs	r2, #5
10002c7a:	9205      	str	r2, [sp, #20]
10002c7c:	3e01      	subs	r6, #1
10002c7e:	9604      	str	r6, [sp, #16]
10002c80:	2200      	movs	r2, #0
10002c82:	9203      	str	r2, [sp, #12]
10002c84:	320a      	adds	r2, #10
10002c86:	9202      	str	r2, [sp, #8]
10002c88:	464a      	mov	r2, r9
10002c8a:	0fd0      	lsrs	r0, r2, #31
10002c8c:	9001      	str	r0, [sp, #4]
10002c8e:	9300      	str	r3, [sp, #0]
10002c90:	4643      	mov	r3, r8
10002c92:	0022      	movs	r2, r4
10002c94:	4651      	mov	r1, sl
10002c96:	4658      	mov	r0, fp
10002c98:	f7ff fd8a 	bl	100027b0 <_ntoa_long>
10002c9c:	9b0a      	ldr	r3, [sp, #40]	; 0x28
10002c9e:	2b00      	cmp	r3, #0
10002ca0:	d100      	bne.n	10002ca4 <_etoa+0x354>
10002ca2:	e763      	b.n	10002b6c <_etoa+0x21c>
10002ca4:	0002      	movs	r2, r0
10002ca6:	465f      	mov	r7, fp
10002ca8:	9e0c      	ldr	r6, [sp, #48]	; 0x30
10002caa:	9d1d      	ldr	r5, [sp, #116]	; 0x74
10002cac:	e054      	b.n	10002d58 <_etoa+0x408>
10002cae:	9b1c      	ldr	r3, [sp, #112]	; 0x70
10002cb0:	2b00      	cmp	r3, #0
10002cb2:	d09e      	beq.n	10002bf2 <_etoa+0x2a2>
10002cb4:	9b0d      	ldr	r3, [sp, #52]	; 0x34
10002cb6:	2b00      	cmp	r3, #0
10002cb8:	d09b      	beq.n	10002bf2 <_etoa+0x2a2>
10002cba:	9b1c      	ldr	r3, [sp, #112]	; 0x70
10002cbc:	3b01      	subs	r3, #1
10002cbe:	931c      	str	r3, [sp, #112]	; 0x70
10002cc0:	e797      	b.n	10002bf2 <_etoa+0x2a2>
10002cc2:	2700      	movs	r7, #0
10002cc4:	e799      	b.n	10002bfa <_etoa+0x2aa>
10002cc6:	9c06      	ldr	r4, [sp, #24]
10002cc8:	9d07      	ldr	r5, [sp, #28]
10002cca:	0022      	movs	r2, r4
10002ccc:	0029      	movs	r1, r5
10002cce:	2080      	movs	r0, #128	; 0x80
10002cd0:	0600      	lsls	r0, r0, #24
10002cd2:	4684      	mov	ip, r0
10002cd4:	4461      	add	r1, ip
10002cd6:	000b      	movs	r3, r1
10002cd8:	9206      	str	r2, [sp, #24]
10002cda:	9307      	str	r3, [sp, #28]
10002cdc:	e7aa      	b.n	10002c34 <_etoa+0x2e4>
10002cde:	2565      	movs	r5, #101	; 0x65
10002ce0:	e7c0      	b.n	10002c64 <_etoa+0x314>
10002ce2:	46c0      	nop			; (mov r8, r8)
10002ce4:	7fefffff 	.word	0x7fefffff
10002ce8:	ffefffff 	.word	0xffefffff
10002cec:	fffffc01 	.word	0xfffffc01
10002cf0:	3ff00000 	.word	0x3ff00000
10002cf4:	509f79fb 	.word	0x509f79fb
10002cf8:	3fd34413 	.word	0x3fd34413
10002cfc:	8b60c8b3 	.word	0x8b60c8b3
10002d00:	3fc68a28 	.word	0x3fc68a28
10002d04:	3ff80000 	.word	0x3ff80000
10002d08:	636f4361 	.word	0x636f4361
10002d0c:	3fd287a7 	.word	0x3fd287a7
10002d10:	0979a371 	.word	0x0979a371
10002d14:	400a934f 	.word	0x400a934f
10002d18:	3fe00000 	.word	0x3fe00000
10002d1c:	bbb55516 	.word	0xbbb55516
10002d20:	40026bb1 	.word	0x40026bb1
10002d24:	fefa39ef 	.word	0xfefa39ef
10002d28:	3fe62e42 	.word	0x3fe62e42
10002d2c:	000003ff 	.word	0x000003ff
10002d30:	402c0000 	.word	0x402c0000
10002d34:	40240000 	.word	0x40240000
10002d38:	40180000 	.word	0x40180000
10002d3c:	eb1c432d 	.word	0xeb1c432d
10002d40:	3f1a36e2 	.word	0x3f1a36e2
10002d44:	412e8480 	.word	0x412e8480
10002d48:	fffff7ff 	.word	0xfffff7ff
10002d4c:	1c54      	adds	r4, r2, #1
10002d4e:	4643      	mov	r3, r8
10002d50:	4651      	mov	r1, sl
10002d52:	2020      	movs	r0, #32
10002d54:	47b8      	blx	r7
10002d56:	0022      	movs	r2, r4
10002d58:	1b93      	subs	r3, r2, r6
10002d5a:	42ab      	cmp	r3, r5
10002d5c:	d3f6      	bcc.n	10002d4c <_etoa+0x3fc>
10002d5e:	0010      	movs	r0, r2
10002d60:	e704      	b.n	10002b6c <_etoa+0x21c>
10002d62:	46c0      	nop			; (mov r8, r8)

10002d64 <_ftoa>:
10002d64:	b5f0      	push	{r4, r5, r6, r7, lr}
10002d66:	46de      	mov	lr, fp
10002d68:	4657      	mov	r7, sl
10002d6a:	464e      	mov	r6, r9
10002d6c:	4645      	mov	r5, r8
10002d6e:	b5e0      	push	{r5, r6, r7, lr}
10002d70:	b095      	sub	sp, #84	; 0x54
10002d72:	9006      	str	r0, [sp, #24]
10002d74:	9107      	str	r1, [sp, #28]
10002d76:	4693      	mov	fp, r2
10002d78:	4699      	mov	r9, r3
10002d7a:	9f20      	ldr	r7, [sp, #128]	; 0x80
10002d7c:	9a1e      	ldr	r2, [sp, #120]	; 0x78
10002d7e:	9b1f      	ldr	r3, [sp, #124]	; 0x7c
10002d80:	0010      	movs	r0, r2
10002d82:	0019      	movs	r1, r3
10002d84:	f000 ffdf 	bl	10003d46 <__wrap___aeabi_dcmpun>
10002d88:	2800      	cmp	r0, #0
10002d8a:	d131      	bne.n	10002df0 <_ftoa+0x8c>
10002d8c:	2201      	movs	r2, #1
10002d8e:	4252      	negs	r2, r2
10002d90:	4bbf      	ldr	r3, [pc, #764]	; (10003090 <_ftoa+0x32c>)
10002d92:	981e      	ldr	r0, [sp, #120]	; 0x78
10002d94:	991f      	ldr	r1, [sp, #124]	; 0x7c
10002d96:	f000 ffbb 	bl	10003d10 <__wrap___aeabi_dcmplt>
10002d9a:	2800      	cmp	r0, #0
10002d9c:	d137      	bne.n	10002e0e <_ftoa+0xaa>
10002d9e:	2201      	movs	r2, #1
10002da0:	4252      	negs	r2, r2
10002da2:	4bbc      	ldr	r3, [pc, #752]	; (10003094 <_ftoa+0x330>)
10002da4:	981e      	ldr	r0, [sp, #120]	; 0x78
10002da6:	991f      	ldr	r1, [sp, #124]	; 0x7c
10002da8:	f000 ffc8 	bl	10003d3c <__wrap___aeabi_dcmpgt>
10002dac:	2800      	cmp	r0, #0
10002dae:	d13d      	bne.n	10002e2c <_ftoa+0xc8>
10002db0:	2200      	movs	r2, #0
10002db2:	4bb9      	ldr	r3, [pc, #740]	; (10003098 <_ftoa+0x334>)
10002db4:	981e      	ldr	r0, [sp, #120]	; 0x78
10002db6:	991f      	ldr	r1, [sp, #124]	; 0x7c
10002db8:	f000 ffc0 	bl	10003d3c <__wrap___aeabi_dcmpgt>
10002dbc:	2800      	cmp	r0, #0
10002dbe:	d150      	bne.n	10002e62 <_ftoa+0xfe>
10002dc0:	2200      	movs	r2, #0
10002dc2:	4bb6      	ldr	r3, [pc, #728]	; (1000309c <_ftoa+0x338>)
10002dc4:	981e      	ldr	r0, [sp, #120]	; 0x78
10002dc6:	991f      	ldr	r1, [sp, #124]	; 0x7c
10002dc8:	f000 ffa2 	bl	10003d10 <__wrap___aeabi_dcmplt>
10002dcc:	2800      	cmp	r0, #0
10002dce:	d148      	bne.n	10002e62 <_ftoa+0xfe>
10002dd0:	2200      	movs	r2, #0
10002dd2:	2300      	movs	r3, #0
10002dd4:	981e      	ldr	r0, [sp, #120]	; 0x78
10002dd6:	991f      	ldr	r1, [sp, #124]	; 0x7c
10002dd8:	f000 ff9a 	bl	10003d10 <__wrap___aeabi_dcmplt>
10002ddc:	2800      	cmp	r0, #0
10002dde:	d150      	bne.n	10002e82 <_ftoa+0x11e>
10002de0:	2300      	movs	r3, #0
10002de2:	4698      	mov	r8, r3
10002de4:	9b22      	ldr	r3, [sp, #136]	; 0x88
10002de6:	055b      	lsls	r3, r3, #21
10002de8:	d400      	bmi.n	10002dec <_ftoa+0x88>
10002dea:	e0b6      	b.n	10002f5a <_ftoa+0x1f6>
10002dec:	2400      	movs	r4, #0
10002dee:	e058      	b.n	10002ea2 <_ftoa+0x13e>
10002df0:	9b22      	ldr	r3, [sp, #136]	; 0x88
10002df2:	9303      	str	r3, [sp, #12]
10002df4:	9b21      	ldr	r3, [sp, #132]	; 0x84
10002df6:	9302      	str	r3, [sp, #8]
10002df8:	2303      	movs	r3, #3
10002dfa:	9301      	str	r3, [sp, #4]
10002dfc:	4ba8      	ldr	r3, [pc, #672]	; (100030a0 <_ftoa+0x33c>)
10002dfe:	9300      	str	r3, [sp, #0]
10002e00:	464b      	mov	r3, r9
10002e02:	465a      	mov	r2, fp
10002e04:	9907      	ldr	r1, [sp, #28]
10002e06:	9806      	ldr	r0, [sp, #24]
10002e08:	f7ff fbf2 	bl	100025f0 <_out_rev>
10002e0c:	e10e      	b.n	1000302c <_ftoa+0x2c8>
10002e0e:	9b22      	ldr	r3, [sp, #136]	; 0x88
10002e10:	9303      	str	r3, [sp, #12]
10002e12:	9b21      	ldr	r3, [sp, #132]	; 0x84
10002e14:	9302      	str	r3, [sp, #8]
10002e16:	2304      	movs	r3, #4
10002e18:	9301      	str	r3, [sp, #4]
10002e1a:	4ba2      	ldr	r3, [pc, #648]	; (100030a4 <_ftoa+0x340>)
10002e1c:	9300      	str	r3, [sp, #0]
10002e1e:	464b      	mov	r3, r9
10002e20:	465a      	mov	r2, fp
10002e22:	9907      	ldr	r1, [sp, #28]
10002e24:	9806      	ldr	r0, [sp, #24]
10002e26:	f7ff fbe3 	bl	100025f0 <_out_rev>
10002e2a:	e0ff      	b.n	1000302c <_ftoa+0x2c8>
10002e2c:	2304      	movs	r3, #4
10002e2e:	9a22      	ldr	r2, [sp, #136]	; 0x88
10002e30:	401a      	ands	r2, r3
10002e32:	9922      	ldr	r1, [sp, #136]	; 0x88
10002e34:	420b      	tst	r3, r1
10002e36:	d010      	beq.n	10002e5a <_ftoa+0xf6>
10002e38:	4b9b      	ldr	r3, [pc, #620]	; (100030a8 <_ftoa+0x344>)
10002e3a:	2a00      	cmp	r2, #0
10002e3c:	d00f      	beq.n	10002e5e <_ftoa+0xfa>
10002e3e:	2204      	movs	r2, #4
10002e40:	9922      	ldr	r1, [sp, #136]	; 0x88
10002e42:	9103      	str	r1, [sp, #12]
10002e44:	9921      	ldr	r1, [sp, #132]	; 0x84
10002e46:	9102      	str	r1, [sp, #8]
10002e48:	9201      	str	r2, [sp, #4]
10002e4a:	9300      	str	r3, [sp, #0]
10002e4c:	464b      	mov	r3, r9
10002e4e:	465a      	mov	r2, fp
10002e50:	9907      	ldr	r1, [sp, #28]
10002e52:	9806      	ldr	r0, [sp, #24]
10002e54:	f7ff fbcc 	bl	100025f0 <_out_rev>
10002e58:	e0e8      	b.n	1000302c <_ftoa+0x2c8>
10002e5a:	4b94      	ldr	r3, [pc, #592]	; (100030ac <_ftoa+0x348>)
10002e5c:	e7ed      	b.n	10002e3a <_ftoa+0xd6>
10002e5e:	2203      	movs	r2, #3
10002e60:	e7ee      	b.n	10002e40 <_ftoa+0xdc>
10002e62:	9b22      	ldr	r3, [sp, #136]	; 0x88
10002e64:	9304      	str	r3, [sp, #16]
10002e66:	9b21      	ldr	r3, [sp, #132]	; 0x84
10002e68:	9303      	str	r3, [sp, #12]
10002e6a:	9702      	str	r7, [sp, #8]
10002e6c:	9b1e      	ldr	r3, [sp, #120]	; 0x78
10002e6e:	9c1f      	ldr	r4, [sp, #124]	; 0x7c
10002e70:	9300      	str	r3, [sp, #0]
10002e72:	9401      	str	r4, [sp, #4]
10002e74:	464b      	mov	r3, r9
10002e76:	465a      	mov	r2, fp
10002e78:	9907      	ldr	r1, [sp, #28]
10002e7a:	9806      	ldr	r0, [sp, #24]
10002e7c:	f7ff fd68 	bl	10002950 <_etoa>
10002e80:	e0d4      	b.n	1000302c <_ftoa+0x2c8>
10002e82:	9a1e      	ldr	r2, [sp, #120]	; 0x78
10002e84:	9b1f      	ldr	r3, [sp, #124]	; 0x7c
10002e86:	2000      	movs	r0, #0
10002e88:	2100      	movs	r1, #0
10002e8a:	f000 fece 	bl	10003c2a <__wrap___aeabi_dsub>
10002e8e:	901e      	str	r0, [sp, #120]	; 0x78
10002e90:	911f      	str	r1, [sp, #124]	; 0x7c
10002e92:	2301      	movs	r3, #1
10002e94:	4698      	mov	r8, r3
10002e96:	e7a5      	b.n	10002de4 <_ftoa+0x80>
10002e98:	ab0c      	add	r3, sp, #48	; 0x30
10002e9a:	2230      	movs	r2, #48	; 0x30
10002e9c:	551a      	strb	r2, [r3, r4]
10002e9e:	3f01      	subs	r7, #1
10002ea0:	3401      	adds	r4, #1
10002ea2:	2c1f      	cmp	r4, #31
10002ea4:	d801      	bhi.n	10002eaa <_ftoa+0x146>
10002ea6:	2f09      	cmp	r7, #9
10002ea8:	d8f6      	bhi.n	10002e98 <_ftoa+0x134>
10002eaa:	981e      	ldr	r0, [sp, #120]	; 0x78
10002eac:	991f      	ldr	r1, [sp, #124]	; 0x7c
10002eae:	f000 ff75 	bl	10003d9c <__wrap___aeabi_d2iz>
10002eb2:	0005      	movs	r5, r0
10002eb4:	f000 ff5a 	bl	10003d6c <__wrap___aeabi_i2d>
10002eb8:	0002      	movs	r2, r0
10002eba:	000b      	movs	r3, r1
10002ebc:	981e      	ldr	r0, [sp, #120]	; 0x78
10002ebe:	991f      	ldr	r1, [sp, #124]	; 0x7c
10002ec0:	f000 feb3 	bl	10003c2a <__wrap___aeabi_dsub>
10002ec4:	00fa      	lsls	r2, r7, #3
10002ec6:	4b7a      	ldr	r3, [pc, #488]	; (100030b0 <_ftoa+0x34c>)
10002ec8:	189b      	adds	r3, r3, r2
10002eca:	681a      	ldr	r2, [r3, #0]
10002ecc:	685b      	ldr	r3, [r3, #4]
10002ece:	920a      	str	r2, [sp, #40]	; 0x28
10002ed0:	930b      	str	r3, [sp, #44]	; 0x2c
10002ed2:	f000 feda 	bl	10003c8a <__wrap___aeabi_dmul>
10002ed6:	9008      	str	r0, [sp, #32]
10002ed8:	9109      	str	r1, [sp, #36]	; 0x24
10002eda:	f000 ff83 	bl	10003de4 <__wrap___aeabi_d2uiz>
10002ede:	0006      	movs	r6, r0
10002ee0:	f000 ff40 	bl	10003d64 <__wrap___aeabi_ui2d>
10002ee4:	0002      	movs	r2, r0
10002ee6:	000b      	movs	r3, r1
10002ee8:	9808      	ldr	r0, [sp, #32]
10002eea:	9909      	ldr	r1, [sp, #36]	; 0x24
10002eec:	f000 fe9d 	bl	10003c2a <__wrap___aeabi_dsub>
10002ef0:	9008      	str	r0, [sp, #32]
10002ef2:	9109      	str	r1, [sp, #36]	; 0x24
10002ef4:	2200      	movs	r2, #0
10002ef6:	4b6f      	ldr	r3, [pc, #444]	; (100030b4 <_ftoa+0x350>)
10002ef8:	f000 ff20 	bl	10003d3c <__wrap___aeabi_dcmpgt>
10002efc:	2800      	cmp	r0, #0
10002efe:	d02e      	beq.n	10002f5e <_ftoa+0x1fa>
10002f00:	3601      	adds	r6, #1
10002f02:	0030      	movs	r0, r6
10002f04:	f000 ff2e 	bl	10003d64 <__wrap___aeabi_ui2d>
10002f08:	0002      	movs	r2, r0
10002f0a:	000b      	movs	r3, r1
10002f0c:	980a      	ldr	r0, [sp, #40]	; 0x28
10002f0e:	990b      	ldr	r1, [sp, #44]	; 0x2c
10002f10:	f000 ff04 	bl	10003d1c <__wrap___aeabi_dcmple>
10002f14:	2800      	cmp	r0, #0
10002f16:	d001      	beq.n	10002f1c <_ftoa+0x1b8>
10002f18:	3501      	adds	r5, #1
10002f1a:	2600      	movs	r6, #0
10002f1c:	2f00      	cmp	r7, #0
10002f1e:	d12c      	bne.n	10002f7a <_ftoa+0x216>
10002f20:	0028      	movs	r0, r5
10002f22:	f000 ff23 	bl	10003d6c <__wrap___aeabi_i2d>
10002f26:	0002      	movs	r2, r0
10002f28:	000b      	movs	r3, r1
10002f2a:	981e      	ldr	r0, [sp, #120]	; 0x78
10002f2c:	991f      	ldr	r1, [sp, #124]	; 0x7c
10002f2e:	f000 fe7c 	bl	10003c2a <__wrap___aeabi_dsub>
10002f32:	0006      	movs	r6, r0
10002f34:	000f      	movs	r7, r1
10002f36:	2200      	movs	r2, #0
10002f38:	4b5e      	ldr	r3, [pc, #376]	; (100030b4 <_ftoa+0x350>)
10002f3a:	f000 fee9 	bl	10003d10 <__wrap___aeabi_dcmplt>
10002f3e:	2800      	cmp	r0, #0
10002f40:	d146      	bne.n	10002fd0 <_ftoa+0x26c>
10002f42:	2200      	movs	r2, #0
10002f44:	4b5b      	ldr	r3, [pc, #364]	; (100030b4 <_ftoa+0x350>)
10002f46:	0030      	movs	r0, r6
10002f48:	0039      	movs	r1, r7
10002f4a:	f000 fef7 	bl	10003d3c <__wrap___aeabi_dcmpgt>
10002f4e:	2800      	cmp	r0, #0
10002f50:	d13e      	bne.n	10002fd0 <_ftoa+0x26c>
10002f52:	07eb      	lsls	r3, r5, #31
10002f54:	d53c      	bpl.n	10002fd0 <_ftoa+0x26c>
10002f56:	3501      	adds	r5, #1
10002f58:	e03a      	b.n	10002fd0 <_ftoa+0x26c>
10002f5a:	2706      	movs	r7, #6
10002f5c:	e746      	b.n	10002dec <_ftoa+0x88>
10002f5e:	2200      	movs	r2, #0
10002f60:	4b54      	ldr	r3, [pc, #336]	; (100030b4 <_ftoa+0x350>)
10002f62:	9808      	ldr	r0, [sp, #32]
10002f64:	9909      	ldr	r1, [sp, #36]	; 0x24
10002f66:	f000 fed3 	bl	10003d10 <__wrap___aeabi_dcmplt>
10002f6a:	2800      	cmp	r0, #0
10002f6c:	d1d6      	bne.n	10002f1c <_ftoa+0x1b8>
10002f6e:	2e00      	cmp	r6, #0
10002f70:	d001      	beq.n	10002f76 <_ftoa+0x212>
10002f72:	07f3      	lsls	r3, r6, #31
10002f74:	d5d2      	bpl.n	10002f1c <_ftoa+0x1b8>
10002f76:	3601      	adds	r6, #1
10002f78:	e7d0      	b.n	10002f1c <_ftoa+0x1b8>
10002f7a:	46aa      	mov	sl, r5
10002f7c:	2c1f      	cmp	r4, #31
10002f7e:	d811      	bhi.n	10002fa4 <_ftoa+0x240>
10002f80:	3f01      	subs	r7, #1
10002f82:	210a      	movs	r1, #10
10002f84:	0030      	movs	r0, r6
10002f86:	f000 fc15 	bl	100037b4 <__wrap___aeabi_uidiv>
10002f8a:	1c65      	adds	r5, r4, #1
10002f8c:	3130      	adds	r1, #48	; 0x30
10002f8e:	ab0c      	add	r3, sp, #48	; 0x30
10002f90:	5519      	strb	r1, [r3, r4]
10002f92:	210a      	movs	r1, #10
10002f94:	0030      	movs	r0, r6
10002f96:	f000 fc0d 	bl	100037b4 <__wrap___aeabi_uidiv>
10002f9a:	2e09      	cmp	r6, #9
10002f9c:	d90e      	bls.n	10002fbc <_ftoa+0x258>
10002f9e:	0006      	movs	r6, r0
10002fa0:	002c      	movs	r4, r5
10002fa2:	e7eb      	b.n	10002f7c <_ftoa+0x218>
10002fa4:	4655      	mov	r5, sl
10002fa6:	2c1f      	cmp	r4, #31
10002fa8:	d80c      	bhi.n	10002fc4 <_ftoa+0x260>
10002faa:	1e7b      	subs	r3, r7, #1
10002fac:	2f00      	cmp	r7, #0
10002fae:	d009      	beq.n	10002fc4 <_ftoa+0x260>
10002fb0:	aa0c      	add	r2, sp, #48	; 0x30
10002fb2:	2130      	movs	r1, #48	; 0x30
10002fb4:	5511      	strb	r1, [r2, r4]
10002fb6:	001f      	movs	r7, r3
10002fb8:	3401      	adds	r4, #1
10002fba:	e7f4      	b.n	10002fa6 <_ftoa+0x242>
10002fbc:	002b      	movs	r3, r5
10002fbe:	4655      	mov	r5, sl
10002fc0:	001c      	movs	r4, r3
10002fc2:	e7f0      	b.n	10002fa6 <_ftoa+0x242>
10002fc4:	2c1f      	cmp	r4, #31
10002fc6:	d803      	bhi.n	10002fd0 <_ftoa+0x26c>
10002fc8:	ab0c      	add	r3, sp, #48	; 0x30
10002fca:	222e      	movs	r2, #46	; 0x2e
10002fcc:	551a      	strb	r2, [r3, r4]
10002fce:	3401      	adds	r4, #1
10002fd0:	2c1f      	cmp	r4, #31
10002fd2:	d810      	bhi.n	10002ff6 <_ftoa+0x292>
10002fd4:	210a      	movs	r1, #10
10002fd6:	0028      	movs	r0, r5
10002fd8:	f000 fbc4 	bl	10003764 <__wrap___aeabi_idiv>
10002fdc:	1c66      	adds	r6, r4, #1
10002fde:	3130      	adds	r1, #48	; 0x30
10002fe0:	ab0c      	add	r3, sp, #48	; 0x30
10002fe2:	5519      	strb	r1, [r3, r4]
10002fe4:	210a      	movs	r1, #10
10002fe6:	0028      	movs	r0, r5
10002fe8:	f000 fbbc 	bl	10003764 <__wrap___aeabi_idiv>
10002fec:	1e05      	subs	r5, r0, #0
10002fee:	d001      	beq.n	10002ff4 <_ftoa+0x290>
10002ff0:	0034      	movs	r4, r6
10002ff2:	e7ed      	b.n	10002fd0 <_ftoa+0x26c>
10002ff4:	0034      	movs	r4, r6
10002ff6:	2303      	movs	r3, #3
10002ff8:	9a22      	ldr	r2, [sp, #136]	; 0x88
10002ffa:	4013      	ands	r3, r2
10002ffc:	2b01      	cmp	r3, #1
10002ffe:	d01c      	beq.n	1000303a <_ftoa+0x2d6>
10003000:	2c1f      	cmp	r4, #31
10003002:	d806      	bhi.n	10003012 <_ftoa+0x2ae>
10003004:	4643      	mov	r3, r8
10003006:	2b00      	cmp	r3, #0
10003008:	d032      	beq.n	10003070 <_ftoa+0x30c>
1000300a:	ab0c      	add	r3, sp, #48	; 0x30
1000300c:	222d      	movs	r2, #45	; 0x2d
1000300e:	551a      	strb	r2, [r3, r4]
10003010:	3401      	adds	r4, #1
10003012:	9b22      	ldr	r3, [sp, #136]	; 0x88
10003014:	9303      	str	r3, [sp, #12]
10003016:	9b21      	ldr	r3, [sp, #132]	; 0x84
10003018:	9302      	str	r3, [sp, #8]
1000301a:	9401      	str	r4, [sp, #4]
1000301c:	ab0c      	add	r3, sp, #48	; 0x30
1000301e:	9300      	str	r3, [sp, #0]
10003020:	464b      	mov	r3, r9
10003022:	465a      	mov	r2, fp
10003024:	9907      	ldr	r1, [sp, #28]
10003026:	9806      	ldr	r0, [sp, #24]
10003028:	f7ff fae2 	bl	100025f0 <_out_rev>
1000302c:	b015      	add	sp, #84	; 0x54
1000302e:	bcf0      	pop	{r4, r5, r6, r7}
10003030:	46bb      	mov	fp, r7
10003032:	46b2      	mov	sl, r6
10003034:	46a9      	mov	r9, r5
10003036:	46a0      	mov	r8, r4
10003038:	bdf0      	pop	{r4, r5, r6, r7, pc}
1000303a:	9b21      	ldr	r3, [sp, #132]	; 0x84
1000303c:	2b00      	cmp	r3, #0
1000303e:	d013      	beq.n	10003068 <_ftoa+0x304>
10003040:	4643      	mov	r3, r8
10003042:	2b00      	cmp	r3, #0
10003044:	d102      	bne.n	1000304c <_ftoa+0x2e8>
10003046:	330c      	adds	r3, #12
10003048:	4213      	tst	r3, r2
1000304a:	d00f      	beq.n	1000306c <_ftoa+0x308>
1000304c:	9b21      	ldr	r3, [sp, #132]	; 0x84
1000304e:	3b01      	subs	r3, #1
10003050:	9321      	str	r3, [sp, #132]	; 0x84
10003052:	0019      	movs	r1, r3
10003054:	e003      	b.n	1000305e <_ftoa+0x2fa>
10003056:	ab0c      	add	r3, sp, #48	; 0x30
10003058:	2230      	movs	r2, #48	; 0x30
1000305a:	551a      	strb	r2, [r3, r4]
1000305c:	3401      	adds	r4, #1
1000305e:	428c      	cmp	r4, r1
10003060:	d2ce      	bcs.n	10003000 <_ftoa+0x29c>
10003062:	2c1f      	cmp	r4, #31
10003064:	d9f7      	bls.n	10003056 <_ftoa+0x2f2>
10003066:	e7cb      	b.n	10003000 <_ftoa+0x29c>
10003068:	9921      	ldr	r1, [sp, #132]	; 0x84
1000306a:	e7f8      	b.n	1000305e <_ftoa+0x2fa>
1000306c:	9921      	ldr	r1, [sp, #132]	; 0x84
1000306e:	e7f6      	b.n	1000305e <_ftoa+0x2fa>
10003070:	9b22      	ldr	r3, [sp, #136]	; 0x88
10003072:	075b      	lsls	r3, r3, #29
10003074:	d504      	bpl.n	10003080 <_ftoa+0x31c>
10003076:	ab0c      	add	r3, sp, #48	; 0x30
10003078:	222b      	movs	r2, #43	; 0x2b
1000307a:	551a      	strb	r2, [r3, r4]
1000307c:	3401      	adds	r4, #1
1000307e:	e7c8      	b.n	10003012 <_ftoa+0x2ae>
10003080:	9b22      	ldr	r3, [sp, #136]	; 0x88
10003082:	071b      	lsls	r3, r3, #28
10003084:	d5c5      	bpl.n	10003012 <_ftoa+0x2ae>
10003086:	ab0c      	add	r3, sp, #48	; 0x30
10003088:	2220      	movs	r2, #32
1000308a:	551a      	strb	r2, [r3, r4]
1000308c:	3401      	adds	r4, #1
1000308e:	e7c0      	b.n	10003012 <_ftoa+0x2ae>
10003090:	ffefffff 	.word	0xffefffff
10003094:	7fefffff 	.word	0x7fefffff
10003098:	41cdcd65 	.word	0x41cdcd65
1000309c:	c1cdcd65 	.word	0xc1cdcd65
100030a0:	10007f54 	.word	0x10007f54
100030a4:	10007f58 	.word	0x10007f58
100030a8:	10007f4c 	.word	0x10007f4c
100030ac:	10007f48 	.word	0x10007f48
100030b0:	10008140 	.word	0x10008140
100030b4:	3fe00000 	.word	0x3fe00000

100030b8 <_vsnprintf>:
100030b8:	b5f0      	push	{r4, r5, r6, r7, lr}
100030ba:	46de      	mov	lr, fp
100030bc:	4657      	mov	r7, sl
100030be:	464e      	mov	r6, r9
100030c0:	4645      	mov	r5, r8
100030c2:	b5e0      	push	{r5, r6, r7, lr}
100030c4:	b093      	sub	sp, #76	; 0x4c
100030c6:	4682      	mov	sl, r0
100030c8:	468b      	mov	fp, r1
100030ca:	4690      	mov	r8, r2
100030cc:	9311      	str	r3, [sp, #68]	; 0x44
100030ce:	2900      	cmp	r1, #0
100030d0:	d100      	bne.n	100030d4 <_vsnprintf+0x1c>
100030d2:	e2eb      	b.n	100036ac <_vsnprintf+0x5f4>
100030d4:	2700      	movs	r7, #0
100030d6:	4655      	mov	r5, sl
100030d8:	9b11      	ldr	r3, [sp, #68]	; 0x44
100030da:	7818      	ldrb	r0, [r3, #0]
100030dc:	2800      	cmp	r0, #0
100030de:	d100      	bne.n	100030e2 <_vsnprintf+0x2a>
100030e0:	e2e7      	b.n	100036b2 <_vsnprintf+0x5fa>
100030e2:	2825      	cmp	r0, #37	; 0x25
100030e4:	d009      	beq.n	100030fa <_vsnprintf+0x42>
100030e6:	1c7c      	adds	r4, r7, #1
100030e8:	4643      	mov	r3, r8
100030ea:	003a      	movs	r2, r7
100030ec:	4659      	mov	r1, fp
100030ee:	47a8      	blx	r5
100030f0:	9b11      	ldr	r3, [sp, #68]	; 0x44
100030f2:	3301      	adds	r3, #1
100030f4:	9311      	str	r3, [sp, #68]	; 0x44
100030f6:	0027      	movs	r7, r4
100030f8:	e7ee      	b.n	100030d8 <_vsnprintf+0x20>
100030fa:	3301      	adds	r3, #1
100030fc:	9311      	str	r3, [sp, #68]	; 0x44
100030fe:	2400      	movs	r4, #0
10003100:	9a11      	ldr	r2, [sp, #68]	; 0x44
10003102:	7811      	ldrb	r1, [r2, #0]
10003104:	000b      	movs	r3, r1
10003106:	3b20      	subs	r3, #32
10003108:	b2d8      	uxtb	r0, r3
1000310a:	2810      	cmp	r0, #16
1000310c:	d803      	bhi.n	10003116 <_vsnprintf+0x5e>
1000310e:	0083      	lsls	r3, r0, #2
10003110:	48d0      	ldr	r0, [pc, #832]	; (10003454 <_vsnprintf+0x39c>)
10003112:	58c3      	ldr	r3, [r0, r3]
10003114:	469f      	mov	pc, r3
10003116:	000b      	movs	r3, r1
10003118:	3b30      	subs	r3, #48	; 0x30
1000311a:	b2db      	uxtb	r3, r3
1000311c:	2b09      	cmp	r3, #9
1000311e:	d92c      	bls.n	1000317a <_vsnprintf+0xc2>
10003120:	292a      	cmp	r1, #42	; 0x2a
10003122:	d02f      	beq.n	10003184 <_vsnprintf+0xcc>
10003124:	2300      	movs	r3, #0
10003126:	930a      	str	r3, [sp, #40]	; 0x28
10003128:	9b11      	ldr	r3, [sp, #68]	; 0x44
1000312a:	781a      	ldrb	r2, [r3, #0]
1000312c:	2a2e      	cmp	r2, #46	; 0x2e
1000312e:	d039      	beq.n	100031a4 <_vsnprintf+0xec>
10003130:	2300      	movs	r3, #0
10003132:	469a      	mov	sl, r3
10003134:	9a11      	ldr	r2, [sp, #68]	; 0x44
10003136:	7813      	ldrb	r3, [r2, #0]
10003138:	3b68      	subs	r3, #104	; 0x68
1000313a:	b2d9      	uxtb	r1, r3
1000313c:	2912      	cmp	r1, #18
1000313e:	d876      	bhi.n	1000322e <_vsnprintf+0x176>
10003140:	008b      	lsls	r3, r1, #2
10003142:	49c5      	ldr	r1, [pc, #788]	; (10003458 <_vsnprintf+0x3a0>)
10003144:	58cb      	ldr	r3, [r1, r3]
10003146:	469f      	mov	pc, r3
10003148:	2301      	movs	r3, #1
1000314a:	431c      	orrs	r4, r3
1000314c:	3201      	adds	r2, #1
1000314e:	9211      	str	r2, [sp, #68]	; 0x44
10003150:	e7d6      	b.n	10003100 <_vsnprintf+0x48>
10003152:	2302      	movs	r3, #2
10003154:	431c      	orrs	r4, r3
10003156:	3201      	adds	r2, #1
10003158:	9211      	str	r2, [sp, #68]	; 0x44
1000315a:	e7d1      	b.n	10003100 <_vsnprintf+0x48>
1000315c:	2304      	movs	r3, #4
1000315e:	431c      	orrs	r4, r3
10003160:	3201      	adds	r2, #1
10003162:	9211      	str	r2, [sp, #68]	; 0x44
10003164:	e7cc      	b.n	10003100 <_vsnprintf+0x48>
10003166:	2308      	movs	r3, #8
10003168:	431c      	orrs	r4, r3
1000316a:	3201      	adds	r2, #1
1000316c:	9211      	str	r2, [sp, #68]	; 0x44
1000316e:	e7c7      	b.n	10003100 <_vsnprintf+0x48>
10003170:	2310      	movs	r3, #16
10003172:	431c      	orrs	r4, r3
10003174:	3201      	adds	r2, #1
10003176:	9211      	str	r2, [sp, #68]	; 0x44
10003178:	e7c2      	b.n	10003100 <_vsnprintf+0x48>
1000317a:	a811      	add	r0, sp, #68	; 0x44
1000317c:	f7ff fa26 	bl	100025cc <_atoi>
10003180:	900a      	str	r0, [sp, #40]	; 0x28
10003182:	e7d1      	b.n	10003128 <_vsnprintf+0x70>
10003184:	9b1c      	ldr	r3, [sp, #112]	; 0x70
10003186:	1d1a      	adds	r2, r3, #4
10003188:	921c      	str	r2, [sp, #112]	; 0x70
1000318a:	6818      	ldr	r0, [r3, #0]
1000318c:	2800      	cmp	r0, #0
1000318e:	db04      	blt.n	1000319a <_vsnprintf+0xe2>
10003190:	900a      	str	r0, [sp, #40]	; 0x28
10003192:	9b11      	ldr	r3, [sp, #68]	; 0x44
10003194:	3301      	adds	r3, #1
10003196:	9311      	str	r3, [sp, #68]	; 0x44
10003198:	e7c6      	b.n	10003128 <_vsnprintf+0x70>
1000319a:	2302      	movs	r3, #2
1000319c:	431c      	orrs	r4, r3
1000319e:	4243      	negs	r3, r0
100031a0:	930a      	str	r3, [sp, #40]	; 0x28
100031a2:	e7f6      	b.n	10003192 <_vsnprintf+0xda>
100031a4:	2280      	movs	r2, #128	; 0x80
100031a6:	00d2      	lsls	r2, r2, #3
100031a8:	4314      	orrs	r4, r2
100031aa:	1c5a      	adds	r2, r3, #1
100031ac:	9211      	str	r2, [sp, #68]	; 0x44
100031ae:	785a      	ldrb	r2, [r3, #1]
100031b0:	0013      	movs	r3, r2
100031b2:	3b30      	subs	r3, #48	; 0x30
100031b4:	b2db      	uxtb	r3, r3
100031b6:	2b09      	cmp	r3, #9
100031b8:	d904      	bls.n	100031c4 <_vsnprintf+0x10c>
100031ba:	2a2a      	cmp	r2, #42	; 0x2a
100031bc:	d007      	beq.n	100031ce <_vsnprintf+0x116>
100031be:	2300      	movs	r3, #0
100031c0:	469a      	mov	sl, r3
100031c2:	e7b7      	b.n	10003134 <_vsnprintf+0x7c>
100031c4:	a811      	add	r0, sp, #68	; 0x44
100031c6:	f7ff fa01 	bl	100025cc <_atoi>
100031ca:	4682      	mov	sl, r0
100031cc:	e7b2      	b.n	10003134 <_vsnprintf+0x7c>
100031ce:	9b1c      	ldr	r3, [sp, #112]	; 0x70
100031d0:	1d1a      	adds	r2, r3, #4
100031d2:	921c      	str	r2, [sp, #112]	; 0x70
100031d4:	6818      	ldr	r0, [r3, #0]
100031d6:	2800      	cmp	r0, #0
100031d8:	db04      	blt.n	100031e4 <_vsnprintf+0x12c>
100031da:	4682      	mov	sl, r0
100031dc:	9b11      	ldr	r3, [sp, #68]	; 0x44
100031de:	3301      	adds	r3, #1
100031e0:	9311      	str	r3, [sp, #68]	; 0x44
100031e2:	e7a7      	b.n	10003134 <_vsnprintf+0x7c>
100031e4:	2000      	movs	r0, #0
100031e6:	e7f8      	b.n	100031da <_vsnprintf+0x122>
100031e8:	2380      	movs	r3, #128	; 0x80
100031ea:	005b      	lsls	r3, r3, #1
100031ec:	4323      	orrs	r3, r4
100031ee:	1c51      	adds	r1, r2, #1
100031f0:	9111      	str	r1, [sp, #68]	; 0x44
100031f2:	7852      	ldrb	r2, [r2, #1]
100031f4:	2a6c      	cmp	r2, #108	; 0x6c
100031f6:	d001      	beq.n	100031fc <_vsnprintf+0x144>
100031f8:	001c      	movs	r4, r3
100031fa:	e018      	b.n	1000322e <_vsnprintf+0x176>
100031fc:	23c0      	movs	r3, #192	; 0xc0
100031fe:	009b      	lsls	r3, r3, #2
10003200:	431c      	orrs	r4, r3
10003202:	3101      	adds	r1, #1
10003204:	9111      	str	r1, [sp, #68]	; 0x44
10003206:	e012      	b.n	1000322e <_vsnprintf+0x176>
10003208:	2380      	movs	r3, #128	; 0x80
1000320a:	4323      	orrs	r3, r4
1000320c:	1c51      	adds	r1, r2, #1
1000320e:	9111      	str	r1, [sp, #68]	; 0x44
10003210:	7852      	ldrb	r2, [r2, #1]
10003212:	2a68      	cmp	r2, #104	; 0x68
10003214:	d001      	beq.n	1000321a <_vsnprintf+0x162>
10003216:	001c      	movs	r4, r3
10003218:	e009      	b.n	1000322e <_vsnprintf+0x176>
1000321a:	23c0      	movs	r3, #192	; 0xc0
1000321c:	431c      	orrs	r4, r3
1000321e:	3101      	adds	r1, #1
10003220:	9111      	str	r1, [sp, #68]	; 0x44
10003222:	e004      	b.n	1000322e <_vsnprintf+0x176>
10003224:	2380      	movs	r3, #128	; 0x80
10003226:	005b      	lsls	r3, r3, #1
10003228:	431c      	orrs	r4, r3
1000322a:	3201      	adds	r2, #1
1000322c:	9211      	str	r2, [sp, #68]	; 0x44
1000322e:	9b11      	ldr	r3, [sp, #68]	; 0x44
10003230:	7818      	ldrb	r0, [r3, #0]
10003232:	0003      	movs	r3, r0
10003234:	3b25      	subs	r3, #37	; 0x25
10003236:	b2da      	uxtb	r2, r3
10003238:	2a53      	cmp	r2, #83	; 0x53
1000323a:	d900      	bls.n	1000323e <_vsnprintf+0x186>
1000323c:	e22c      	b.n	10003698 <_vsnprintf+0x5e0>
1000323e:	0093      	lsls	r3, r2, #2
10003240:	4a86      	ldr	r2, [pc, #536]	; (1000345c <_vsnprintf+0x3a4>)
10003242:	58d3      	ldr	r3, [r2, r3]
10003244:	469f      	mov	pc, r3
10003246:	2380      	movs	r3, #128	; 0x80
10003248:	009b      	lsls	r3, r3, #2
1000324a:	431c      	orrs	r4, r3
1000324c:	3201      	adds	r2, #1
1000324e:	9211      	str	r2, [sp, #68]	; 0x44
10003250:	e7ed      	b.n	1000322e <_vsnprintf+0x176>
10003252:	2380      	movs	r3, #128	; 0x80
10003254:	005b      	lsls	r3, r3, #1
10003256:	431c      	orrs	r4, r3
10003258:	3201      	adds	r2, #1
1000325a:	9211      	str	r2, [sp, #68]	; 0x44
1000325c:	e7e7      	b.n	1000322e <_vsnprintf+0x176>
1000325e:	2878      	cmp	r0, #120	; 0x78
10003260:	d009      	beq.n	10003276 <_vsnprintf+0x1be>
10003262:	2858      	cmp	r0, #88	; 0x58
10003264:	d038      	beq.n	100032d8 <_vsnprintf+0x220>
10003266:	286f      	cmp	r0, #111	; 0x6f
10003268:	d038      	beq.n	100032dc <_vsnprintf+0x224>
1000326a:	2862      	cmp	r0, #98	; 0x62
1000326c:	d038      	beq.n	100032e0 <_vsnprintf+0x228>
1000326e:	2310      	movs	r3, #16
10003270:	439c      	bics	r4, r3
10003272:	260a      	movs	r6, #10
10003274:	e000      	b.n	10003278 <_vsnprintf+0x1c0>
10003276:	2610      	movs	r6, #16
10003278:	2858      	cmp	r0, #88	; 0x58
1000327a:	d033      	beq.n	100032e4 <_vsnprintf+0x22c>
1000327c:	2869      	cmp	r0, #105	; 0x69
1000327e:	d003      	beq.n	10003288 <_vsnprintf+0x1d0>
10003280:	2864      	cmp	r0, #100	; 0x64
10003282:	d001      	beq.n	10003288 <_vsnprintf+0x1d0>
10003284:	220c      	movs	r2, #12
10003286:	4394      	bics	r4, r2
10003288:	0563      	lsls	r3, r4, #21
1000328a:	d501      	bpl.n	10003290 <_vsnprintf+0x1d8>
1000328c:	2201      	movs	r2, #1
1000328e:	4394      	bics	r4, r2
10003290:	2869      	cmp	r0, #105	; 0x69
10003292:	d02a      	beq.n	100032ea <_vsnprintf+0x232>
10003294:	2864      	cmp	r0, #100	; 0x64
10003296:	d028      	beq.n	100032ea <_vsnprintf+0x232>
10003298:	05a3      	lsls	r3, r4, #22
1000329a:	d500      	bpl.n	1000329e <_vsnprintf+0x1e6>
1000329c:	e09f      	b.n	100033de <_vsnprintf+0x326>
1000329e:	05e3      	lsls	r3, r4, #23
100032a0:	d500      	bpl.n	100032a4 <_vsnprintf+0x1ec>
100032a2:	e0b8      	b.n	10003416 <_vsnprintf+0x35e>
100032a4:	0663      	lsls	r3, r4, #25
100032a6:	d400      	bmi.n	100032aa <_vsnprintf+0x1f2>
100032a8:	e0ca      	b.n	10003440 <_vsnprintf+0x388>
100032aa:	9a1c      	ldr	r2, [sp, #112]	; 0x70
100032ac:	1d11      	adds	r1, r2, #4
100032ae:	911c      	str	r1, [sp, #112]	; 0x70
100032b0:	6811      	ldr	r1, [r2, #0]
100032b2:	22ff      	movs	r2, #255	; 0xff
100032b4:	400a      	ands	r2, r1
100032b6:	9405      	str	r4, [sp, #20]
100032b8:	9b0a      	ldr	r3, [sp, #40]	; 0x28
100032ba:	9304      	str	r3, [sp, #16]
100032bc:	4653      	mov	r3, sl
100032be:	9303      	str	r3, [sp, #12]
100032c0:	9602      	str	r6, [sp, #8]
100032c2:	2300      	movs	r3, #0
100032c4:	9301      	str	r3, [sp, #4]
100032c6:	9200      	str	r2, [sp, #0]
100032c8:	4643      	mov	r3, r8
100032ca:	003a      	movs	r2, r7
100032cc:	4659      	mov	r1, fp
100032ce:	0028      	movs	r0, r5
100032d0:	f7ff fa6e 	bl	100027b0 <_ntoa_long>
100032d4:	0007      	movs	r7, r0
100032d6:	e027      	b.n	10003328 <_vsnprintf+0x270>
100032d8:	2610      	movs	r6, #16
100032da:	e7cd      	b.n	10003278 <_vsnprintf+0x1c0>
100032dc:	2608      	movs	r6, #8
100032de:	e7cb      	b.n	10003278 <_vsnprintf+0x1c0>
100032e0:	2602      	movs	r6, #2
100032e2:	e7c9      	b.n	10003278 <_vsnprintf+0x1c0>
100032e4:	2220      	movs	r2, #32
100032e6:	4314      	orrs	r4, r2
100032e8:	e7c8      	b.n	1000327c <_vsnprintf+0x1c4>
100032ea:	05a3      	lsls	r3, r4, #22
100032ec:	d420      	bmi.n	10003330 <_vsnprintf+0x278>
100032ee:	05e3      	lsls	r3, r4, #23
100032f0:	d450      	bmi.n	10003394 <_vsnprintf+0x2dc>
100032f2:	0663      	lsls	r3, r4, #25
100032f4:	d566      	bpl.n	100033c4 <_vsnprintf+0x30c>
100032f6:	9a1c      	ldr	r2, [sp, #112]	; 0x70
100032f8:	1d11      	adds	r1, r2, #4
100032fa:	911c      	str	r1, [sp, #112]	; 0x70
100032fc:	6811      	ldr	r1, [r2, #0]
100032fe:	22ff      	movs	r2, #255	; 0xff
10003300:	400a      	ands	r2, r1
10003302:	17d3      	asrs	r3, r2, #31
10003304:	18d1      	adds	r1, r2, r3
10003306:	4059      	eors	r1, r3
10003308:	9405      	str	r4, [sp, #20]
1000330a:	9b0a      	ldr	r3, [sp, #40]	; 0x28
1000330c:	9304      	str	r3, [sp, #16]
1000330e:	4653      	mov	r3, sl
10003310:	9303      	str	r3, [sp, #12]
10003312:	9602      	str	r6, [sp, #8]
10003314:	0fd2      	lsrs	r2, r2, #31
10003316:	9201      	str	r2, [sp, #4]
10003318:	9100      	str	r1, [sp, #0]
1000331a:	4643      	mov	r3, r8
1000331c:	003a      	movs	r2, r7
1000331e:	4659      	mov	r1, fp
10003320:	0028      	movs	r0, r5
10003322:	f7ff fa45 	bl	100027b0 <_ntoa_long>
10003326:	0007      	movs	r7, r0
10003328:	9b11      	ldr	r3, [sp, #68]	; 0x44
1000332a:	3301      	adds	r3, #1
1000332c:	9311      	str	r3, [sp, #68]	; 0x44
1000332e:	e6d3      	b.n	100030d8 <_vsnprintf+0x20>
10003330:	9b1c      	ldr	r3, [sp, #112]	; 0x70
10003332:	1dda      	adds	r2, r3, #7
10003334:	2107      	movs	r1, #7
10003336:	438a      	bics	r2, r1
10003338:	0011      	movs	r1, r2
1000333a:	3108      	adds	r1, #8
1000333c:	911c      	str	r1, [sp, #112]	; 0x70
1000333e:	6811      	ldr	r1, [r2, #0]
10003340:	6853      	ldr	r3, [r2, #4]
10003342:	469c      	mov	ip, r3
10003344:	17db      	asrs	r3, r3, #31
10003346:	930c      	str	r3, [sp, #48]	; 0x30
10003348:	930d      	str	r3, [sp, #52]	; 0x34
1000334a:	9a0c      	ldr	r2, [sp, #48]	; 0x30
1000334c:	9b0d      	ldr	r3, [sp, #52]	; 0x34
1000334e:	0010      	movs	r0, r2
10003350:	4048      	eors	r0, r1
10003352:	900e      	str	r0, [sp, #56]	; 0x38
10003354:	4662      	mov	r2, ip
10003356:	4053      	eors	r3, r2
10003358:	930f      	str	r3, [sp, #60]	; 0x3c
1000335a:	980e      	ldr	r0, [sp, #56]	; 0x38
1000335c:	990f      	ldr	r1, [sp, #60]	; 0x3c
1000335e:	9a0c      	ldr	r2, [sp, #48]	; 0x30
10003360:	9b0d      	ldr	r3, [sp, #52]	; 0x34
10003362:	1a80      	subs	r0, r0, r2
10003364:	4199      	sbcs	r1, r3
10003366:	900e      	str	r0, [sp, #56]	; 0x38
10003368:	910f      	str	r1, [sp, #60]	; 0x3c
1000336a:	9408      	str	r4, [sp, #32]
1000336c:	9b0a      	ldr	r3, [sp, #40]	; 0x28
1000336e:	9307      	str	r3, [sp, #28]
10003370:	4653      	mov	r3, sl
10003372:	9306      	str	r3, [sp, #24]
10003374:	9604      	str	r6, [sp, #16]
10003376:	2300      	movs	r3, #0
10003378:	9305      	str	r3, [sp, #20]
1000337a:	4663      	mov	r3, ip
1000337c:	0fda      	lsrs	r2, r3, #31
1000337e:	9202      	str	r2, [sp, #8]
10003380:	9000      	str	r0, [sp, #0]
10003382:	9101      	str	r1, [sp, #4]
10003384:	4643      	mov	r3, r8
10003386:	003a      	movs	r2, r7
10003388:	4659      	mov	r1, fp
1000338a:	0028      	movs	r0, r5
1000338c:	f7ff fa6e 	bl	1000286c <_ntoa_long_long>
10003390:	0007      	movs	r7, r0
10003392:	e7c9      	b.n	10003328 <_vsnprintf+0x270>
10003394:	9a1c      	ldr	r2, [sp, #112]	; 0x70
10003396:	1d11      	adds	r1, r2, #4
10003398:	911c      	str	r1, [sp, #112]	; 0x70
1000339a:	6812      	ldr	r2, [r2, #0]
1000339c:	17d3      	asrs	r3, r2, #31
1000339e:	18d1      	adds	r1, r2, r3
100033a0:	4059      	eors	r1, r3
100033a2:	9405      	str	r4, [sp, #20]
100033a4:	9b0a      	ldr	r3, [sp, #40]	; 0x28
100033a6:	9304      	str	r3, [sp, #16]
100033a8:	4653      	mov	r3, sl
100033aa:	9303      	str	r3, [sp, #12]
100033ac:	9602      	str	r6, [sp, #8]
100033ae:	0fd2      	lsrs	r2, r2, #31
100033b0:	9201      	str	r2, [sp, #4]
100033b2:	9100      	str	r1, [sp, #0]
100033b4:	4643      	mov	r3, r8
100033b6:	003a      	movs	r2, r7
100033b8:	4659      	mov	r1, fp
100033ba:	0028      	movs	r0, r5
100033bc:	f7ff f9f8 	bl	100027b0 <_ntoa_long>
100033c0:	0007      	movs	r7, r0
100033c2:	e7b1      	b.n	10003328 <_vsnprintf+0x270>
100033c4:	0623      	lsls	r3, r4, #24
100033c6:	d505      	bpl.n	100033d4 <_vsnprintf+0x31c>
100033c8:	9a1c      	ldr	r2, [sp, #112]	; 0x70
100033ca:	1d11      	adds	r1, r2, #4
100033cc:	911c      	str	r1, [sp, #112]	; 0x70
100033ce:	2300      	movs	r3, #0
100033d0:	5ed2      	ldrsh	r2, [r2, r3]
100033d2:	e796      	b.n	10003302 <_vsnprintf+0x24a>
100033d4:	9a1c      	ldr	r2, [sp, #112]	; 0x70
100033d6:	1d11      	adds	r1, r2, #4
100033d8:	911c      	str	r1, [sp, #112]	; 0x70
100033da:	6812      	ldr	r2, [r2, #0]
100033dc:	e791      	b.n	10003302 <_vsnprintf+0x24a>
100033de:	9b1c      	ldr	r3, [sp, #112]	; 0x70
100033e0:	1dda      	adds	r2, r3, #7
100033e2:	2107      	movs	r1, #7
100033e4:	438a      	bics	r2, r1
100033e6:	0011      	movs	r1, r2
100033e8:	3108      	adds	r1, #8
100033ea:	911c      	str	r1, [sp, #112]	; 0x70
100033ec:	9408      	str	r4, [sp, #32]
100033ee:	9b0a      	ldr	r3, [sp, #40]	; 0x28
100033f0:	9307      	str	r3, [sp, #28]
100033f2:	4653      	mov	r3, sl
100033f4:	9306      	str	r3, [sp, #24]
100033f6:	9604      	str	r6, [sp, #16]
100033f8:	2300      	movs	r3, #0
100033fa:	9305      	str	r3, [sp, #20]
100033fc:	9302      	str	r3, [sp, #8]
100033fe:	6813      	ldr	r3, [r2, #0]
10003400:	6854      	ldr	r4, [r2, #4]
10003402:	9300      	str	r3, [sp, #0]
10003404:	9401      	str	r4, [sp, #4]
10003406:	4643      	mov	r3, r8
10003408:	003a      	movs	r2, r7
1000340a:	4659      	mov	r1, fp
1000340c:	0028      	movs	r0, r5
1000340e:	f7ff fa2d 	bl	1000286c <_ntoa_long_long>
10003412:	0007      	movs	r7, r0
10003414:	e788      	b.n	10003328 <_vsnprintf+0x270>
10003416:	9a1c      	ldr	r2, [sp, #112]	; 0x70
10003418:	1d11      	adds	r1, r2, #4
1000341a:	911c      	str	r1, [sp, #112]	; 0x70
1000341c:	9405      	str	r4, [sp, #20]
1000341e:	9b0a      	ldr	r3, [sp, #40]	; 0x28
10003420:	9304      	str	r3, [sp, #16]
10003422:	4653      	mov	r3, sl
10003424:	9303      	str	r3, [sp, #12]
10003426:	9602      	str	r6, [sp, #8]
10003428:	2300      	movs	r3, #0
1000342a:	9301      	str	r3, [sp, #4]
1000342c:	6813      	ldr	r3, [r2, #0]
1000342e:	9300      	str	r3, [sp, #0]
10003430:	4643      	mov	r3, r8
10003432:	003a      	movs	r2, r7
10003434:	4659      	mov	r1, fp
10003436:	0028      	movs	r0, r5
10003438:	f7ff f9ba 	bl	100027b0 <_ntoa_long>
1000343c:	0007      	movs	r7, r0
1000343e:	e773      	b.n	10003328 <_vsnprintf+0x270>
10003440:	0623      	lsls	r3, r4, #24
10003442:	d50d      	bpl.n	10003460 <_vsnprintf+0x3a8>
10003444:	9a1c      	ldr	r2, [sp, #112]	; 0x70
10003446:	1d11      	adds	r1, r2, #4
10003448:	911c      	str	r1, [sp, #112]	; 0x70
1000344a:	6812      	ldr	r2, [r2, #0]
1000344c:	0412      	lsls	r2, r2, #16
1000344e:	0c12      	lsrs	r2, r2, #16
10003450:	e731      	b.n	100032b6 <_vsnprintf+0x1fe>
10003452:	46c0      	nop			; (mov r8, r8)
10003454:	10007f60 	.word	0x10007f60
10003458:	10007fa4 	.word	0x10007fa4
1000345c:	10007ff0 	.word	0x10007ff0
10003460:	9a1c      	ldr	r2, [sp, #112]	; 0x70
10003462:	1d11      	adds	r1, r2, #4
10003464:	911c      	str	r1, [sp, #112]	; 0x70
10003466:	6812      	ldr	r2, [r2, #0]
10003468:	e725      	b.n	100032b6 <_vsnprintf+0x1fe>
1000346a:	2846      	cmp	r0, #70	; 0x46
1000346c:	d01a      	beq.n	100034a4 <_vsnprintf+0x3ec>
1000346e:	9b1c      	ldr	r3, [sp, #112]	; 0x70
10003470:	3307      	adds	r3, #7
10003472:	2207      	movs	r2, #7
10003474:	4393      	bics	r3, r2
10003476:	001a      	movs	r2, r3
10003478:	3208      	adds	r2, #8
1000347a:	921c      	str	r2, [sp, #112]	; 0x70
1000347c:	9404      	str	r4, [sp, #16]
1000347e:	9a0a      	ldr	r2, [sp, #40]	; 0x28
10003480:	9203      	str	r2, [sp, #12]
10003482:	4652      	mov	r2, sl
10003484:	9202      	str	r2, [sp, #8]
10003486:	685c      	ldr	r4, [r3, #4]
10003488:	681b      	ldr	r3, [r3, #0]
1000348a:	9300      	str	r3, [sp, #0]
1000348c:	9401      	str	r4, [sp, #4]
1000348e:	4643      	mov	r3, r8
10003490:	003a      	movs	r2, r7
10003492:	4659      	mov	r1, fp
10003494:	0028      	movs	r0, r5
10003496:	f7ff fc65 	bl	10002d64 <_ftoa>
1000349a:	0007      	movs	r7, r0
1000349c:	9b11      	ldr	r3, [sp, #68]	; 0x44
1000349e:	3301      	adds	r3, #1
100034a0:	9311      	str	r3, [sp, #68]	; 0x44
100034a2:	e619      	b.n	100030d8 <_vsnprintf+0x20>
100034a4:	2320      	movs	r3, #32
100034a6:	431c      	orrs	r4, r3
100034a8:	e7e1      	b.n	1000346e <_vsnprintf+0x3b6>
100034aa:	2867      	cmp	r0, #103	; 0x67
100034ac:	d001      	beq.n	100034b2 <_vsnprintf+0x3fa>
100034ae:	2847      	cmp	r0, #71	; 0x47
100034b0:	d102      	bne.n	100034b8 <_vsnprintf+0x400>
100034b2:	2380      	movs	r3, #128	; 0x80
100034b4:	011b      	lsls	r3, r3, #4
100034b6:	431c      	orrs	r4, r3
100034b8:	2845      	cmp	r0, #69	; 0x45
100034ba:	d001      	beq.n	100034c0 <_vsnprintf+0x408>
100034bc:	2847      	cmp	r0, #71	; 0x47
100034be:	d101      	bne.n	100034c4 <_vsnprintf+0x40c>
100034c0:	2320      	movs	r3, #32
100034c2:	431c      	orrs	r4, r3
100034c4:	9b1c      	ldr	r3, [sp, #112]	; 0x70
100034c6:	3307      	adds	r3, #7
100034c8:	2207      	movs	r2, #7
100034ca:	4393      	bics	r3, r2
100034cc:	001a      	movs	r2, r3
100034ce:	3208      	adds	r2, #8
100034d0:	921c      	str	r2, [sp, #112]	; 0x70
100034d2:	9404      	str	r4, [sp, #16]
100034d4:	9a0a      	ldr	r2, [sp, #40]	; 0x28
100034d6:	9203      	str	r2, [sp, #12]
100034d8:	4652      	mov	r2, sl
100034da:	9202      	str	r2, [sp, #8]
100034dc:	685c      	ldr	r4, [r3, #4]
100034de:	681b      	ldr	r3, [r3, #0]
100034e0:	9300      	str	r3, [sp, #0]
100034e2:	9401      	str	r4, [sp, #4]
100034e4:	4643      	mov	r3, r8
100034e6:	003a      	movs	r2, r7
100034e8:	4659      	mov	r1, fp
100034ea:	0028      	movs	r0, r5
100034ec:	f7ff fa30 	bl	10002950 <_etoa>
100034f0:	0007      	movs	r7, r0
100034f2:	9b11      	ldr	r3, [sp, #68]	; 0x44
100034f4:	3301      	adds	r3, #1
100034f6:	9311      	str	r3, [sp, #68]	; 0x44
100034f8:	e5ee      	b.n	100030d8 <_vsnprintf+0x20>
100034fa:	2302      	movs	r3, #2
100034fc:	001a      	movs	r2, r3
100034fe:	4022      	ands	r2, r4
10003500:	4692      	mov	sl, r2
10003502:	4223      	tst	r3, r4
10003504:	d01f      	beq.n	10003546 <_vsnprintf+0x48e>
10003506:	2401      	movs	r4, #1
10003508:	9b1c      	ldr	r3, [sp, #112]	; 0x70
1000350a:	1d1a      	adds	r2, r3, #4
1000350c:	921c      	str	r2, [sp, #112]	; 0x70
1000350e:	1c7a      	adds	r2, r7, #1
10003510:	4691      	mov	r9, r2
10003512:	7818      	ldrb	r0, [r3, #0]
10003514:	4643      	mov	r3, r8
10003516:	003a      	movs	r2, r7
10003518:	4659      	mov	r1, fp
1000351a:	47a8      	blx	r5
1000351c:	4653      	mov	r3, sl
1000351e:	2b00      	cmp	r3, #0
10003520:	d116      	bne.n	10003550 <_vsnprintf+0x498>
10003522:	9b11      	ldr	r3, [sp, #68]	; 0x44
10003524:	3301      	adds	r3, #1
10003526:	9311      	str	r3, [sp, #68]	; 0x44
10003528:	464f      	mov	r7, r9
1000352a:	e5d5      	b.n	100030d8 <_vsnprintf+0x20>
1000352c:	1c56      	adds	r6, r2, #1
1000352e:	4643      	mov	r3, r8
10003530:	4659      	mov	r1, fp
10003532:	2020      	movs	r0, #32
10003534:	47b8      	blx	r7
10003536:	0023      	movs	r3, r4
10003538:	0032      	movs	r2, r6
1000353a:	1c5c      	adds	r4, r3, #1
1000353c:	429d      	cmp	r5, r3
1000353e:	d8f5      	bhi.n	1000352c <_vsnprintf+0x474>
10003540:	003d      	movs	r5, r7
10003542:	0017      	movs	r7, r2
10003544:	e7e0      	b.n	10003508 <_vsnprintf+0x450>
10003546:	2301      	movs	r3, #1
10003548:	003a      	movs	r2, r7
1000354a:	002f      	movs	r7, r5
1000354c:	9d0a      	ldr	r5, [sp, #40]	; 0x28
1000354e:	e7f4      	b.n	1000353a <_vsnprintf+0x482>
10003550:	464a      	mov	r2, r9
10003552:	46a9      	mov	r9, r5
10003554:	9d0a      	ldr	r5, [sp, #40]	; 0x28
10003556:	e006      	b.n	10003566 <_vsnprintf+0x4ae>
10003558:	1c57      	adds	r7, r2, #1
1000355a:	4643      	mov	r3, r8
1000355c:	4659      	mov	r1, fp
1000355e:	2020      	movs	r0, #32
10003560:	47c8      	blx	r9
10003562:	0034      	movs	r4, r6
10003564:	003a      	movs	r2, r7
10003566:	1c66      	adds	r6, r4, #1
10003568:	42a5      	cmp	r5, r4
1000356a:	d8f5      	bhi.n	10003558 <_vsnprintf+0x4a0>
1000356c:	464d      	mov	r5, r9
1000356e:	4691      	mov	r9, r2
10003570:	e7d7      	b.n	10003522 <_vsnprintf+0x46a>
10003572:	9b1c      	ldr	r3, [sp, #112]	; 0x70
10003574:	1d1a      	adds	r2, r3, #4
10003576:	921c      	str	r2, [sp, #112]	; 0x70
10003578:	681b      	ldr	r3, [r3, #0]
1000357a:	4699      	mov	r9, r3
1000357c:	4653      	mov	r3, sl
1000357e:	2b00      	cmp	r3, #0
10003580:	d100      	bne.n	10003584 <_vsnprintf+0x4cc>
10003582:	3b01      	subs	r3, #1
10003584:	464e      	mov	r6, r9
10003586:	e001      	b.n	1000358c <_vsnprintf+0x4d4>
10003588:	3601      	adds	r6, #1
1000358a:	0013      	movs	r3, r2
1000358c:	7832      	ldrb	r2, [r6, #0]
1000358e:	2a00      	cmp	r2, #0
10003590:	d002      	beq.n	10003598 <_vsnprintf+0x4e0>
10003592:	1e5a      	subs	r2, r3, #1
10003594:	2b00      	cmp	r3, #0
10003596:	d1f7      	bne.n	10003588 <_vsnprintf+0x4d0>
10003598:	464b      	mov	r3, r9
1000359a:	1af2      	subs	r2, r6, r3
1000359c:	9210      	str	r2, [sp, #64]	; 0x40
1000359e:	2380      	movs	r3, #128	; 0x80
100035a0:	00db      	lsls	r3, r3, #3
100035a2:	0026      	movs	r6, r4
100035a4:	401e      	ands	r6, r3
100035a6:	421c      	tst	r4, r3
100035a8:	d003      	beq.n	100035b2 <_vsnprintf+0x4fa>
100035aa:	4552      	cmp	r2, sl
100035ac:	d901      	bls.n	100035b2 <_vsnprintf+0x4fa>
100035ae:	4653      	mov	r3, sl
100035b0:	9310      	str	r3, [sp, #64]	; 0x40
100035b2:	2302      	movs	r3, #2
100035b4:	001a      	movs	r2, r3
100035b6:	4022      	ands	r2, r4
100035b8:	920b      	str	r2, [sp, #44]	; 0x2c
100035ba:	4223      	tst	r3, r4
100035bc:	d005      	beq.n	100035ca <_vsnprintf+0x512>
100035be:	003a      	movs	r2, r7
100035c0:	0037      	movs	r7, r6
100035c2:	464c      	mov	r4, r9
100035c4:	46a9      	mov	r9, r5
100035c6:	4655      	mov	r5, sl
100035c8:	e020      	b.n	1000360c <_vsnprintf+0x554>
100035ca:	003a      	movs	r2, r7
100035cc:	9b10      	ldr	r3, [sp, #64]	; 0x40
100035ce:	465f      	mov	r7, fp
100035d0:	46b3      	mov	fp, r6
100035d2:	002e      	movs	r6, r5
100035d4:	e006      	b.n	100035e4 <_vsnprintf+0x52c>
100035d6:	1c55      	adds	r5, r2, #1
100035d8:	4643      	mov	r3, r8
100035da:	0039      	movs	r1, r7
100035dc:	2020      	movs	r0, #32
100035de:	47b0      	blx	r6
100035e0:	0023      	movs	r3, r4
100035e2:	002a      	movs	r2, r5
100035e4:	1c5c      	adds	r4, r3, #1
100035e6:	990a      	ldr	r1, [sp, #40]	; 0x28
100035e8:	4299      	cmp	r1, r3
100035ea:	d8f4      	bhi.n	100035d6 <_vsnprintf+0x51e>
100035ec:	0035      	movs	r5, r6
100035ee:	465e      	mov	r6, fp
100035f0:	46bb      	mov	fp, r7
100035f2:	9410      	str	r4, [sp, #64]	; 0x40
100035f4:	0037      	movs	r7, r6
100035f6:	464c      	mov	r4, r9
100035f8:	46a9      	mov	r9, r5
100035fa:	4655      	mov	r5, sl
100035fc:	e006      	b.n	1000360c <_vsnprintf+0x554>
100035fe:	001d      	movs	r5, r3
10003600:	3401      	adds	r4, #1
10003602:	1c56      	adds	r6, r2, #1
10003604:	4643      	mov	r3, r8
10003606:	4659      	mov	r1, fp
10003608:	47c8      	blx	r9
1000360a:	0032      	movs	r2, r6
1000360c:	7820      	ldrb	r0, [r4, #0]
1000360e:	2800      	cmp	r0, #0
10003610:	d004      	beq.n	1000361c <_vsnprintf+0x564>
10003612:	2f00      	cmp	r7, #0
10003614:	d0f4      	beq.n	10003600 <_vsnprintf+0x548>
10003616:	1e6b      	subs	r3, r5, #1
10003618:	2d00      	cmp	r5, #0
1000361a:	d1f0      	bne.n	100035fe <_vsnprintf+0x546>
1000361c:	0017      	movs	r7, r2
1000361e:	464d      	mov	r5, r9
10003620:	9b0b      	ldr	r3, [sp, #44]	; 0x2c
10003622:	2b00      	cmp	r3, #0
10003624:	d103      	bne.n	1000362e <_vsnprintf+0x576>
10003626:	9b11      	ldr	r3, [sp, #68]	; 0x44
10003628:	3301      	adds	r3, #1
1000362a:	9311      	str	r3, [sp, #68]	; 0x44
1000362c:	e554      	b.n	100030d8 <_vsnprintf+0x20>
1000362e:	9f0a      	ldr	r7, [sp, #40]	; 0x28
10003630:	9b10      	ldr	r3, [sp, #64]	; 0x40
10003632:	e006      	b.n	10003642 <_vsnprintf+0x58a>
10003634:	1c56      	adds	r6, r2, #1
10003636:	4643      	mov	r3, r8
10003638:	4659      	mov	r1, fp
1000363a:	2020      	movs	r0, #32
1000363c:	47a8      	blx	r5
1000363e:	0023      	movs	r3, r4
10003640:	0032      	movs	r2, r6
10003642:	1c5c      	adds	r4, r3, #1
10003644:	429f      	cmp	r7, r3
10003646:	d8f5      	bhi.n	10003634 <_vsnprintf+0x57c>
10003648:	0017      	movs	r7, r2
1000364a:	e7ec      	b.n	10003626 <_vsnprintf+0x56e>
1000364c:	2321      	movs	r3, #33	; 0x21
1000364e:	431c      	orrs	r4, r3
10003650:	9b1c      	ldr	r3, [sp, #112]	; 0x70
10003652:	1d1a      	adds	r2, r3, #4
10003654:	921c      	str	r2, [sp, #112]	; 0x70
10003656:	681b      	ldr	r3, [r3, #0]
10003658:	9300      	str	r3, [sp, #0]
1000365a:	9405      	str	r4, [sp, #20]
1000365c:	2308      	movs	r3, #8
1000365e:	9304      	str	r3, [sp, #16]
10003660:	4653      	mov	r3, sl
10003662:	9303      	str	r3, [sp, #12]
10003664:	2310      	movs	r3, #16
10003666:	9302      	str	r3, [sp, #8]
10003668:	2300      	movs	r3, #0
1000366a:	9301      	str	r3, [sp, #4]
1000366c:	4643      	mov	r3, r8
1000366e:	003a      	movs	r2, r7
10003670:	4659      	mov	r1, fp
10003672:	0028      	movs	r0, r5
10003674:	f7ff f89c 	bl	100027b0 <_ntoa_long>
10003678:	0007      	movs	r7, r0
1000367a:	9b11      	ldr	r3, [sp, #68]	; 0x44
1000367c:	3301      	adds	r3, #1
1000367e:	9311      	str	r3, [sp, #68]	; 0x44
10003680:	e52a      	b.n	100030d8 <_vsnprintf+0x20>
10003682:	1c7c      	adds	r4, r7, #1
10003684:	4643      	mov	r3, r8
10003686:	003a      	movs	r2, r7
10003688:	4659      	mov	r1, fp
1000368a:	2025      	movs	r0, #37	; 0x25
1000368c:	47a8      	blx	r5
1000368e:	9b11      	ldr	r3, [sp, #68]	; 0x44
10003690:	3301      	adds	r3, #1
10003692:	9311      	str	r3, [sp, #68]	; 0x44
10003694:	0027      	movs	r7, r4
10003696:	e51f      	b.n	100030d8 <_vsnprintf+0x20>
10003698:	1c7c      	adds	r4, r7, #1
1000369a:	4643      	mov	r3, r8
1000369c:	003a      	movs	r2, r7
1000369e:	4659      	mov	r1, fp
100036a0:	47a8      	blx	r5
100036a2:	9b11      	ldr	r3, [sp, #68]	; 0x44
100036a4:	3301      	adds	r3, #1
100036a6:	9311      	str	r3, [sp, #68]	; 0x44
100036a8:	0027      	movs	r7, r4
100036aa:	e515      	b.n	100030d8 <_vsnprintf+0x20>
100036ac:	4b0a      	ldr	r3, [pc, #40]	; (100036d8 <_vsnprintf+0x620>)
100036ae:	469a      	mov	sl, r3
100036b0:	e510      	b.n	100030d4 <_vsnprintf+0x1c>
100036b2:	46aa      	mov	sl, r5
100036b4:	4547      	cmp	r7, r8
100036b6:	d302      	bcc.n	100036be <_vsnprintf+0x606>
100036b8:	4643      	mov	r3, r8
100036ba:	1e5a      	subs	r2, r3, #1
100036bc:	e000      	b.n	100036c0 <_vsnprintf+0x608>
100036be:	003a      	movs	r2, r7
100036c0:	4643      	mov	r3, r8
100036c2:	4659      	mov	r1, fp
100036c4:	2000      	movs	r0, #0
100036c6:	47d0      	blx	sl
100036c8:	0038      	movs	r0, r7
100036ca:	b013      	add	sp, #76	; 0x4c
100036cc:	bcf0      	pop	{r4, r5, r6, r7}
100036ce:	46bb      	mov	fp, r7
100036d0:	46b2      	mov	sl, r6
100036d2:	46a9      	mov	r9, r5
100036d4:	46a0      	mov	r8, r4
100036d6:	bdf0      	pop	{r4, r5, r6, r7, pc}
100036d8:	100025bd 	.word	0x100025bd

100036dc <vfctprintf>:
100036dc:	b500      	push	{lr}
100036de:	b085      	sub	sp, #20
100036e0:	9002      	str	r0, [sp, #8]
100036e2:	9103      	str	r1, [sp, #12]
100036e4:	2101      	movs	r1, #1
100036e6:	9300      	str	r3, [sp, #0]
100036e8:	0013      	movs	r3, r2
100036ea:	424a      	negs	r2, r1
100036ec:	a902      	add	r1, sp, #8
100036ee:	4802      	ldr	r0, [pc, #8]	; (100036f8 <vfctprintf+0x1c>)
100036f0:	f7ff fce2 	bl	100030b8 <_vsnprintf>
100036f4:	b005      	add	sp, #20
100036f6:	bd00      	pop	{pc}
100036f8:	100025bf 	.word	0x100025bf

100036fc <__aeabi_bits_init>:
100036fc:	4801      	ldr	r0, [pc, #4]	; (10003704 <__aeabi_bits_init+0x8>)
100036fe:	2104      	movs	r1, #4
10003700:	4b01      	ldr	r3, [pc, #4]	; (10003708 <__aeabi_bits_init+0xc>)
10003702:	4718      	bx	r3
10003704:	20000c20 	.word	0x20000c20
10003708:	1000372d 	.word	0x1000372d

1000370c <rom_func_lookup>:
1000370c:	b510      	push	{r4, lr}
1000370e:	0001      	movs	r1, r0
10003710:	2318      	movs	r3, #24
10003712:	881b      	ldrh	r3, [r3, #0]
10003714:	2214      	movs	r2, #20
10003716:	8810      	ldrh	r0, [r2, #0]
10003718:	4798      	blx	r3
1000371a:	bd10      	pop	{r4, pc}

1000371c <rom_data_lookup>:
1000371c:	b510      	push	{r4, lr}
1000371e:	0001      	movs	r1, r0
10003720:	2318      	movs	r3, #24
10003722:	881b      	ldrh	r3, [r3, #0]
10003724:	2216      	movs	r2, #22
10003726:	8810      	ldrh	r0, [r2, #0]
10003728:	4798      	blx	r3
1000372a:	bd10      	pop	{r4, pc}

1000372c <rom_funcs_lookup>:
1000372c:	b5f0      	push	{r4, r5, r6, r7, lr}
1000372e:	46c6      	mov	lr, r8
10003730:	b500      	push	{lr}
10003732:	0007      	movs	r7, r0
10003734:	000e      	movs	r6, r1
10003736:	2500      	movs	r5, #0
10003738:	2301      	movs	r3, #1
1000373a:	4698      	mov	r8, r3
1000373c:	e000      	b.n	10003740 <rom_funcs_lookup+0x14>
1000373e:	3501      	adds	r5, #1
10003740:	42b5      	cmp	r5, r6
10003742:	d20a      	bcs.n	1000375a <rom_funcs_lookup+0x2e>
10003744:	00ac      	lsls	r4, r5, #2
10003746:	193c      	adds	r4, r7, r4
10003748:	6820      	ldr	r0, [r4, #0]
1000374a:	f7ff ffdf 	bl	1000370c <rom_func_lookup>
1000374e:	6020      	str	r0, [r4, #0]
10003750:	2800      	cmp	r0, #0
10003752:	d1f4      	bne.n	1000373e <rom_funcs_lookup+0x12>
10003754:	2300      	movs	r3, #0
10003756:	4698      	mov	r8, r3
10003758:	e7f1      	b.n	1000373e <rom_funcs_lookup+0x12>
1000375a:	4640      	mov	r0, r8
1000375c:	bc80      	pop	{r7}
1000375e:	46b8      	mov	r8, r7
10003760:	bdf0      	pop	{r4, r5, r6, r7, pc}
	...

10003764 <__wrap___aeabi_idiv>:
10003764:	4a12      	ldr	r2, [pc, #72]	; (100037b0 <divmod_s32s32_savestate+0x18>)
10003766:	6f93      	ldr	r3, [r2, #120]	; 0x78
10003768:	089b      	lsrs	r3, r3, #2
1000376a:	d215      	bcs.n	10003798 <divmod_s32s32_savestate>

1000376c <divmod_s32s32_unsafe>:
1000376c:	6690      	str	r0, [r2, #104]	; 0x68
1000376e:	66d1      	str	r1, [r2, #108]	; 0x6c
10003770:	2900      	cmp	r1, #0
10003772:	d005      	beq.n	10003780 <divmod_s32s32_unsafe+0x14>
10003774:	e7ff      	b.n	10003776 <divmod_s32s32_unsafe+0xa>
10003776:	e7ff      	b.n	10003778 <divmod_s32s32_unsafe+0xc>
10003778:	e7ff      	b.n	1000377a <divmod_s32s32_unsafe+0xe>
1000377a:	6f51      	ldr	r1, [r2, #116]	; 0x74
1000377c:	6f10      	ldr	r0, [r2, #112]	; 0x70
1000377e:	4770      	bx	lr
10003780:	b504      	push	{r2, lr}
10003782:	2180      	movs	r1, #128	; 0x80
10003784:	0609      	lsls	r1, r1, #24
10003786:	17c2      	asrs	r2, r0, #31
10003788:	4051      	eors	r1, r2
1000378a:	2800      	cmp	r0, #0
1000378c:	d000      	beq.n	10003790 <divmod_s32s32_unsafe+0x24>
1000378e:	43c8      	mvns	r0, r1
10003790:	f003 fd52 	bl	10007238 <____aeabi_idiv0_veneer>
10003794:	2100      	movs	r1, #0
10003796:	bd04      	pop	{r2, pc}

10003798 <divmod_s32s32_savestate>:
10003798:	b5f0      	push	{r4, r5, r6, r7, lr}
1000379a:	6e14      	ldr	r4, [r2, #96]	; 0x60
1000379c:	6e55      	ldr	r5, [r2, #100]	; 0x64
1000379e:	6f57      	ldr	r7, [r2, #116]	; 0x74
100037a0:	6f16      	ldr	r6, [r2, #112]	; 0x70
100037a2:	f7ff ffe3 	bl	1000376c <divmod_s32s32_unsafe>
100037a6:	6614      	str	r4, [r2, #96]	; 0x60
100037a8:	6655      	str	r5, [r2, #100]	; 0x64
100037aa:	6757      	str	r7, [r2, #116]	; 0x74
100037ac:	6716      	str	r6, [r2, #112]	; 0x70
100037ae:	bdf0      	pop	{r4, r5, r6, r7, pc}
100037b0:	d0000000 	.word	0xd0000000

100037b4 <__wrap___aeabi_uidiv>:
100037b4:	4a11      	ldr	r2, [pc, #68]	; (100037fc <divmod_u32u32_savestate+0x18>)
100037b6:	6f93      	ldr	r3, [r2, #120]	; 0x78
100037b8:	089b      	lsrs	r3, r3, #2
100037ba:	d213      	bcs.n	100037e4 <divmod_u32u32_savestate>

100037bc <divmod_u32u32_unsafe>:
100037bc:	6610      	str	r0, [r2, #96]	; 0x60
100037be:	6651      	str	r1, [r2, #100]	; 0x64
100037c0:	2900      	cmp	r1, #0
100037c2:	d005      	beq.n	100037d0 <divmod_u32u32_unsafe+0x14>
100037c4:	e7ff      	b.n	100037c6 <divmod_u32u32_unsafe+0xa>
100037c6:	e7ff      	b.n	100037c8 <divmod_u32u32_unsafe+0xc>
100037c8:	e7ff      	b.n	100037ca <divmod_u32u32_unsafe+0xe>
100037ca:	6f51      	ldr	r1, [r2, #116]	; 0x74
100037cc:	6f10      	ldr	r0, [r2, #112]	; 0x70
100037ce:	4770      	bx	lr
100037d0:	b504      	push	{r2, lr}
100037d2:	2800      	cmp	r0, #0
100037d4:	d001      	beq.n	100037da <divmod_u32u32_unsafe+0x1e>
100037d6:	2000      	movs	r0, #0
100037d8:	43c0      	mvns	r0, r0
100037da:	f003 fd2d 	bl	10007238 <____aeabi_idiv0_veneer>
100037de:	2100      	movs	r1, #0
100037e0:	bd04      	pop	{r2, pc}
100037e2:	46c0      	nop			; (mov r8, r8)

100037e4 <divmod_u32u32_savestate>:
100037e4:	b5f0      	push	{r4, r5, r6, r7, lr}
100037e6:	6e14      	ldr	r4, [r2, #96]	; 0x60
100037e8:	6e55      	ldr	r5, [r2, #100]	; 0x64
100037ea:	6f57      	ldr	r7, [r2, #116]	; 0x74
100037ec:	6f16      	ldr	r6, [r2, #112]	; 0x70
100037ee:	f7ff ffe5 	bl	100037bc <divmod_u32u32_unsafe>
100037f2:	6614      	str	r4, [r2, #96]	; 0x60
100037f4:	6655      	str	r5, [r2, #100]	; 0x64
100037f6:	6757      	str	r7, [r2, #116]	; 0x74
100037f8:	6716      	str	r6, [r2, #112]	; 0x70
100037fa:	bdf0      	pop	{r4, r5, r6, r7, pc}
100037fc:	d0000000 	.word	0xd0000000

10003800 <__wrap___aeabi_ldivmod>:
10003800:	4694      	mov	ip, r2
10003802:	4a4a      	ldr	r2, [pc, #296]	; (1000392c <udiv0+0x1a>)
10003804:	6f92      	ldr	r2, [r2, #120]	; 0x78
10003806:	0892      	lsrs	r2, r2, #2
10003808:	4662      	mov	r2, ip
1000380a:	d201      	bcs.n	10003810 <divmod_s64s64_savestate>
1000380c:	e028      	b.n	10003860 <divmod_s64s64_unsafe>
1000380e:	46c0      	nop			; (mov r8, r8)

10003810 <divmod_s64s64_savestate>:
10003810:	b5f0      	push	{r4, r5, r6, r7, lr}
10003812:	4e46      	ldr	r6, [pc, #280]	; (1000392c <udiv0+0x1a>)
10003814:	6e34      	ldr	r4, [r6, #96]	; 0x60
10003816:	6e75      	ldr	r5, [r6, #100]	; 0x64
10003818:	6f77      	ldr	r7, [r6, #116]	; 0x74
1000381a:	6f36      	ldr	r6, [r6, #112]	; 0x70
1000381c:	f000 f820 	bl	10003860 <divmod_s64s64_unsafe>
10003820:	4694      	mov	ip, r2
10003822:	4a42      	ldr	r2, [pc, #264]	; (1000392c <udiv0+0x1a>)
10003824:	6614      	str	r4, [r2, #96]	; 0x60
10003826:	6655      	str	r5, [r2, #100]	; 0x64
10003828:	6757      	str	r7, [r2, #116]	; 0x74
1000382a:	6716      	str	r6, [r2, #112]	; 0x70
1000382c:	4662      	mov	r2, ip
1000382e:	bdf0      	pop	{r4, r5, r6, r7, pc}

10003830 <__wrap___aeabi_uldivmod>:
10003830:	4694      	mov	ip, r2
10003832:	4a3e      	ldr	r2, [pc, #248]	; (1000392c <udiv0+0x1a>)
10003834:	6f92      	ldr	r2, [r2, #120]	; 0x78
10003836:	0892      	lsrs	r2, r2, #2
10003838:	4662      	mov	r2, ip
1000383a:	d201      	bcs.n	10003840 <divmod_u64u64_savestate>
1000383c:	e054      	b.n	100038e8 <divmod_u64u64_unsafe>
1000383e:	46c0      	nop			; (mov r8, r8)

10003840 <divmod_u64u64_savestate>:
10003840:	b5f0      	push	{r4, r5, r6, r7, lr}
10003842:	4e3a      	ldr	r6, [pc, #232]	; (1000392c <udiv0+0x1a>)
10003844:	6e34      	ldr	r4, [r6, #96]	; 0x60
10003846:	6e75      	ldr	r5, [r6, #100]	; 0x64
10003848:	6f77      	ldr	r7, [r6, #116]	; 0x74
1000384a:	6f36      	ldr	r6, [r6, #112]	; 0x70
1000384c:	f000 f84c 	bl	100038e8 <divmod_u64u64_unsafe>
10003850:	4694      	mov	ip, r2
10003852:	4a36      	ldr	r2, [pc, #216]	; (1000392c <udiv0+0x1a>)
10003854:	6614      	str	r4, [r2, #96]	; 0x60
10003856:	6655      	str	r5, [r2, #100]	; 0x64
10003858:	6757      	str	r7, [r2, #116]	; 0x74
1000385a:	6716      	str	r6, [r2, #112]	; 0x70
1000385c:	4662      	mov	r2, ip
1000385e:	bdf0      	pop	{r4, r5, r6, r7, pc}

10003860 <divmod_s64s64_unsafe>:
10003860:	2b00      	cmp	r3, #0
10003862:	db24      	blt.n	100038ae <l41_1+0x26>
10003864:	d011      	beq.n	1000388a <l41_1+0x2>
10003866:	2900      	cmp	r1, #0
10003868:	da3e      	bge.n	100038e8 <divmod_u64u64_unsafe>
1000386a:	b500      	push	{lr}
1000386c:	43c9      	mvns	r1, r1
1000386e:	4240      	negs	r0, r0
10003870:	d100      	bne.n	10003874 <l39_1>
10003872:	3101      	adds	r1, #1

10003874 <l39_1>:
10003874:	f000 f838 	bl	100038e8 <divmod_u64u64_unsafe>
10003878:	43c9      	mvns	r1, r1
1000387a:	4240      	negs	r0, r0
1000387c:	d100      	bne.n	10003880 <l40_1>
1000387e:	3101      	adds	r1, #1

10003880 <l40_1>:
10003880:	43db      	mvns	r3, r3
10003882:	4252      	negs	r2, r2
10003884:	d100      	bne.n	10003888 <l41_1>
10003886:	3301      	adds	r3, #1

10003888 <l41_1>:
10003888:	bd00      	pop	{pc}
1000388a:	2a00      	cmp	r2, #0
1000388c:	d1eb      	bne.n	10003866 <divmod_s64s64_unsafe+0x6>
1000388e:	2800      	cmp	r0, #0
10003890:	d101      	bne.n	10003896 <l41_1+0xe>
10003892:	2900      	cmp	r1, #0
10003894:	d005      	beq.n	100038a2 <l41_1+0x1a>
10003896:	2000      	movs	r0, #0
10003898:	0fc9      	lsrs	r1, r1, #31
1000389a:	07c9      	lsls	r1, r1, #31
1000389c:	d101      	bne.n	100038a2 <l41_1+0x1a>
1000389e:	43c0      	mvns	r0, r0
100038a0:	0841      	lsrs	r1, r0, #1
100038a2:	b500      	push	{lr}
100038a4:	f003 fcc0 	bl	10007228 <____aeabi_ldiv0_veneer>
100038a8:	2200      	movs	r2, #0
100038aa:	2300      	movs	r3, #0
100038ac:	bd00      	pop	{pc}
100038ae:	b500      	push	{lr}
100038b0:	2900      	cmp	r1, #0
100038b2:	db0a      	blt.n	100038ca <l43_1+0x2>
100038b4:	43db      	mvns	r3, r3
100038b6:	4252      	negs	r2, r2
100038b8:	d100      	bne.n	100038bc <l42_1>
100038ba:	3301      	adds	r3, #1

100038bc <l42_1>:
100038bc:	f000 f814 	bl	100038e8 <divmod_u64u64_unsafe>
100038c0:	43c9      	mvns	r1, r1
100038c2:	4240      	negs	r0, r0
100038c4:	d100      	bne.n	100038c8 <l43_1>
100038c6:	3101      	adds	r1, #1

100038c8 <l43_1>:
100038c8:	bd00      	pop	{pc}
100038ca:	43c9      	mvns	r1, r1
100038cc:	4240      	negs	r0, r0
100038ce:	d100      	bne.n	100038d2 <l44_1>
100038d0:	3101      	adds	r1, #1

100038d2 <l44_1>:
100038d2:	43db      	mvns	r3, r3
100038d4:	4252      	negs	r2, r2
100038d6:	d100      	bne.n	100038da <l45_1>
100038d8:	3301      	adds	r3, #1

100038da <l45_1>:
100038da:	f000 f805 	bl	100038e8 <divmod_u64u64_unsafe>
100038de:	43db      	mvns	r3, r3
100038e0:	4252      	negs	r2, r2
100038e2:	d100      	bne.n	100038e6 <l46_1>
100038e4:	3301      	adds	r3, #1

100038e6 <l46_1>:
100038e6:	bd00      	pop	{pc}

100038e8 <divmod_u64u64_unsafe>:
100038e8:	2900      	cmp	r1, #0
100038ea:	d123      	bne.n	10003934 <y64>
100038ec:	2b00      	cmp	r3, #0
100038ee:	d118      	bne.n	10003922 <udiv0+0x10>
100038f0:	2a00      	cmp	r2, #0
100038f2:	d00c      	beq.n	1000390e <divmod_u64u64_unsafe+0x26>
100038f4:	46bc      	mov	ip, r7
100038f6:	4f0d      	ldr	r7, [pc, #52]	; (1000392c <udiv0+0x1a>)
100038f8:	6638      	str	r0, [r7, #96]	; 0x60
100038fa:	667a      	str	r2, [r7, #100]	; 0x64
100038fc:	2100      	movs	r1, #0
100038fe:	2300      	movs	r3, #0
10003900:	e7ff      	b.n	10003902 <divmod_u64u64_unsafe+0x1a>
10003902:	e7ff      	b.n	10003904 <divmod_u64u64_unsafe+0x1c>
10003904:	e7ff      	b.n	10003906 <divmod_u64u64_unsafe+0x1e>
10003906:	6f7a      	ldr	r2, [r7, #116]	; 0x74
10003908:	6f38      	ldr	r0, [r7, #112]	; 0x70
1000390a:	4667      	mov	r7, ip
1000390c:	4770      	bx	lr
1000390e:	2800      	cmp	r0, #0
10003910:	d001      	beq.n	10003916 <udiv0+0x4>

10003912 <udiv0>:
10003912:	4807      	ldr	r0, [pc, #28]	; (10003930 <udiv0+0x1e>)
10003914:	0001      	movs	r1, r0
10003916:	b500      	push	{lr}
10003918:	f003 fc86 	bl	10007228 <____aeabi_ldiv0_veneer>
1000391c:	2200      	movs	r2, #0
1000391e:	2300      	movs	r3, #0
10003920:	bd00      	pop	{pc}
10003922:	0002      	movs	r2, r0
10003924:	000b      	movs	r3, r1
10003926:	2000      	movs	r0, #0
10003928:	2100      	movs	r1, #0
1000392a:	4770      	bx	lr
1000392c:	d0000000 	.word	0xd0000000
10003930:	ffffffff 	.word	0xffffffff

10003934 <y64>:
10003934:	2b00      	cmp	r3, #0
10003936:	d000      	beq.n	1000393a <y64+0x6>
10003938:	e0bf      	b.n	10003aba <y64_x48>
1000393a:	0c13      	lsrs	r3, r2, #16
1000393c:	d128      	bne.n	10003990 <y64_x32>
1000393e:	2a00      	cmp	r2, #0
10003940:	d0e7      	beq.n	10003912 <udiv0>
10003942:	b480      	push	{r7}
10003944:	4f11      	ldr	r7, [pc, #68]	; (1000398c <y64+0x58>)
10003946:	6639      	str	r1, [r7, #96]	; 0x60
10003948:	667a      	str	r2, [r7, #100]	; 0x64
1000394a:	e7ff      	b.n	1000394c <y64+0x18>
1000394c:	e7ff      	b.n	1000394e <y64+0x1a>
1000394e:	b430      	push	{r4, r5}
10003950:	0c04      	lsrs	r4, r0, #16
10003952:	6f7b      	ldr	r3, [r7, #116]	; 0x74
10003954:	6f39      	ldr	r1, [r7, #112]	; 0x70
10003956:	041b      	lsls	r3, r3, #16
10003958:	4323      	orrs	r3, r4
1000395a:	663b      	str	r3, [r7, #96]	; 0x60
1000395c:	667a      	str	r2, [r7, #100]	; 0x64
1000395e:	e7ff      	b.n	10003960 <y64+0x2c>
10003960:	e7ff      	b.n	10003962 <y64+0x2e>
10003962:	e7ff      	b.n	10003964 <y64+0x30>
10003964:	46c0      	nop			; (mov r8, r8)
10003966:	b284      	uxth	r4, r0
10003968:	6f7b      	ldr	r3, [r7, #116]	; 0x74
1000396a:	6f3d      	ldr	r5, [r7, #112]	; 0x70
1000396c:	041b      	lsls	r3, r3, #16
1000396e:	4323      	orrs	r3, r4
10003970:	663b      	str	r3, [r7, #96]	; 0x60
10003972:	667a      	str	r2, [r7, #100]	; 0x64
10003974:	e7ff      	b.n	10003976 <y64+0x42>
10003976:	e7ff      	b.n	10003978 <y64+0x44>
10003978:	46c0      	nop			; (mov r8, r8)
1000397a:	2300      	movs	r3, #0
1000397c:	042c      	lsls	r4, r5, #16
1000397e:	0c2d      	lsrs	r5, r5, #16
10003980:	6f7a      	ldr	r2, [r7, #116]	; 0x74
10003982:	6f38      	ldr	r0, [r7, #112]	; 0x70
10003984:	1900      	adds	r0, r0, r4
10003986:	4169      	adcs	r1, r5
10003988:	bcb0      	pop	{r4, r5, r7}
1000398a:	4770      	bx	lr
1000398c:	d0000000 	.word	0xd0000000

10003990 <y64_x32>:
10003990:	b5f0      	push	{r4, r5, r6, r7, lr}
10003992:	4694      	mov	ip, r2
10003994:	2500      	movs	r5, #0
10003996:	0e14      	lsrs	r4, r2, #24
10003998:	d101      	bne.n	1000399e <y64_x32+0xe>
1000399a:	0212      	lsls	r2, r2, #8
1000399c:	3508      	adds	r5, #8
1000399e:	0f14      	lsrs	r4, r2, #28
100039a0:	d101      	bne.n	100039a6 <y64_x32+0x16>
100039a2:	0112      	lsls	r2, r2, #4
100039a4:	3504      	adds	r5, #4
100039a6:	0f94      	lsrs	r4, r2, #30
100039a8:	d101      	bne.n	100039ae <y64_x32+0x1e>
100039aa:	0092      	lsls	r2, r2, #2
100039ac:	3502      	adds	r5, #2
100039ae:	0fd4      	lsrs	r4, r2, #31
100039b0:	d101      	bne.n	100039b6 <y64_x32+0x26>
100039b2:	0052      	lsls	r2, r2, #1
100039b4:	3501      	adds	r5, #1
100039b6:	0bd4      	lsrs	r4, r2, #15
100039b8:	3401      	adds	r4, #1
100039ba:	4f25      	ldr	r7, [pc, #148]	; (10003a50 <y64_x32+0xc0>)
100039bc:	667c      	str	r4, [r7, #100]	; 0x64
100039be:	4c25      	ldr	r4, [pc, #148]	; (10003a54 <y64_x32+0xc4>)
100039c0:	663c      	str	r4, [r7, #96]	; 0x60
100039c2:	0c0e      	lsrs	r6, r1, #16
100039c4:	b293      	uxth	r3, r2
100039c6:	e7ff      	b.n	100039c8 <y64_x32+0x38>
100039c8:	e7ff      	b.n	100039ca <y64_x32+0x3a>
100039ca:	e7ff      	b.n	100039cc <y64_x32+0x3c>
100039cc:	6f3c      	ldr	r4, [r7, #112]	; 0x70
100039ce:	4366      	muls	r6, r4
100039d0:	0c36      	lsrs	r6, r6, #16
100039d2:	0377      	lsls	r7, r6, #13
100039d4:	46be      	mov	lr, r7
100039d6:	4373      	muls	r3, r6
100039d8:	0bdf      	lsrs	r7, r3, #15
100039da:	045b      	lsls	r3, r3, #17
100039dc:	1ac0      	subs	r0, r0, r3
100039de:	41b9      	sbcs	r1, r7
100039e0:	0c13      	lsrs	r3, r2, #16
100039e2:	4373      	muls	r3, r6
100039e4:	18db      	adds	r3, r3, r3
100039e6:	1ac9      	subs	r1, r1, r3
100039e8:	08ce      	lsrs	r6, r1, #3
100039ea:	4366      	muls	r6, r4
100039ec:	0c36      	lsrs	r6, r6, #16
100039ee:	44b6      	add	lr, r6
100039f0:	b293      	uxth	r3, r2
100039f2:	4373      	muls	r3, r6
100039f4:	0f1f      	lsrs	r7, r3, #28
100039f6:	011b      	lsls	r3, r3, #4
100039f8:	1ac0      	subs	r0, r0, r3
100039fa:	41b9      	sbcs	r1, r7
100039fc:	0c13      	lsrs	r3, r2, #16
100039fe:	4373      	muls	r3, r6
10003a00:	0b1f      	lsrs	r7, r3, #12
10003a02:	051b      	lsls	r3, r3, #20
10003a04:	1ac0      	subs	r0, r0, r3
10003a06:	41b9      	sbcs	r1, r7
10003a08:	0d86      	lsrs	r6, r0, #22
10003a0a:	028f      	lsls	r7, r1, #10
10003a0c:	433e      	orrs	r6, r7
10003a0e:	4366      	muls	r6, r4
10003a10:	0c36      	lsrs	r6, r6, #16
10003a12:	2d09      	cmp	r5, #9
10003a14:	db24      	blt.n	10003a60 <last0>
10003a16:	0a52      	lsrs	r2, r2, #9
10003a18:	4372      	muls	r2, r6
10003a1a:	1a80      	subs	r0, r0, r2
10003a1c:	0377      	lsls	r7, r6, #13
10003a1e:	0a46      	lsrs	r6, r0, #9
10003a20:	4366      	muls	r6, r4
10003a22:	0c36      	lsrs	r6, r6, #16
10003a24:	2316      	movs	r3, #22
10003a26:	1b5b      	subs	r3, r3, r5
10003a28:	40de      	lsrs	r6, r3
10003a2a:	40df      	lsrs	r7, r3
10003a2c:	19bf      	adds	r7, r7, r6
10003a2e:	4664      	mov	r4, ip
10003a30:	4366      	muls	r6, r4
10003a32:	1b82      	subs	r2, r0, r6
10003a34:	4670      	mov	r0, lr
10003a36:	3504      	adds	r5, #4
10003a38:	3306      	adds	r3, #6
10003a3a:	0001      	movs	r1, r0
10003a3c:	40d9      	lsrs	r1, r3
10003a3e:	40a8      	lsls	r0, r5
10003a40:	19c0      	adds	r0, r0, r7
10003a42:	d300      	bcc.n	10003a46 <y64_x32+0xb6>
10003a44:	3101      	adds	r1, #1
10003a46:	42a2      	cmp	r2, r4
10003a48:	d206      	bcs.n	10003a58 <y64_x32+0xc8>
10003a4a:	2300      	movs	r3, #0
10003a4c:	bdf0      	pop	{r4, r5, r6, r7, pc}
10003a4e:	0000      	.short	0x0000
10003a50:	d0000000 	.word	0xd0000000
10003a54:	ffffffff 	.word	0xffffffff
10003a58:	1b12      	subs	r2, r2, r4
10003a5a:	3001      	adds	r0, #1
10003a5c:	d3f3      	bcc.n	10003a46 <y64_x32+0xb6>
10003a5e:	e7f1      	b.n	10003a44 <y64_x32+0xb4>

10003a60 <last0>:
10003a60:	2709      	movs	r7, #9
10003a62:	1b7f      	subs	r7, r7, r5
10003a64:	40fe      	lsrs	r6, r7
10003a66:	4664      	mov	r4, ip
10003a68:	b2a2      	uxth	r2, r4
10003a6a:	4372      	muls	r2, r6
10003a6c:	1a80      	subs	r0, r0, r2
10003a6e:	d200      	bcs.n	10003a72 <last0+0x12>
10003a70:	3901      	subs	r1, #1
10003a72:	0c22      	lsrs	r2, r4, #16
10003a74:	4372      	muls	r2, r6
10003a76:	0c13      	lsrs	r3, r2, #16
10003a78:	0412      	lsls	r2, r2, #16
10003a7a:	1a82      	subs	r2, r0, r2
10003a7c:	4199      	sbcs	r1, r3
10003a7e:	000b      	movs	r3, r1
10003a80:	4670      	mov	r0, lr
10003a82:	3504      	adds	r5, #4
10003a84:	3713      	adds	r7, #19
10003a86:	0001      	movs	r1, r0
10003a88:	40f9      	lsrs	r1, r7
10003a8a:	40a8      	lsls	r0, r5
10003a8c:	1980      	adds	r0, r0, r6
10003a8e:	d300      	bcc.n	10003a92 <last0+0x32>
10003a90:	3101      	adds	r1, #1
10003a92:	2b00      	cmp	r3, #0
10003a94:	d102      	bne.n	10003a9c <last0+0x3c>
10003a96:	42a2      	cmp	r2, r4
10003a98:	d20a      	bcs.n	10003ab0 <last0+0x50>
10003a9a:	bdf0      	pop	{r4, r5, r6, r7, pc}
10003a9c:	3001      	adds	r0, #1
10003a9e:	d300      	bcc.n	10003aa2 <last0+0x42>
10003aa0:	3101      	adds	r1, #1
10003aa2:	1b12      	subs	r2, r2, r4
10003aa4:	d2fa      	bcs.n	10003a9c <last0+0x3c>
10003aa6:	3b01      	subs	r3, #1
10003aa8:	d1f8      	bne.n	10003a9c <last0+0x3c>
10003aaa:	42a2      	cmp	r2, r4
10003aac:	d200      	bcs.n	10003ab0 <last0+0x50>
10003aae:	bdf0      	pop	{r4, r5, r6, r7, pc}
10003ab0:	3001      	adds	r0, #1
10003ab2:	d300      	bcc.n	10003ab6 <last0+0x56>
10003ab4:	3101      	adds	r1, #1
10003ab6:	1b12      	subs	r2, r2, r4
10003ab8:	e7f7      	b.n	10003aaa <last0+0x4a>

10003aba <y64_x48>:
10003aba:	b5f0      	push	{r4, r5, r6, r7, lr}
10003abc:	0c1c      	lsrs	r4, r3, #16
10003abe:	d000      	beq.n	10003ac2 <y64_x48+0x8>
10003ac0:	e080      	b.n	10003bc4 <y64_x64>
10003ac2:	b40c      	push	{r2, r3}
10003ac4:	2500      	movs	r5, #0
10003ac6:	0a1c      	lsrs	r4, r3, #8
10003ac8:	d104      	bne.n	10003ad4 <y64_x48+0x1a>
10003aca:	021b      	lsls	r3, r3, #8
10003acc:	0e16      	lsrs	r6, r2, #24
10003ace:	4333      	orrs	r3, r6
10003ad0:	0212      	lsls	r2, r2, #8
10003ad2:	3508      	adds	r5, #8
10003ad4:	0b1c      	lsrs	r4, r3, #12
10003ad6:	d104      	bne.n	10003ae2 <y64_x48+0x28>
10003ad8:	011b      	lsls	r3, r3, #4
10003ada:	0f16      	lsrs	r6, r2, #28
10003adc:	4333      	orrs	r3, r6
10003ade:	0112      	lsls	r2, r2, #4
10003ae0:	3504      	adds	r5, #4
10003ae2:	0b9c      	lsrs	r4, r3, #14
10003ae4:	d104      	bne.n	10003af0 <y64_x48+0x36>
10003ae6:	009b      	lsls	r3, r3, #2
10003ae8:	0f96      	lsrs	r6, r2, #30
10003aea:	4333      	orrs	r3, r6
10003aec:	0092      	lsls	r2, r2, #2
10003aee:	3502      	adds	r5, #2
10003af0:	0bdc      	lsrs	r4, r3, #15
10003af2:	d102      	bne.n	10003afa <y64_x48+0x40>
10003af4:	1892      	adds	r2, r2, r2
10003af6:	415b      	adcs	r3, r3
10003af8:	3501      	adds	r5, #1
10003afa:	001c      	movs	r4, r3
10003afc:	1897      	adds	r7, r2, r2
10003afe:	4164      	adcs	r4, r4
10003b00:	3401      	adds	r4, #1
10003b02:	4f46      	ldr	r7, [pc, #280]	; (10003c1c <y64_x64+0x58>)
10003b04:	667c      	str	r4, [r7, #100]	; 0x64
10003b06:	4c46      	ldr	r4, [pc, #280]	; (10003c20 <y64_x64+0x5c>)
10003b08:	663c      	str	r4, [r7, #96]	; 0x60
10003b0a:	0c0e      	lsrs	r6, r1, #16
10003b0c:	e7ff      	b.n	10003b0e <y64_x48+0x54>
10003b0e:	e7ff      	b.n	10003b10 <y64_x48+0x56>
10003b10:	e7ff      	b.n	10003b12 <y64_x48+0x58>
10003b12:	46c0      	nop			; (mov r8, r8)
10003b14:	6f3c      	ldr	r4, [r7, #112]	; 0x70
10003b16:	4366      	muls	r6, r4
10003b18:	0c36      	lsrs	r6, r6, #16
10003b1a:	0377      	lsls	r7, r6, #13
10003b1c:	46be      	mov	lr, r7
10003b1e:	b297      	uxth	r7, r2
10003b20:	4377      	muls	r7, r6
10003b22:	1bc0      	subs	r0, r0, r7
10003b24:	d200      	bcs.n	10003b28 <y64_x48+0x6e>
10003b26:	3901      	subs	r1, #1
10003b28:	1bc0      	subs	r0, r0, r7
10003b2a:	d200      	bcs.n	10003b2e <y64_x48+0x74>
10003b2c:	3901      	subs	r1, #1
10003b2e:	b29f      	uxth	r7, r3
10003b30:	4377      	muls	r7, r6
10003b32:	1bc9      	subs	r1, r1, r7
10003b34:	1bc9      	subs	r1, r1, r7
10003b36:	0c17      	lsrs	r7, r2, #16
10003b38:	4377      	muls	r7, r6
10003b3a:	047e      	lsls	r6, r7, #17
10003b3c:	0bff      	lsrs	r7, r7, #15
10003b3e:	1b80      	subs	r0, r0, r6
10003b40:	41b9      	sbcs	r1, r7
10003b42:	08ce      	lsrs	r6, r1, #3
10003b44:	4366      	muls	r6, r4
10003b46:	0c36      	lsrs	r6, r6, #16
10003b48:	2d0c      	cmp	r5, #12
10003b4a:	db33      	blt.n	10003bb4 <last1>
10003b4c:	44b6      	add	lr, r6
10003b4e:	0b12      	lsrs	r2, r2, #12
10003b50:	051f      	lsls	r7, r3, #20
10003b52:	433a      	orrs	r2, r7
10003b54:	0b1b      	lsrs	r3, r3, #12
10003b56:	b297      	uxth	r7, r2
10003b58:	4377      	muls	r7, r6
10003b5a:	1bc0      	subs	r0, r0, r7
10003b5c:	d200      	bcs.n	10003b60 <y64_x48+0xa6>
10003b5e:	3901      	subs	r1, #1
10003b60:	b29f      	uxth	r7, r3
10003b62:	4377      	muls	r7, r6
10003b64:	1bc9      	subs	r1, r1, r7
10003b66:	0c17      	lsrs	r7, r2, #16
10003b68:	4377      	muls	r7, r6
10003b6a:	043e      	lsls	r6, r7, #16
10003b6c:	0c3f      	lsrs	r7, r7, #16
10003b6e:	1b80      	subs	r0, r0, r6
10003b70:	41b9      	sbcs	r1, r7
10003b72:	0d86      	lsrs	r6, r0, #22
10003b74:	028f      	lsls	r7, r1, #10
10003b76:	433e      	orrs	r6, r7
10003b78:	4366      	muls	r6, r4
10003b7a:	2729      	movs	r7, #41	; 0x29
10003b7c:	1b7f      	subs	r7, r7, r5
10003b7e:	40fe      	lsrs	r6, r7
10003b80:	3d0c      	subs	r5, #12
10003b82:	4677      	mov	r7, lr
10003b84:	40af      	lsls	r7, r5
10003b86:	19bf      	adds	r7, r7, r6
10003b88:	bc30      	pop	{r4, r5}
10003b8a:	b2a2      	uxth	r2, r4
10003b8c:	b2ab      	uxth	r3, r5
10003b8e:	4372      	muls	r2, r6
10003b90:	4373      	muls	r3, r6
10003b92:	1a80      	subs	r0, r0, r2
10003b94:	4199      	sbcs	r1, r3
10003b96:	0c22      	lsrs	r2, r4, #16
10003b98:	4372      	muls	r2, r6
10003b9a:	0c13      	lsrs	r3, r2, #16
10003b9c:	0412      	lsls	r2, r2, #16
10003b9e:	1a80      	subs	r0, r0, r2
10003ba0:	4199      	sbcs	r1, r3
10003ba2:	0002      	movs	r2, r0
10003ba4:	000b      	movs	r3, r1
10003ba6:	3701      	adds	r7, #1
10003ba8:	1b00      	subs	r0, r0, r4
10003baa:	41a9      	sbcs	r1, r5
10003bac:	d2f9      	bcs.n	10003ba2 <y64_x48+0xe8>
10003bae:	1e78      	subs	r0, r7, #1
10003bb0:	2100      	movs	r1, #0
10003bb2:	bdf0      	pop	{r4, r5, r6, r7, pc}

10003bb4 <last1>:
10003bb4:	270c      	movs	r7, #12
10003bb6:	1b7f      	subs	r7, r7, r5
10003bb8:	40fe      	lsrs	r6, r7
10003bba:	4677      	mov	r7, lr
10003bbc:	0b7f      	lsrs	r7, r7, #13
10003bbe:	40af      	lsls	r7, r5
10003bc0:	19ff      	adds	r7, r7, r7
10003bc2:	e7e0      	b.n	10003b86 <y64_x48+0xcc>

10003bc4 <y64_x64>:
10003bc4:	2400      	movs	r4, #0
10003bc6:	1c5d      	adds	r5, r3, #1
10003bc8:	d007      	beq.n	10003bda <y64_x64+0x16>
10003bca:	4f14      	ldr	r7, [pc, #80]	; (10003c1c <y64_x64+0x58>)
10003bcc:	667d      	str	r5, [r7, #100]	; 0x64
10003bce:	6639      	str	r1, [r7, #96]	; 0x60
10003bd0:	e7ff      	b.n	10003bd2 <y64_x64+0xe>
10003bd2:	e7ff      	b.n	10003bd4 <y64_x64+0x10>
10003bd4:	e7ff      	b.n	10003bd6 <y64_x64+0x12>
10003bd6:	e7ff      	b.n	10003bd8 <y64_x64+0x14>
10003bd8:	6f3c      	ldr	r4, [r7, #112]	; 0x70
10003bda:	b295      	uxth	r5, r2
10003bdc:	b29e      	uxth	r6, r3
10003bde:	4365      	muls	r5, r4
10003be0:	4366      	muls	r6, r4
10003be2:	1b40      	subs	r0, r0, r5
10003be4:	41b1      	sbcs	r1, r6
10003be6:	0c15      	lsrs	r5, r2, #16
10003be8:	0c1e      	lsrs	r6, r3, #16
10003bea:	4365      	muls	r5, r4
10003bec:	4366      	muls	r6, r4
10003bee:	0436      	lsls	r6, r6, #16
10003bf0:	0c2f      	lsrs	r7, r5, #16
10003bf2:	433e      	orrs	r6, r7
10003bf4:	042d      	lsls	r5, r5, #16
10003bf6:	1b40      	subs	r0, r0, r5
10003bf8:	41b1      	sbcs	r1, r6
10003bfa:	4299      	cmp	r1, r3
10003bfc:	d204      	bcs.n	10003c08 <y64_x64+0x44>
10003bfe:	0002      	movs	r2, r0
10003c00:	000b      	movs	r3, r1
10003c02:	0020      	movs	r0, r4
10003c04:	2100      	movs	r1, #0
10003c06:	bdf0      	pop	{r4, r5, r6, r7, pc}
10003c08:	d101      	bne.n	10003c0e <y64_x64+0x4a>
10003c0a:	4290      	cmp	r0, r2
10003c0c:	d3f7      	bcc.n	10003bfe <y64_x64+0x3a>
10003c0e:	1a80      	subs	r0, r0, r2
10003c10:	4199      	sbcs	r1, r3
10003c12:	3401      	adds	r4, #1
10003c14:	4299      	cmp	r1, r3
10003c16:	d3f2      	bcc.n	10003bfe <y64_x64+0x3a>
10003c18:	e7f6      	b.n	10003c08 <y64_x64+0x44>
10003c1a:	0000      	.short	0x0000
10003c1c:	d0000000 	.word	0xd0000000
10003c20:	ffffffff 	.word	0xffffffff

10003c24 <__wrap___aeabi_drsub>:
10003c24:	4048      	eors	r0, r1
10003c26:	4041      	eors	r1, r0
10003c28:	4048      	eors	r0, r1

10003c2a <__wrap___aeabi_dsub>:
10003c2a:	b418      	push	{r3, r4}
10003c2c:	4b1b      	ldr	r3, [pc, #108]	; (10003c9c <__wrap___aeabi_dmul+0x12>)
10003c2e:	685b      	ldr	r3, [r3, #4]
10003c30:	46fc      	mov	ip, pc
10003c32:	9301      	str	r3, [sp, #4]
10003c34:	bd08      	pop	{r3, pc}
10003c36:	df04      	.short	0xdf04
10003c38:	10003eff 	.word	0x10003eff

10003c3c <__wrap___aeabi_dadd>:
10003c3c:	b418      	push	{r3, r4}
10003c3e:	4b17      	ldr	r3, [pc, #92]	; (10003c9c <__wrap___aeabi_dmul+0x12>)
10003c40:	681b      	ldr	r3, [r3, #0]
10003c42:	46fc      	mov	ip, pc
10003c44:	9301      	str	r3, [sp, #4]
10003c46:	bd08      	pop	{r3, pc}
10003c48:	3f09df00 	.word	0x3f09df00
10003c4c:	1000      	.short	0x1000

10003c4e <__wrap___aeabi_ddiv>:
10003c4e:	4694      	mov	ip, r2
10003c50:	4a13      	ldr	r2, [pc, #76]	; (10003ca0 <__wrap___aeabi_dmul+0x16>)
10003c52:	6f92      	ldr	r2, [r2, #120]	; 0x78
10003c54:	0892      	lsrs	r2, r2, #2
10003c56:	d209      	bcs.n	10003c6c <ddiv_save_state>
10003c58:	4662      	mov	r2, ip

10003c5a <ddiv_shim_call>:
10003c5a:	b418      	push	{r3, r4}
10003c5c:	4b0f      	ldr	r3, [pc, #60]	; (10003c9c <__wrap___aeabi_dmul+0x12>)
10003c5e:	68db      	ldr	r3, [r3, #12]
10003c60:	46fc      	mov	ip, pc
10003c62:	9301      	str	r3, [sp, #4]
10003c64:	bd08      	pop	{r3, pc}
10003c66:	df0c      	.short	0xdf0c
10003c68:	100041c1 	.word	0x100041c1

10003c6c <ddiv_save_state>:
10003c6c:	4a0c      	ldr	r2, [pc, #48]	; (10003ca0 <__wrap___aeabi_dmul+0x16>)
10003c6e:	b5f0      	push	{r4, r5, r6, r7, lr}
10003c70:	6e14      	ldr	r4, [r2, #96]	; 0x60
10003c72:	6e55      	ldr	r5, [r2, #100]	; 0x64
10003c74:	6f57      	ldr	r7, [r2, #116]	; 0x74
10003c76:	6f16      	ldr	r6, [r2, #112]	; 0x70
10003c78:	4662      	mov	r2, ip
10003c7a:	f7ff ffee 	bl	10003c5a <ddiv_shim_call>
10003c7e:	4a08      	ldr	r2, [pc, #32]	; (10003ca0 <__wrap___aeabi_dmul+0x16>)
10003c80:	6614      	str	r4, [r2, #96]	; 0x60
10003c82:	6655      	str	r5, [r2, #100]	; 0x64
10003c84:	6757      	str	r7, [r2, #116]	; 0x74
10003c86:	6716      	str	r6, [r2, #112]	; 0x70
10003c88:	bdf0      	pop	{r4, r5, r6, r7, pc}

10003c8a <__wrap___aeabi_dmul>:
10003c8a:	b418      	push	{r3, r4}
10003c8c:	4b03      	ldr	r3, [pc, #12]	; (10003c9c <__wrap___aeabi_dmul+0x12>)
10003c8e:	689b      	ldr	r3, [r3, #8]
10003c90:	46fc      	mov	ip, pc
10003c92:	9301      	str	r3, [sp, #4]
10003c94:	bd08      	pop	{r3, pc}
10003c96:	df08      	.short	0xdf08
10003c98:	10004065 	.word	0x10004065
10003c9c:	200017f0 	.word	0x200017f0
10003ca0:	d0000000 	.word	0xd0000000

10003ca4 <__wrap___aeabi_cdrcmple>:
10003ca4:	b5ff      	push	{r0, r1, r2, r3, r4, r5, r6, r7, lr}
10003ca6:	4050      	eors	r0, r2
10003ca8:	4042      	eors	r2, r0
10003caa:	4050      	eors	r0, r2
10003cac:	4059      	eors	r1, r3
10003cae:	404b      	eors	r3, r1
10003cb0:	4059      	eors	r1, r3
10003cb2:	e000      	b.n	10003cb6 <__aeabi_dfcmple_guts>

10003cb4 <__wrap___aeabi_cdcmpeq>:
10003cb4:	b5ff      	push	{r0, r1, r2, r3, r4, r5, r6, r7, lr}

10003cb6 <__aeabi_dfcmple_guts>:
10003cb6:	4f15      	ldr	r7, [pc, #84]	; (10003d0c <__aeabi_dfcmple_guts+0x56>)
10003cb8:	004c      	lsls	r4, r1, #1
10003cba:	0d64      	lsrs	r4, r4, #21
10003cbc:	d003      	beq.n	10003cc6 <__aeabi_dfcmple_guts+0x10>
10003cbe:	42bc      	cmp	r4, r7
10003cc0:	d104      	bne.n	10003ccc <__aeabi_dfcmple_guts+0x16>
10003cc2:	030c      	lsls	r4, r1, #12
10003cc4:	d814      	bhi.n	10003cf0 <__aeabi_dfcmple_guts+0x3a>
10003cc6:	2000      	movs	r0, #0
10003cc8:	0d09      	lsrs	r1, r1, #20
10003cca:	0509      	lsls	r1, r1, #20
10003ccc:	005c      	lsls	r4, r3, #1
10003cce:	0d64      	lsrs	r4, r4, #21
10003cd0:	d003      	beq.n	10003cda <__aeabi_dfcmple_guts+0x24>
10003cd2:	42bc      	cmp	r4, r7
10003cd4:	d104      	bne.n	10003ce0 <__aeabi_dfcmple_guts+0x2a>
10003cd6:	031c      	lsls	r4, r3, #12
10003cd8:	d80a      	bhi.n	10003cf0 <__aeabi_dfcmple_guts+0x3a>
10003cda:	2200      	movs	r2, #0
10003cdc:	0d1b      	lsrs	r3, r3, #20
10003cde:	051b      	lsls	r3, r3, #20
10003ce0:	2601      	movs	r6, #1
10003ce2:	404b      	eors	r3, r1
10003ce4:	d409      	bmi.n	10003cfa <__aeabi_dfcmple_guts+0x44>
10003ce6:	404b      	eors	r3, r1
10003ce8:	d503      	bpl.n	10003cf2 <__aeabi_dfcmple_guts+0x3c>
10003cea:	428b      	cmp	r3, r1
10003cec:	d100      	bne.n	10003cf0 <__aeabi_dfcmple_guts+0x3a>
10003cee:	4282      	cmp	r2, r0
10003cf0:	bdff      	pop	{r0, r1, r2, r3, r4, r5, r6, r7, pc}
10003cf2:	4299      	cmp	r1, r3
10003cf4:	d1fc      	bne.n	10003cf0 <__aeabi_dfcmple_guts+0x3a>
10003cf6:	4290      	cmp	r0, r2
10003cf8:	bdff      	pop	{r0, r1, r2, r3, r4, r5, r6, r7, pc}
10003cfa:	430b      	orrs	r3, r1
10003cfc:	18db      	adds	r3, r3, r3
10003cfe:	4303      	orrs	r3, r0
10003d00:	4313      	orrs	r3, r2
10003d02:	d0f5      	beq.n	10003cf0 <__aeabi_dfcmple_guts+0x3a>
10003d04:	43c9      	mvns	r1, r1
10003d06:	1849      	adds	r1, r1, r1
10003d08:	bdff      	pop	{r0, r1, r2, r3, r4, r5, r6, r7, pc}
10003d0a:	0000      	.short	0x0000
10003d0c:	000007ff 	.word	0x000007ff

10003d10 <__wrap___aeabi_dcmplt>:
10003d10:	b500      	push	{lr}
10003d12:	f7ff ffcf 	bl	10003cb4 <__wrap___aeabi_cdcmpeq>
10003d16:	4180      	sbcs	r0, r0
10003d18:	bd00      	pop	{pc}
10003d1a:	46c0      	nop			; (mov r8, r8)

10003d1c <__wrap___aeabi_dcmple>:
10003d1c:	b500      	push	{lr}
10003d1e:	f7ff ffc9 	bl	10003cb4 <__wrap___aeabi_cdcmpeq>
10003d22:	d901      	bls.n	10003d28 <__wrap___aeabi_dcmple+0xc>
10003d24:	2000      	movs	r0, #0
10003d26:	bd00      	pop	{pc}
10003d28:	2001      	movs	r0, #1
10003d2a:	bd00      	pop	{pc}

10003d2c <__wrap___aeabi_dcmpge>:
10003d2c:	b500      	push	{lr}
10003d2e:	f7ff ffb9 	bl	10003ca4 <__wrap___aeabi_cdrcmple>
10003d32:	d901      	bls.n	10003d38 <__wrap___aeabi_dcmpge+0xc>
10003d34:	2000      	movs	r0, #0
10003d36:	bd00      	pop	{pc}
10003d38:	2001      	movs	r0, #1
10003d3a:	bd00      	pop	{pc}

10003d3c <__wrap___aeabi_dcmpgt>:
10003d3c:	b500      	push	{lr}
10003d3e:	f7ff ffb1 	bl	10003ca4 <__wrap___aeabi_cdrcmple>
10003d42:	4180      	sbcs	r0, r0
10003d44:	bd00      	pop	{pc}

10003d46 <__wrap___aeabi_dcmpun>:
10003d46:	2001      	movs	r0, #1
10003d48:	0540      	lsls	r0, r0, #21
10003d4a:	004a      	lsls	r2, r1, #1
10003d4c:	1812      	adds	r2, r2, r0
10003d4e:	d804      	bhi.n	10003d5a <__wrap___aeabi_dcmpun+0x14>
10003d50:	005a      	lsls	r2, r3, #1
10003d52:	1812      	adds	r2, r2, r0
10003d54:	d801      	bhi.n	10003d5a <__wrap___aeabi_dcmpun+0x14>
10003d56:	2000      	movs	r0, #0
10003d58:	4770      	bx	lr
10003d5a:	2001      	movs	r0, #1
10003d5c:	4770      	bx	lr
10003d5e:	2000      	movs	r0, #0
10003d60:	4770      	bx	lr
	...

10003d64 <__wrap___aeabi_ui2d>:
10003d64:	2100      	movs	r1, #0
10003d66:	2800      	cmp	r0, #0
10003d68:	d105      	bne.n	10003d76 <__wrap___aeabi_i2d+0xa>
10003d6a:	4770      	bx	lr

10003d6c <__wrap___aeabi_i2d>:
10003d6c:	17c1      	asrs	r1, r0, #31
10003d6e:	4048      	eors	r0, r1
10003d70:	1a40      	subs	r0, r0, r1
10003d72:	d0fa      	beq.n	10003d6a <__wrap___aeabi_ui2d+0x6>
10003d74:	07c9      	lsls	r1, r1, #31
10003d76:	b513      	push	{r0, r1, r4, lr}
10003d78:	4b06      	ldr	r3, [pc, #24]	; (10003d94 <__wrap___aeabi_i2d+0x28>)
10003d7a:	681b      	ldr	r3, [r3, #0]
10003d7c:	4798      	blx	r3
10003d7e:	bc0c      	pop	{r2, r3}
10003d80:	1c44      	adds	r4, r0, #1
10003d82:	40a2      	lsls	r2, r4
10003d84:	0510      	lsls	r0, r2, #20
10003d86:	0b12      	lsrs	r2, r2, #12
10003d88:	4903      	ldr	r1, [pc, #12]	; (10003d98 <__wrap___aeabi_i2d+0x2c>)
10003d8a:	1b09      	subs	r1, r1, r4
10003d8c:	0509      	lsls	r1, r1, #20
10003d8e:	4319      	orrs	r1, r3
10003d90:	4311      	orrs	r1, r2
10003d92:	bd10      	pop	{r4, pc}
10003d94:	200018f0 	.word	0x200018f0
10003d98:	0000041f 	.word	0x0000041f

10003d9c <__wrap___aeabi_d2iz>:
10003d9c:	b510      	push	{r4, lr}
10003d9e:	004c      	lsls	r4, r1, #1
10003da0:	0d62      	lsrs	r2, r4, #21
10003da2:	2380      	movs	r3, #128	; 0x80
10003da4:	18d2      	adds	r2, r2, r3
10003da6:	00db      	lsls	r3, r3, #3
10003da8:	1ad2      	subs	r2, r2, r3
10003daa:	055b      	lsls	r3, r3, #21
10003dac:	2a7e      	cmp	r2, #126	; 0x7e
10003dae:	dd10      	ble.n	10003dd2 <__wrap___aeabi_d2iz+0x36>
10003db0:	3a9e      	subs	r2, #158	; 0x9e
10003db2:	da13      	bge.n	10003ddc <__wrap___aeabi_d2iz+0x40>
10003db4:	17cc      	asrs	r4, r1, #31
10003db6:	0309      	lsls	r1, r1, #12
10003db8:	0849      	lsrs	r1, r1, #1
10003dba:	4319      	orrs	r1, r3
10003dbc:	4252      	negs	r2, r2
10003dbe:	40d1      	lsrs	r1, r2
10003dc0:	0064      	lsls	r4, r4, #1
10003dc2:	3401      	adds	r4, #1
10003dc4:	3215      	adds	r2, #21
10003dc6:	2a20      	cmp	r2, #32
10003dc8:	da05      	bge.n	10003dd6 <__wrap___aeabi_d2iz+0x3a>
10003dca:	40d0      	lsrs	r0, r2
10003dcc:	4308      	orrs	r0, r1
10003dce:	4360      	muls	r0, r4
10003dd0:	bd10      	pop	{r4, pc}
10003dd2:	2000      	movs	r0, #0
10003dd4:	bd10      	pop	{r4, pc}
10003dd6:	4608      	mov	r0, r1
10003dd8:	4360      	muls	r0, r4
10003dda:	bd10      	pop	{r4, pc}
10003ddc:	0fc8      	lsrs	r0, r1, #31
10003dde:	18c0      	adds	r0, r0, r3
10003de0:	3801      	subs	r0, #1
10003de2:	bd10      	pop	{r4, pc}

10003de4 <__wrap___aeabi_d2uiz>:
10003de4:	b418      	push	{r3, r4}
10003de6:	4b04      	ldr	r3, [pc, #16]	; (10003df8 <__wrap___aeabi_d2uiz+0x14>)
10003de8:	6a5b      	ldr	r3, [r3, #36]	; 0x24
10003dea:	46fc      	mov	ip, pc
10003dec:	9301      	str	r3, [sp, #4]
10003dee:	bd08      	pop	{r3, pc}
10003df0:	4371df24 	.word	0x4371df24
10003df4:	00001000 	.word	0x00001000
10003df8:	200017f0 	.word	0x200017f0

10003dfc <__aeabi_double_init>:
10003dfc:	b570      	push	{r4, r5, r6, lr}
10003dfe:	2313      	movs	r3, #19
10003e00:	781c      	ldrb	r4, [r3, #0]
10003e02:	2c01      	cmp	r4, #1
10003e04:	d014      	beq.n	10003e30 <__aeabi_double_init+0x34>
10003e06:	2c01      	cmp	r4, #1
10003e08:	dc14      	bgt.n	10003e34 <__aeabi_double_init+0x38>
10003e0a:	2c02      	cmp	r4, #2
10003e0c:	dc02      	bgt.n	10003e14 <__aeabi_double_init+0x18>
10003e0e:	4a1f      	ldr	r2, [pc, #124]	; (10003e8c <__aeabi_double_init+0x90>)
10003e10:	4b1f      	ldr	r3, [pc, #124]	; (10003e90 <__aeabi_double_init+0x94>)
10003e12:	649a      	str	r2, [r3, #72]	; 0x48
10003e14:	481f      	ldr	r0, [pc, #124]	; (10003e94 <__aeabi_double_init+0x98>)
10003e16:	f7ff fc79 	bl	1000370c <rom_func_lookup>
10003e1a:	4b1f      	ldr	r3, [pc, #124]	; (10003e98 <__aeabi_double_init+0x9c>)
10003e1c:	6018      	str	r0, [r3, #0]
10003e1e:	bd70      	pop	{r4, r5, r6, pc}
10003e20:	0099      	lsls	r1, r3, #2
10003e22:	481a      	ldr	r0, [pc, #104]	; (10003e8c <__aeabi_double_init+0x90>)
10003e24:	4a1a      	ldr	r2, [pc, #104]	; (10003e90 <__aeabi_double_init+0x94>)
10003e26:	5088      	str	r0, [r1, r2]
10003e28:	3301      	adds	r3, #1
10003e2a:	2b1f      	cmp	r3, #31
10003e2c:	d9f8      	bls.n	10003e20 <__aeabi_double_init+0x24>
10003e2e:	e7ea      	b.n	10003e06 <__aeabi_double_init+0xa>
10003e30:	2300      	movs	r3, #0
10003e32:	e7fa      	b.n	10003e2a <__aeabi_double_init+0x2e>
10003e34:	4819      	ldr	r0, [pc, #100]	; (10003e9c <__aeabi_double_init+0xa0>)
10003e36:	f7ff fc71 	bl	1000371c <rom_data_lookup>
10003e3a:	0005      	movs	r5, r0
10003e3c:	4818      	ldr	r0, [pc, #96]	; (10003ea0 <__aeabi_double_init+0xa4>)
10003e3e:	f7ff fc6d 	bl	1000371c <rom_data_lookup>
10003e42:	3802      	subs	r0, #2
10003e44:	7803      	ldrb	r3, [r0, #0]
10003e46:	009b      	lsls	r3, r3, #2
10003e48:	2b7f      	cmp	r3, #127	; 0x7f
10003e4a:	dd19      	ble.n	10003e80 <__aeabi_double_init+0x84>
10003e4c:	2280      	movs	r2, #128	; 0x80
10003e4e:	0029      	movs	r1, r5
10003e50:	480f      	ldr	r0, [pc, #60]	; (10003e90 <__aeabi_double_init+0x94>)
10003e52:	f000 fbab 	bl	100045ac <__wrap___aeabi_memcpy>
10003e56:	2c02      	cmp	r4, #2
10003e58:	d1d7      	bne.n	10003e0a <__aeabi_double_init+0xe>
10003e5a:	4b12      	ldr	r3, [pc, #72]	; (10003ea4 <__aeabi_double_init+0xa8>)
10003e5c:	881a      	ldrh	r2, [r3, #0]
10003e5e:	23b5      	movs	r3, #181	; 0xb5
10003e60:	021b      	lsls	r3, r3, #8
10003e62:	429a      	cmp	r2, r3
10003e64:	d109      	bne.n	10003e7a <__aeabi_double_init+0x7e>
10003e66:	4b10      	ldr	r3, [pc, #64]	; (10003ea8 <__aeabi_double_init+0xac>)
10003e68:	881a      	ldrh	r2, [r3, #0]
10003e6a:	4b10      	ldr	r3, [pc, #64]	; (10003eac <__aeabi_double_init+0xb0>)
10003e6c:	429a      	cmp	r2, r3
10003e6e:	d104      	bne.n	10003e7a <__aeabi_double_init+0x7e>
10003e70:	4b0f      	ldr	r3, [pc, #60]	; (10003eb0 <__aeabi_double_init+0xb4>)
10003e72:	881a      	ldrh	r2, [r3, #0]
10003e74:	4b0f      	ldr	r3, [pc, #60]	; (10003eb4 <__aeabi_double_init+0xb8>)
10003e76:	429a      	cmp	r2, r3
10003e78:	d0c7      	beq.n	10003e0a <__aeabi_double_init+0xe>
10003e7a:	2000      	movs	r0, #0
10003e7c:	f7fe fb86 	bl	1000258c <panic>
10003e80:	4b0d      	ldr	r3, [pc, #52]	; (10003eb8 <__aeabi_double_init+0xbc>)
10003e82:	4a0e      	ldr	r2, [pc, #56]	; (10003ebc <__aeabi_double_init+0xc0>)
10003e84:	2132      	movs	r1, #50	; 0x32
10003e86:	480e      	ldr	r0, [pc, #56]	; (10003ec0 <__aeabi_double_init+0xc4>)
10003e88:	f7fe fae6 	bl	10002458 <__assert_func>
10003e8c:	10003ec5 	.word	0x10003ec5
10003e90:	200017f0 	.word	0x200017f0
10003e94:	0000334c 	.word	0x0000334c
10003e98:	200018f0 	.word	0x200018f0
10003e9c:	00004453 	.word	0x00004453
10003ea0:	00004653 	.word	0x00004653
10003ea4:	00003854 	.word	0x00003854
10003ea8:	000038d8 	.word	0x000038d8
10003eac:	00004649 	.word	0x00004649
10003eb0:	0000389c 	.word	0x0000389c
10003eb4:	00004659 	.word	0x00004659
10003eb8:	10008190 	.word	0x10008190
10003ebc:	10008244 	.word	0x10008244
10003ec0:	100081f0 	.word	0x100081f0

10003ec4 <double_table_shim_on_use_helper>:
10003ec4:	b507      	push	{r0, r1, r2, lr}
10003ec6:	4660      	mov	r0, ip
10003ec8:	2800      	cmp	r0, #0
10003eca:	d100      	bne.n	10003ece <double_table_shim_on_use_helper+0xa>
10003ecc:	be00      	bkpt	0x0000
10003ece:	8801      	ldrh	r1, [r0, #0]
10003ed0:	0a0a      	lsrs	r2, r1, #8
10003ed2:	3002      	adds	r0, #2
10003ed4:	2adf      	cmp	r2, #223	; 0xdf
10003ed6:	d1fa      	bne.n	10003ece <double_table_shim_on_use_helper+0xa>
10003ed8:	b2c9      	uxtb	r1, r1
10003eda:	0882      	lsrs	r2, r0, #2
10003edc:	d304      	bcc.n	10003ee8 <double_table_shim_on_use_helper+0x24>
10003ede:	8802      	ldrh	r2, [r0, #0]
10003ee0:	8840      	ldrh	r0, [r0, #2]
10003ee2:	0400      	lsls	r0, r0, #16
10003ee4:	4310      	orrs	r0, r2
10003ee6:	e000      	b.n	10003eea <double_table_shim_on_use_helper+0x26>
10003ee8:	6800      	ldr	r0, [r0, #0]
10003eea:	4a02      	ldr	r2, [pc, #8]	; (10003ef4 <double_table_shim_on_use_helper+0x30>)
10003eec:	5050      	str	r0, [r2, r1]
10003eee:	9003      	str	r0, [sp, #12]
10003ef0:	bd07      	pop	{r0, r1, r2, pc}
10003ef2:	0000      	.short	0x0000
10003ef4:	200017f0 	.word	0x200017f0

10003ef8 <drsub_shim>:
10003ef8:	b40f      	push	{r0, r1, r2, r3}
10003efa:	bc03      	pop	{r0, r1}
10003efc:	bc0c      	pop	{r2, r3}

10003efe <dsub_shim>:
10003efe:	b5f0      	push	{r4, r5, r6, r7, lr}
10003f00:	2401      	movs	r4, #1
10003f02:	07e4      	lsls	r4, r4, #31
10003f04:	4063      	eors	r3, r4
10003f06:	e000      	b.n	10003f0a <da_entry>

10003f08 <dadd_shim>:
10003f08:	b5f0      	push	{r4, r5, r6, r7, lr}

10003f0a <da_entry>:
10003f0a:	0d0c      	lsrs	r4, r1, #20
10003f0c:	0fcf      	lsrs	r7, r1, #31
10003f0e:	1e66      	subs	r6, r4, #1
10003f10:	0536      	lsls	r6, r6, #20
10003f12:	1b89      	subs	r1, r1, r6
10003f14:	0564      	lsls	r4, r4, #21
10003f16:	d303      	bcc.n	10003f20 <l7_1>
10003f18:	43c9      	mvns	r1, r1
10003f1a:	4240      	negs	r0, r0
10003f1c:	d300      	bcc.n	10003f20 <l7_1>
10003f1e:	3101      	adds	r1, #1

10003f20 <l7_1>:
10003f20:	0d64      	lsrs	r4, r4, #21
10003f22:	d003      	beq.n	10003f2c <l7_2>
10003f24:	1c66      	adds	r6, r4, #1
10003f26:	0af6      	lsrs	r6, r6, #11
10003f28:	d007      	beq.n	10003f3a <l7_3>
10003f2a:	1be4      	subs	r4, r4, r7

10003f2c <l7_2>:
10003f2c:	2000      	movs	r0, #0
10003f2e:	007f      	lsls	r7, r7, #1
10003f30:	1c79      	adds	r1, r7, #1
10003f32:	0789      	lsls	r1, r1, #30
10003f34:	1289      	asrs	r1, r1, #10
10003f36:	3c80      	subs	r4, #128	; 0x80
10003f38:	0324      	lsls	r4, r4, #12

10003f3a <l7_3>:
10003f3a:	0d1d      	lsrs	r5, r3, #20
10003f3c:	0fdf      	lsrs	r7, r3, #31
10003f3e:	1e6e      	subs	r6, r5, #1
10003f40:	0536      	lsls	r6, r6, #20
10003f42:	1b9b      	subs	r3, r3, r6
10003f44:	056d      	lsls	r5, r5, #21
10003f46:	d303      	bcc.n	10003f50 <l8_1>
10003f48:	43db      	mvns	r3, r3
10003f4a:	4252      	negs	r2, r2
10003f4c:	d300      	bcc.n	10003f50 <l8_1>
10003f4e:	3301      	adds	r3, #1

10003f50 <l8_1>:
10003f50:	0d6d      	lsrs	r5, r5, #21
10003f52:	d003      	beq.n	10003f5c <l8_2>
10003f54:	1c6e      	adds	r6, r5, #1
10003f56:	0af6      	lsrs	r6, r6, #11
10003f58:	d007      	beq.n	10003f6a <l8_3>
10003f5a:	1bed      	subs	r5, r5, r7

10003f5c <l8_2>:
10003f5c:	2200      	movs	r2, #0
10003f5e:	007f      	lsls	r7, r7, #1
10003f60:	1c7b      	adds	r3, r7, #1
10003f62:	079b      	lsls	r3, r3, #30
10003f64:	129b      	asrs	r3, r3, #10
10003f66:	3d80      	subs	r5, #128	; 0x80
10003f68:	032d      	lsls	r5, r5, #12

10003f6a <l8_3>:
10003f6a:	1b2f      	subs	r7, r5, r4
10003f6c:	1b66      	subs	r6, r4, r5
10003f6e:	d458      	bmi.n	10004022 <da_ygtx>
10003f70:	46a4      	mov	ip, r4
10003f72:	2e20      	cmp	r6, #32
10003f74:	da46      	bge.n	10004004 <da_xrgty>
10003f76:	3720      	adds	r7, #32
10003f78:	0014      	movs	r4, r2
10003f7a:	40bc      	lsls	r4, r7

10003f7c <da_xgty0>:
10003f7c:	001d      	movs	r5, r3
10003f7e:	40bd      	lsls	r5, r7
10003f80:	40f2      	lsrs	r2, r6
10003f82:	4133      	asrs	r3, r6
10003f84:	432a      	orrs	r2, r5

10003f86 <da_add>:
10003f86:	1880      	adds	r0, r0, r2
10003f88:	4159      	adcs	r1, r3

10003f8a <da_pack>:
10003f8a:	0fcb      	lsrs	r3, r1, #31
10003f8c:	d005      	beq.n	10003f9a <da_pack+0x10>
10003f8e:	43c9      	mvns	r1, r1
10003f90:	43c0      	mvns	r0, r0
10003f92:	2200      	movs	r2, #0
10003f94:	4264      	negs	r4, r4
10003f96:	4150      	adcs	r0, r2
10003f98:	4151      	adcs	r1, r2
10003f9a:	4662      	mov	r2, ip
10003f9c:	0d4d      	lsrs	r5, r1, #21
10003f9e:	d128      	bne.n	10003ff2 <da_0>
10003fa0:	0d0d      	lsrs	r5, r1, #20
10003fa2:	d107      	bne.n	10003fb4 <da_1>
10003fa4:	2800      	cmp	r0, #0
10003fa6:	d01f      	beq.n	10003fe8 <da_5>

10003fa8 <da_2>:
10003fa8:	1924      	adds	r4, r4, r4
10003faa:	4140      	adcs	r0, r0
10003fac:	4149      	adcs	r1, r1
10003fae:	3a01      	subs	r2, #1
10003fb0:	0d0d      	lsrs	r5, r1, #20
10003fb2:	d0f9      	beq.n	10003fa8 <da_2>

10003fb4 <da_1>:
10003fb4:	0064      	lsls	r4, r4, #1
10003fb6:	d306      	bcc.n	10003fc6 <da_3>

10003fb8 <da_4>:
10003fb8:	3001      	adds	r0, #1
10003fba:	d300      	bcc.n	10003fbe <da_4+0x6>
10003fbc:	3101      	adds	r1, #1
10003fbe:	2c00      	cmp	r4, #0
10003fc0:	d101      	bne.n	10003fc6 <da_3>
10003fc2:	0840      	lsrs	r0, r0, #1
10003fc4:	0040      	lsls	r0, r0, #1

10003fc6 <da_3>:
10003fc6:	3a01      	subs	r2, #1
10003fc8:	d40b      	bmi.n	10003fe2 <da_6>
10003fca:	1c94      	adds	r4, r2, #2
10003fcc:	0ae4      	lsrs	r4, r4, #11
10003fce:	d104      	bne.n	10003fda <da_7>
10003fd0:	0512      	lsls	r2, r2, #20
10003fd2:	4411      	add	r1, r2
10003fd4:	07db      	lsls	r3, r3, #31
10003fd6:	4419      	add	r1, r3
10003fd8:	bdf0      	pop	{r4, r5, r6, r7, pc}

10003fda <da_7>:
10003fda:	07d9      	lsls	r1, r3, #31
10003fdc:	4b20      	ldr	r3, [pc, #128]	; (10004060 <da_xmgty+0x4>)
10003fde:	4319      	orrs	r1, r3
10003fe0:	e000      	b.n	10003fe4 <da_6+0x2>

10003fe2 <da_6>:
10003fe2:	07d9      	lsls	r1, r3, #31
10003fe4:	2000      	movs	r0, #0
10003fe6:	bdf0      	pop	{r4, r5, r6, r7, pc}

10003fe8 <da_5>:
10003fe8:	2900      	cmp	r1, #0
10003fea:	d1dd      	bne.n	10003fa8 <da_2>
10003fec:	2c00      	cmp	r4, #0
10003fee:	d1db      	bne.n	10003fa8 <da_2>
10003ff0:	bdf0      	pop	{r4, r5, r6, r7, pc}

10003ff2 <da_0>:
10003ff2:	3201      	adds	r2, #1
10003ff4:	07c6      	lsls	r6, r0, #31
10003ff6:	0840      	lsrs	r0, r0, #1
10003ff8:	07cd      	lsls	r5, r1, #31
10003ffa:	4328      	orrs	r0, r5
10003ffc:	0849      	lsrs	r1, r1, #1
10003ffe:	2e00      	cmp	r6, #0
10004000:	d0e1      	beq.n	10003fc6 <da_3>
10004002:	e7d9      	b.n	10003fb8 <da_4>

10004004 <da_xrgty>:
10004004:	2e3c      	cmp	r6, #60	; 0x3c
10004006:	da29      	bge.n	1000405c <da_xmgty>
10004008:	3e20      	subs	r6, #32
1000400a:	3740      	adds	r7, #64	; 0x40
1000400c:	0014      	movs	r4, r2
1000400e:	40bc      	lsls	r4, r7
10004010:	d000      	beq.n	10004014 <da_xrgty+0x10>
10004012:	2401      	movs	r4, #1
10004014:	40f2      	lsrs	r2, r6
10004016:	4314      	orrs	r4, r2
10004018:	001a      	movs	r2, r3
1000401a:	40bb      	lsls	r3, r7
1000401c:	431c      	orrs	r4, r3
1000401e:	17d3      	asrs	r3, r2, #31
10004020:	e7ac      	b.n	10003f7c <da_xgty0>

10004022 <da_ygtx>:
10004022:	46ac      	mov	ip, r5
10004024:	2f20      	cmp	r7, #32
10004026:	da08      	bge.n	1000403a <da_yrgtx>
10004028:	3620      	adds	r6, #32
1000402a:	0004      	movs	r4, r0
1000402c:	40b4      	lsls	r4, r6

1000402e <da_ygtx0>:
1000402e:	000d      	movs	r5, r1
10004030:	40b5      	lsls	r5, r6
10004032:	40f8      	lsrs	r0, r7
10004034:	4139      	asrs	r1, r7
10004036:	4328      	orrs	r0, r5
10004038:	e7a5      	b.n	10003f86 <da_add>

1000403a <da_yrgtx>:
1000403a:	2f3c      	cmp	r7, #60	; 0x3c
1000403c:	da0c      	bge.n	10004058 <da_ymgtx>
1000403e:	3f20      	subs	r7, #32
10004040:	3640      	adds	r6, #64	; 0x40
10004042:	0004      	movs	r4, r0
10004044:	40b4      	lsls	r4, r6
10004046:	d000      	beq.n	1000404a <da_yrgtx+0x10>
10004048:	2401      	movs	r4, #1
1000404a:	40f8      	lsrs	r0, r7
1000404c:	4304      	orrs	r4, r0
1000404e:	0008      	movs	r0, r1
10004050:	40b1      	lsls	r1, r6
10004052:	430c      	orrs	r4, r1
10004054:	17c1      	asrs	r1, r0, #31
10004056:	e7ea      	b.n	1000402e <da_ygtx0>

10004058 <da_ymgtx>:
10004058:	0010      	movs	r0, r2
1000405a:	0019      	movs	r1, r3

1000405c <da_xmgty>:
1000405c:	2400      	movs	r4, #0
1000405e:	e794      	b.n	10003f8a <da_pack>
10004060:	7ff00000 	.word	0x7ff00000

10004064 <dmul_shim>:
10004064:	b5f0      	push	{r4, r5, r6, r7, lr}
10004066:	0d0c      	lsrs	r4, r1, #20
10004068:	1e66      	subs	r6, r4, #1
1000406a:	0536      	lsls	r6, r6, #20
1000406c:	1b89      	subs	r1, r1, r6
1000406e:	0ae6      	lsrs	r6, r4, #11
10004070:	0564      	lsls	r4, r4, #21
10004072:	0d64      	lsrs	r4, r4, #21
10004074:	d002      	beq.n	1000407c <l11_1>
10004076:	1c65      	adds	r5, r4, #1
10004078:	0aed      	lsrs	r5, r5, #11
1000407a:	d004      	beq.n	10004086 <l11_2>

1000407c <l11_1>:
1000407c:	2000      	movs	r0, #0
1000407e:	2101      	movs	r1, #1
10004080:	0509      	lsls	r1, r1, #20
10004082:	3c80      	subs	r4, #128	; 0x80
10004084:	0324      	lsls	r4, r4, #12

10004086 <l11_2>:
10004086:	46a4      	mov	ip, r4
10004088:	0d1c      	lsrs	r4, r3, #20
1000408a:	1e67      	subs	r7, r4, #1
1000408c:	053f      	lsls	r7, r7, #20
1000408e:	1bdb      	subs	r3, r3, r7
10004090:	0ae7      	lsrs	r7, r4, #11
10004092:	0564      	lsls	r4, r4, #21
10004094:	0d64      	lsrs	r4, r4, #21
10004096:	d002      	beq.n	1000409e <l12_1>
10004098:	1c65      	adds	r5, r4, #1
1000409a:	0aed      	lsrs	r5, r5, #11
1000409c:	d004      	beq.n	100040a8 <l12_2>

1000409e <l12_1>:
1000409e:	2200      	movs	r2, #0
100040a0:	2301      	movs	r3, #1
100040a2:	051b      	lsls	r3, r3, #20
100040a4:	3c80      	subs	r4, #128	; 0x80
100040a6:	0324      	lsls	r4, r4, #12

100040a8 <l12_2>:
100040a8:	4077      	eors	r7, r6
100040aa:	4464      	add	r4, ip
100040ac:	b497      	push	{r0, r1, r2, r4, r7}
100040ae:	b284      	uxth	r4, r0
100040b0:	b296      	uxth	r6, r2
100040b2:	4374      	muls	r4, r6
100040b4:	0c07      	lsrs	r7, r0, #16
100040b6:	437e      	muls	r6, r7
100040b8:	0c15      	lsrs	r5, r2, #16
100040ba:	436f      	muls	r7, r5
100040bc:	b280      	uxth	r0, r0
100040be:	4368      	muls	r0, r5
100040c0:	1836      	adds	r6, r6, r0
100040c2:	d302      	bcc.n	100040ca <l13_1>
100040c4:	2001      	movs	r0, #1
100040c6:	0400      	lsls	r0, r0, #16
100040c8:	183f      	adds	r7, r7, r0

100040ca <l13_1>:
100040ca:	0430      	lsls	r0, r6, #16
100040cc:	0c35      	lsrs	r5, r6, #16
100040ce:	1900      	adds	r0, r0, r4
100040d0:	417d      	adcs	r5, r7
100040d2:	4684      	mov	ip, r0
100040d4:	b288      	uxth	r0, r1
100040d6:	b29a      	uxth	r2, r3
100040d8:	4350      	muls	r0, r2
100040da:	0c0c      	lsrs	r4, r1, #16
100040dc:	4362      	muls	r2, r4
100040de:	0c1f      	lsrs	r7, r3, #16
100040e0:	437c      	muls	r4, r7
100040e2:	b28e      	uxth	r6, r1
100040e4:	437e      	muls	r6, r7
100040e6:	1992      	adds	r2, r2, r6
100040e8:	d302      	bcc.n	100040f0 <l14_1>
100040ea:	2601      	movs	r6, #1
100040ec:	0436      	lsls	r6, r6, #16
100040ee:	19a4      	adds	r4, r4, r6

100040f0 <l14_1>:
100040f0:	0416      	lsls	r6, r2, #16
100040f2:	0c17      	lsrs	r7, r2, #16
100040f4:	1836      	adds	r6, r6, r0
100040f6:	4167      	adcs	r7, r4
100040f8:	bc01      	pop	{r0}
100040fa:	b281      	uxth	r1, r0
100040fc:	b29a      	uxth	r2, r3
100040fe:	4351      	muls	r1, r2
10004100:	0c04      	lsrs	r4, r0, #16
10004102:	4362      	muls	r2, r4
10004104:	0c1b      	lsrs	r3, r3, #16
10004106:	435c      	muls	r4, r3
10004108:	b280      	uxth	r0, r0
1000410a:	4358      	muls	r0, r3
1000410c:	1812      	adds	r2, r2, r0
1000410e:	d302      	bcc.n	10004116 <l15_1>
10004110:	2001      	movs	r0, #1
10004112:	0400      	lsls	r0, r0, #16
10004114:	1824      	adds	r4, r4, r0

10004116 <l15_1>:
10004116:	0410      	lsls	r0, r2, #16
10004118:	0c13      	lsrs	r3, r2, #16
1000411a:	1840      	adds	r0, r0, r1
1000411c:	4163      	adcs	r3, r4
1000411e:	182d      	adds	r5, r5, r0
10004120:	415e      	adcs	r6, r3
10004122:	2000      	movs	r0, #0
10004124:	4147      	adcs	r7, r0
10004126:	bc06      	pop	{r1, r2}
10004128:	b288      	uxth	r0, r1
1000412a:	b293      	uxth	r3, r2
1000412c:	4358      	muls	r0, r3
1000412e:	0c0c      	lsrs	r4, r1, #16
10004130:	4363      	muls	r3, r4
10004132:	0c12      	lsrs	r2, r2, #16
10004134:	4354      	muls	r4, r2
10004136:	b289      	uxth	r1, r1
10004138:	4351      	muls	r1, r2
1000413a:	185b      	adds	r3, r3, r1
1000413c:	d302      	bcc.n	10004144 <l16_1>
1000413e:	2101      	movs	r1, #1
10004140:	0409      	lsls	r1, r1, #16
10004142:	1864      	adds	r4, r4, r1

10004144 <l16_1>:
10004144:	0419      	lsls	r1, r3, #16
10004146:	0c1a      	lsrs	r2, r3, #16
10004148:	1809      	adds	r1, r1, r0
1000414a:	4162      	adcs	r2, r4
1000414c:	186d      	adds	r5, r5, r1
1000414e:	4156      	adcs	r6, r2
10004150:	2000      	movs	r0, #0
10004152:	4147      	adcs	r7, r0
10004154:	bc18      	pop	{r3, r4}
10004156:	02f9      	lsls	r1, r7, #11
10004158:	0d72      	lsrs	r2, r6, #21
1000415a:	4311      	orrs	r1, r2
1000415c:	02f0      	lsls	r0, r6, #11
1000415e:	0d6a      	lsrs	r2, r5, #21
10004160:	4310      	orrs	r0, r2
10004162:	02ed      	lsls	r5, r5, #11
10004164:	0d0a      	lsrs	r2, r1, #20
10004166:	d103      	bne.n	10004170 <l16_1+0x2c>
10004168:	196d      	adds	r5, r5, r5
1000416a:	4140      	adcs	r0, r0
1000416c:	4149      	adcs	r1, r1
1000416e:	3b01      	subs	r3, #1
10004170:	4e12      	ldr	r6, [pc, #72]	; (100041bc <dm_1+0xa>)
10004172:	1b9b      	subs	r3, r3, r6
10004174:	0076      	lsls	r6, r6, #1
10004176:	42b3      	cmp	r3, r6
10004178:	d20e      	bcs.n	10004198 <dm_0>
1000417a:	006d      	lsls	r5, r5, #1
1000417c:	d307      	bcc.n	1000418e <l16_1+0x4a>
1000417e:	3001      	adds	r0, #1
10004180:	2600      	movs	r6, #0
10004182:	4171      	adcs	r1, r6
10004184:	4666      	mov	r6, ip
10004186:	4335      	orrs	r5, r6
10004188:	d101      	bne.n	1000418e <l16_1+0x4a>
1000418a:	0840      	lsrs	r0, r0, #1
1000418c:	0040      	lsls	r0, r0, #1
1000418e:	051b      	lsls	r3, r3, #20
10004190:	18c9      	adds	r1, r1, r3

10004192 <dm_2>:
10004192:	07e4      	lsls	r4, r4, #31
10004194:	4421      	add	r1, r4
10004196:	bdf0      	pop	{r4, r5, r6, r7, pc}

10004198 <dm_0>:
10004198:	da0b      	bge.n	100041b2 <dm_1>
1000419a:	3301      	adds	r3, #1
1000419c:	d106      	bne.n	100041ac <dm_0+0x14>
1000419e:	3001      	adds	r0, #1
100041a0:	d104      	bne.n	100041ac <dm_0+0x14>
100041a2:	3101      	adds	r1, #1
100041a4:	0d4f      	lsrs	r7, r1, #21
100041a6:	d001      	beq.n	100041ac <dm_0+0x14>
100041a8:	0849      	lsrs	r1, r1, #1
100041aa:	e7f2      	b.n	10004192 <dm_2>
100041ac:	07e1      	lsls	r1, r4, #31
100041ae:	2000      	movs	r0, #0
100041b0:	bdf0      	pop	{r4, r5, r6, r7, pc}

100041b2 <dm_1>:
100041b2:	3601      	adds	r6, #1
100041b4:	0531      	lsls	r1, r6, #20
100041b6:	2000      	movs	r0, #0
100041b8:	e7eb      	b.n	10004192 <dm_2>
100041ba:	0000      	.short	0x0000
100041bc:	000003ff 	.word	0x000003ff

100041c0 <ddiv_shim>:
100041c0:	b5f0      	push	{r4, r5, r6, r7, lr}

100041c2 <ddiv0>:
100041c2:	0d1c      	lsrs	r4, r3, #20
100041c4:	1e67      	subs	r7, r4, #1
100041c6:	053f      	lsls	r7, r7, #20
100041c8:	1bdb      	subs	r3, r3, r7
100041ca:	0ae7      	lsrs	r7, r4, #11
100041cc:	0564      	lsls	r4, r4, #21
100041ce:	0d64      	lsrs	r4, r4, #21
100041d0:	d002      	beq.n	100041d8 <l19_1>
100041d2:	1c66      	adds	r6, r4, #1
100041d4:	0af6      	lsrs	r6, r6, #11
100041d6:	d004      	beq.n	100041e2 <l19_2>

100041d8 <l19_1>:
100041d8:	2200      	movs	r2, #0
100041da:	2301      	movs	r3, #1
100041dc:	051b      	lsls	r3, r3, #20
100041de:	3c80      	subs	r4, #128	; 0x80
100041e0:	0324      	lsls	r4, r4, #12

100041e2 <l19_2>:
100041e2:	25d0      	movs	r5, #208	; 0xd0
100041e4:	062d      	lsls	r5, r5, #24
100041e6:	2600      	movs	r6, #0
100041e8:	43f6      	mvns	r6, r6
100041ea:	662e      	str	r6, [r5, #96]	; 0x60
100041ec:	091e      	lsrs	r6, r3, #4
100041ee:	666e      	str	r6, [r5, #100]	; 0x64
100041f0:	0fce      	lsrs	r6, r1, #31
100041f2:	19f6      	adds	r6, r6, r7
100041f4:	46b4      	mov	ip, r6
100041f6:	0049      	lsls	r1, r1, #1
100041f8:	0d4f      	lsrs	r7, r1, #21
100041fa:	d002      	beq.n	10004202 <l19_2+0x20>
100041fc:	1c7e      	adds	r6, r7, #1
100041fe:	0af6      	lsrs	r6, r6, #11
10004200:	d003      	beq.n	1000420a <l19_2+0x28>
10004202:	2000      	movs	r0, #0
10004204:	2100      	movs	r1, #0
10004206:	3f40      	subs	r7, #64	; 0x40
10004208:	033f      	lsls	r7, r7, #12
1000420a:	1b3e      	subs	r6, r7, r4
1000420c:	00b6      	lsls	r6, r6, #2
1000420e:	44b4      	add	ip, r6
10004210:	3f01      	subs	r7, #1
10004212:	057f      	lsls	r7, r7, #21
10004214:	1bc9      	subs	r1, r1, r7
10004216:	0849      	lsrs	r1, r1, #1
10004218:	6f2e      	ldr	r6, [r5, #112]	; 0x70
1000421a:	3601      	adds	r6, #1
1000421c:	0876      	lsrs	r6, r6, #1
1000421e:	029c      	lsls	r4, r3, #10
10004220:	0d95      	lsrs	r5, r2, #22
10004222:	4325      	orrs	r5, r4
10004224:	4375      	muls	r5, r6
10004226:	13ed      	asrs	r5, r5, #15
10004228:	4375      	muls	r5, r6
1000422a:	13ad      	asrs	r5, r5, #14
1000422c:	3501      	adds	r5, #1
1000422e:	106d      	asrs	r5, r5, #1
10004230:	03f6      	lsls	r6, r6, #15
10004232:	1b76      	subs	r6, r6, r5
10004234:	b40c      	push	{r2, r3}
10004236:	02cc      	lsls	r4, r1, #11
10004238:	0d45      	lsrs	r5, r0, #21
1000423a:	432c      	orrs	r4, r5
1000423c:	b2a2      	uxth	r2, r4
1000423e:	b2b3      	uxth	r3, r6
10004240:	435a      	muls	r2, r3
10004242:	0c27      	lsrs	r7, r4, #16
10004244:	437b      	muls	r3, r7
10004246:	0c35      	lsrs	r5, r6, #16
10004248:	436f      	muls	r7, r5
1000424a:	b2a4      	uxth	r4, r4
1000424c:	436c      	muls	r4, r5
1000424e:	191b      	adds	r3, r3, r4
10004250:	d302      	bcc.n	10004258 <l20_1>
10004252:	2401      	movs	r4, #1
10004254:	0424      	lsls	r4, r4, #16
10004256:	193f      	adds	r7, r7, r4

10004258 <l20_1>:
10004258:	041c      	lsls	r4, r3, #16
1000425a:	0c1d      	lsrs	r5, r3, #16
1000425c:	18a4      	adds	r4, r4, r2
1000425e:	417d      	adcs	r5, r7
10004260:	1924      	adds	r4, r4, r4
10004262:	416d      	adcs	r5, r5
10004264:	9a00      	ldr	r2, [sp, #0]
10004266:	b291      	uxth	r1, r2
10004268:	b2ac      	uxth	r4, r5
1000426a:	4361      	muls	r1, r4
1000426c:	0c17      	lsrs	r7, r2, #16
1000426e:	437c      	muls	r4, r7
10004270:	0c2b      	lsrs	r3, r5, #16
10004272:	435f      	muls	r7, r3
10004274:	b292      	uxth	r2, r2
10004276:	435a      	muls	r2, r3
10004278:	18a4      	adds	r4, r4, r2
1000427a:	d302      	bcc.n	10004282 <l21_1>
1000427c:	2201      	movs	r2, #1
1000427e:	0412      	lsls	r2, r2, #16
10004280:	18bf      	adds	r7, r7, r2

10004282 <l21_1>:
10004282:	0422      	lsls	r2, r4, #16
10004284:	0c23      	lsrs	r3, r4, #16
10004286:	1852      	adds	r2, r2, r1
10004288:	417b      	adcs	r3, r7
1000428a:	9c01      	ldr	r4, [sp, #4]
1000428c:	436c      	muls	r4, r5
1000428e:	191b      	adds	r3, r3, r4
10004290:	0e52      	lsrs	r2, r2, #25
10004292:	01d9      	lsls	r1, r3, #7
10004294:	430a      	orrs	r2, r1
10004296:	0144      	lsls	r4, r0, #5
10004298:	1aa0      	subs	r0, r4, r2
1000429a:	b281      	uxth	r1, r0
1000429c:	b2b2      	uxth	r2, r6
1000429e:	4351      	muls	r1, r2
100042a0:	1403      	asrs	r3, r0, #16
100042a2:	435a      	muls	r2, r3
100042a4:	0c36      	lsrs	r6, r6, #16
100042a6:	4373      	muls	r3, r6
100042a8:	b287      	uxth	r7, r0
100042aa:	4377      	muls	r7, r6
100042ac:	17d6      	asrs	r6, r2, #31
100042ae:	19d2      	adds	r2, r2, r7
100042b0:	2700      	movs	r7, #0
100042b2:	417e      	adcs	r6, r7
100042b4:	0436      	lsls	r6, r6, #16
100042b6:	199b      	adds	r3, r3, r6
100042b8:	0417      	lsls	r7, r2, #16
100042ba:	0c16      	lsrs	r6, r2, #16
100042bc:	187f      	adds	r7, r7, r1
100042be:	415e      	adcs	r6, r3
100042c0:	1673      	asrs	r3, r6, #25
100042c2:	18ed      	adds	r5, r5, r3
100042c4:	01f3      	lsls	r3, r6, #7
100042c6:	2600      	movs	r6, #0
100042c8:	3380      	adds	r3, #128	; 0x80
100042ca:	4175      	adcs	r5, r6
100042cc:	0fa9      	lsrs	r1, r5, #30
100042ce:	d106      	bne.n	100042de <dd_0>
100042d0:	0064      	lsls	r4, r4, #1
100042d2:	0a69      	lsrs	r1, r5, #9
100042d4:	05e8      	lsls	r0, r5, #23
100042d6:	0a5b      	lsrs	r3, r3, #9
100042d8:	4318      	orrs	r0, r3
100042da:	d209      	bcs.n	100042f0 <dd_1>
100042dc:	e02f      	b.n	1000433e <dd_2>

100042de <dd_0>:
100042de:	2204      	movs	r2, #4
100042e0:	4494      	add	ip, r2
100042e2:	3380      	adds	r3, #128	; 0x80
100042e4:	4175      	adcs	r5, r6
100042e6:	0aa9      	lsrs	r1, r5, #10
100042e8:	05a8      	lsls	r0, r5, #22
100042ea:	0a9b      	lsrs	r3, r3, #10
100042ec:	4318      	orrs	r0, r3
100042ee:	d326      	bcc.n	1000433e <dd_2>

100042f0 <dd_1>:
100042f0:	4140      	adcs	r0, r0
100042f2:	4149      	adcs	r1, r1
100042f4:	0424      	lsls	r4, r4, #16
100042f6:	9a00      	ldr	r2, [sp, #0]
100042f8:	9b01      	ldr	r3, [sp, #4]
100042fa:	000d      	movs	r5, r1
100042fc:	4355      	muls	r5, r2
100042fe:	1b64      	subs	r4, r4, r5
10004300:	4343      	muls	r3, r0
10004302:	1ae4      	subs	r4, r4, r3
10004304:	b295      	uxth	r5, r2
10004306:	b286      	uxth	r6, r0
10004308:	4375      	muls	r5, r6
1000430a:	0c17      	lsrs	r7, r2, #16
1000430c:	437e      	muls	r6, r7
1000430e:	0c03      	lsrs	r3, r0, #16
10004310:	435f      	muls	r7, r3
10004312:	b292      	uxth	r2, r2
10004314:	435a      	muls	r2, r3
10004316:	18b6      	adds	r6, r6, r2
10004318:	d302      	bcc.n	10004320 <l23_1>
1000431a:	2201      	movs	r2, #1
1000431c:	0412      	lsls	r2, r2, #16
1000431e:	18bf      	adds	r7, r7, r2

10004320 <l23_1>:
10004320:	0432      	lsls	r2, r6, #16
10004322:	0c33      	lsrs	r3, r6, #16
10004324:	1952      	adds	r2, r2, r5
10004326:	417b      	adcs	r3, r7
10004328:	4252      	negs	r2, r2
1000432a:	419c      	sbcs	r4, r3
1000432c:	2c00      	cmp	r4, #0
1000432e:	d402      	bmi.n	10004336 <l23_1+0x16>
10004330:	2200      	movs	r2, #0
10004332:	3001      	adds	r0, #1
10004334:	4151      	adcs	r1, r2
10004336:	0840      	lsrs	r0, r0, #1
10004338:	07ca      	lsls	r2, r1, #31
1000433a:	4310      	orrs	r0, r2
1000433c:	0849      	lsrs	r1, r1, #1

1000433e <dd_2>:
1000433e:	b002      	add	sp, #8
10004340:	4662      	mov	r2, ip
10004342:	07d7      	lsls	r7, r2, #31
10004344:	1092      	asrs	r2, r2, #2
10004346:	4b08      	ldr	r3, [pc, #32]	; (10004368 <dd_4+0x6>)
10004348:	18d2      	adds	r2, r2, r3
1000434a:	4b08      	ldr	r3, [pc, #32]	; (1000436c <dd_4+0xa>)
1000434c:	429a      	cmp	r2, r3
1000434e:	d203      	bcs.n	10004358 <dd_3>
10004350:	0512      	lsls	r2, r2, #20
10004352:	1889      	adds	r1, r1, r2

10004354 <dd_5>:
10004354:	19c9      	adds	r1, r1, r7
10004356:	bdf0      	pop	{r4, r5, r6, r7, pc}

10004358 <dd_3>:
10004358:	2000      	movs	r0, #0
1000435a:	2a00      	cmp	r2, #0
1000435c:	dc01      	bgt.n	10004362 <dd_4>
1000435e:	0039      	movs	r1, r7
10004360:	bdf0      	pop	{r4, r5, r6, r7, pc}

10004362 <dd_4>:
10004362:	3301      	adds	r3, #1
10004364:	0519      	lsls	r1, r3, #20
10004366:	e7f5      	b.n	10004354 <dd_5>
10004368:	000003fd 	.word	0x000003fd
1000436c:	000007fe 	.word	0x000007fe

10004370 <double2uint_shim>:
10004370:	2200      	movs	r2, #0

10004372 <double2ufix_shim>:
10004372:	b500      	push	{lr}
10004374:	3220      	adds	r2, #32
10004376:	f000 f804 	bl	10004382 <double2ufix64_shim>
1000437a:	0008      	movs	r0, r1
1000437c:	bd00      	pop	{pc}
	...

10004380 <double2uint64_shim>:
10004380:	2200      	movs	r2, #0

10004382 <double2ufix64_shim>:
10004382:	150b      	asrs	r3, r1, #20
10004384:	d40a      	bmi.n	1000439c <ret_dzero>

10004386 <d2fix>:
10004386:	b510      	push	{r4, lr}
10004388:	4694      	mov	ip, r2
1000438a:	f000 f831 	bl	100043f0 <dunpacks>
1000438e:	1414      	asrs	r4, r2, #16
10004390:	3401      	adds	r4, #1
10004392:	da00      	bge.n	10004396 <d2fix+0x10>
10004394:	2100      	movs	r1, #0
10004396:	17cb      	asrs	r3, r1, #31
10004398:	4c14      	ldr	r4, [pc, #80]	; (100043ec <d2fix_a+0x4a>)
1000439a:	4720      	bx	r4

1000439c <ret_dzero>:
1000439c:	2000      	movs	r0, #0
1000439e:	2100      	movs	r1, #0
100043a0:	4770      	bx	lr

100043a2 <d2fix_a>:
100043a2:	4462      	add	r2, ip
100043a4:	3a34      	subs	r2, #52	; 0x34
100043a6:	d40c      	bmi.n	100043c2 <d2fix_a+0x20>
100043a8:	2a0c      	cmp	r2, #12
100043aa:	da07      	bge.n	100043bc <d2fix_a+0x1a>
100043ac:	0004      	movs	r4, r0
100043ae:	4091      	lsls	r1, r2
100043b0:	4090      	lsls	r0, r2
100043b2:	4252      	negs	r2, r2
100043b4:	3220      	adds	r2, #32
100043b6:	40d4      	lsrs	r4, r2
100043b8:	4321      	orrs	r1, r4
100043ba:	bd10      	pop	{r4, pc}
100043bc:	43d8      	mvns	r0, r3
100043be:	43d9      	mvns	r1, r3
100043c0:	bd10      	pop	{r4, pc}
100043c2:	3220      	adds	r2, #32
100043c4:	d407      	bmi.n	100043d6 <d2fix_a+0x34>
100043c6:	460c      	mov	r4, r1
100043c8:	4094      	lsls	r4, r2
100043ca:	4252      	negs	r2, r2
100043cc:	3220      	adds	r2, #32
100043ce:	4111      	asrs	r1, r2
100043d0:	40d0      	lsrs	r0, r2
100043d2:	4320      	orrs	r0, r4
100043d4:	bd10      	pop	{r4, pc}
100043d6:	0008      	movs	r0, r1
100043d8:	17c9      	asrs	r1, r1, #31
100043da:	3220      	adds	r2, #32
100043dc:	d403      	bmi.n	100043e6 <d2fix_a+0x44>
100043de:	4252      	negs	r2, r2
100043e0:	3220      	adds	r2, #32
100043e2:	4110      	asrs	r0, r2
100043e4:	bd10      	pop	{r4, pc}
100043e6:	0018      	movs	r0, r3
100043e8:	0019      	movs	r1, r3
100043ea:	bd10      	pop	{r4, pc}
100043ec:	100043a3 	.word	0x100043a3

100043f0 <dunpacks>:
100043f0:	0d0a      	lsrs	r2, r1, #20
100043f2:	0fcc      	lsrs	r4, r1, #31
100043f4:	1e53      	subs	r3, r2, #1
100043f6:	051b      	lsls	r3, r3, #20
100043f8:	1ac9      	subs	r1, r1, r3
100043fa:	0552      	lsls	r2, r2, #21
100043fc:	d303      	bcc.n	10004406 <l59_1>
100043fe:	43c9      	mvns	r1, r1
10004400:	4240      	negs	r0, r0
10004402:	d300      	bcc.n	10004406 <l59_1>
10004404:	3101      	adds	r1, #1

10004406 <l59_1>:
10004406:	0d52      	lsrs	r2, r2, #21
10004408:	d003      	beq.n	10004412 <l59_2>
1000440a:	1c53      	adds	r3, r2, #1
1000440c:	0adb      	lsrs	r3, r3, #11
1000440e:	d007      	beq.n	10004420 <l59_3>
10004410:	1b12      	subs	r2, r2, r4

10004412 <l59_2>:
10004412:	2000      	movs	r0, #0
10004414:	0064      	lsls	r4, r4, #1
10004416:	1c61      	adds	r1, r4, #1
10004418:	0789      	lsls	r1, r1, #30
1000441a:	1289      	asrs	r1, r1, #10
1000441c:	3a80      	subs	r2, #128	; 0x80
1000441e:	0312      	lsls	r2, r2, #12

10004420 <l59_3>:
10004420:	4b01      	ldr	r3, [pc, #4]	; (10004428 <l59_3+0x8>)
10004422:	1ad2      	subs	r2, r2, r3
10004424:	4770      	bx	lr
10004426:	0000      	.short	0x0000
10004428:	000003ff 	.word	0x000003ff

1000442c <__wrap___aeabi_lmul>:
1000442c:	4351      	muls	r1, r2
1000442e:	4343      	muls	r3, r0
10004430:	18c9      	adds	r1, r1, r3
10004432:	468c      	mov	ip, r1
10004434:	0c11      	lsrs	r1, r2, #16
10004436:	b283      	uxth	r3, r0
10004438:	434b      	muls	r3, r1
1000443a:	b410      	push	{r4}
1000443c:	0c04      	lsrs	r4, r0, #16
1000443e:	4361      	muls	r1, r4
10004440:	b292      	uxth	r2, r2
10004442:	b280      	uxth	r0, r0
10004444:	4350      	muls	r0, r2
10004446:	4362      	muls	r2, r4
10004448:	041c      	lsls	r4, r3, #16
1000444a:	0c1b      	lsrs	r3, r3, #16
1000444c:	1900      	adds	r0, r0, r4
1000444e:	bc10      	pop	{r4}
10004450:	4159      	adcs	r1, r3
10004452:	0413      	lsls	r3, r2, #16
10004454:	0c12      	lsrs	r2, r2, #16
10004456:	18c0      	adds	r0, r0, r3
10004458:	4151      	adcs	r1, r2
1000445a:	4461      	add	r1, ip
1000445c:	4770      	bx	lr
	...

10004460 <__aeabi_float_init>:
10004460:	b570      	push	{r4, r5, r6, lr}
10004462:	2313      	movs	r3, #19
10004464:	781d      	ldrb	r5, [r3, #0]
10004466:	482a      	ldr	r0, [pc, #168]	; (10004510 <__aeabi_float_init+0xb0>)
10004468:	f7ff f958 	bl	1000371c <rom_data_lookup>
1000446c:	0004      	movs	r4, r0
1000446e:	2d01      	cmp	r5, #1
10004470:	d011      	beq.n	10004496 <__aeabi_float_init+0x36>
10004472:	2d01      	cmp	r5, #1
10004474:	dd09      	ble.n	1000448a <__aeabi_float_init+0x2a>
10004476:	1ea3      	subs	r3, r4, #2
10004478:	781b      	ldrb	r3, [r3, #0]
1000447a:	009b      	lsls	r3, r3, #2
1000447c:	2b7f      	cmp	r3, #127	; 0x7f
1000447e:	dd40      	ble.n	10004502 <__aeabi_float_init+0xa2>
10004480:	2280      	movs	r2, #128	; 0x80
10004482:	0021      	movs	r1, r4
10004484:	4823      	ldr	r0, [pc, #140]	; (10004514 <__aeabi_float_init+0xb4>)
10004486:	f000 f891 	bl	100045ac <__wrap___aeabi_memcpy>
1000448a:	4823      	ldr	r0, [pc, #140]	; (10004518 <__aeabi_float_init+0xb8>)
1000448c:	f7ff f93e 	bl	1000370c <rom_func_lookup>
10004490:	4b22      	ldr	r3, [pc, #136]	; (1000451c <__aeabi_float_init+0xbc>)
10004492:	6018      	str	r0, [r3, #0]
10004494:	bd70      	pop	{r4, r5, r6, pc}
10004496:	2254      	movs	r2, #84	; 0x54
10004498:	0001      	movs	r1, r0
1000449a:	481e      	ldr	r0, [pc, #120]	; (10004514 <__aeabi_float_init+0xb4>)
1000449c:	f000 f886 	bl	100045ac <__wrap___aeabi_memcpy>
100044a0:	4b1f      	ldr	r3, [pc, #124]	; (10004520 <__aeabi_float_init+0xc0>)
100044a2:	881a      	ldrh	r2, [r3, #0]
100044a4:	4b1f      	ldr	r3, [pc, #124]	; (10004524 <__aeabi_float_init+0xc4>)
100044a6:	429a      	cmp	r2, r3
100044a8:	d11c      	bne.n	100044e4 <__aeabi_float_init+0x84>
100044aa:	23a7      	movs	r3, #167	; 0xa7
100044ac:	019b      	lsls	r3, r3, #6
100044ae:	881a      	ldrh	r2, [r3, #0]
100044b0:	4b1d      	ldr	r3, [pc, #116]	; (10004528 <__aeabi_float_init+0xc8>)
100044b2:	429a      	cmp	r2, r3
100044b4:	d116      	bne.n	100044e4 <__aeabi_float_init+0x84>
100044b6:	4b1d      	ldr	r3, [pc, #116]	; (1000452c <__aeabi_float_init+0xcc>)
100044b8:	881a      	ldrh	r2, [r3, #0]
100044ba:	4b1d      	ldr	r3, [pc, #116]	; (10004530 <__aeabi_float_init+0xd0>)
100044bc:	429a      	cmp	r2, r3
100044be:	d111      	bne.n	100044e4 <__aeabi_float_init+0x84>
100044c0:	4b1c      	ldr	r3, [pc, #112]	; (10004534 <__aeabi_float_init+0xd4>)
100044c2:	881a      	ldrh	r2, [r3, #0]
100044c4:	2394      	movs	r3, #148	; 0x94
100044c6:	019b      	lsls	r3, r3, #6
100044c8:	429a      	cmp	r2, r3
100044ca:	d10b      	bne.n	100044e4 <__aeabi_float_init+0x84>
100044cc:	4b1a      	ldr	r3, [pc, #104]	; (10004538 <__aeabi_float_init+0xd8>)
100044ce:	881a      	ldrh	r2, [r3, #0]
100044d0:	4b1a      	ldr	r3, [pc, #104]	; (1000453c <__aeabi_float_init+0xdc>)
100044d2:	429a      	cmp	r2, r3
100044d4:	d106      	bne.n	100044e4 <__aeabi_float_init+0x84>
100044d6:	4b1a      	ldr	r3, [pc, #104]	; (10004540 <__aeabi_float_init+0xe0>)
100044d8:	681a      	ldr	r2, [r3, #0]
100044da:	4b1a      	ldr	r3, [pc, #104]	; (10004544 <__aeabi_float_init+0xe4>)
100044dc:	429a      	cmp	r2, r3
100044de:	d101      	bne.n	100044e4 <__aeabi_float_init+0x84>
100044e0:	2315      	movs	r3, #21
100044e2:	e007      	b.n	100044f4 <__aeabi_float_init+0x94>
100044e4:	4818      	ldr	r0, [pc, #96]	; (10004548 <__aeabi_float_init+0xe8>)
100044e6:	f7fe f851 	bl	1000258c <panic>
100044ea:	0099      	lsls	r1, r3, #2
100044ec:	4817      	ldr	r0, [pc, #92]	; (1000454c <__aeabi_float_init+0xec>)
100044ee:	4a09      	ldr	r2, [pc, #36]	; (10004514 <__aeabi_float_init+0xb4>)
100044f0:	5088      	str	r0, [r1, r2]
100044f2:	3301      	adds	r3, #1
100044f4:	2b1f      	cmp	r3, #31
100044f6:	d9f8      	bls.n	100044ea <__aeabi_float_init+0x8a>
100044f8:	4a14      	ldr	r2, [pc, #80]	; (1000454c <__aeabi_float_init+0xec>)
100044fa:	4b06      	ldr	r3, [pc, #24]	; (10004514 <__aeabi_float_init+0xb4>)
100044fc:	621a      	str	r2, [r3, #32]
100044fe:	61da      	str	r2, [r3, #28]
10004500:	e7b7      	b.n	10004472 <__aeabi_float_init+0x12>
10004502:	4b13      	ldr	r3, [pc, #76]	; (10004550 <__aeabi_float_init+0xf0>)
10004504:	4a13      	ldr	r2, [pc, #76]	; (10004554 <__aeabi_float_init+0xf4>)
10004506:	2142      	movs	r1, #66	; 0x42
10004508:	4813      	ldr	r0, [pc, #76]	; (10004558 <__aeabi_float_init+0xf8>)
1000450a:	f7fd ffa5 	bl	10002458 <__assert_func>
1000450e:	46c0      	nop			; (mov r8, r8)
10004510:	00004653 	.word	0x00004653
10004514:	200018f4 	.word	0x200018f4
10004518:	0000334c 	.word	0x0000334c
1000451c:	200018f0 	.word	0x200018f0
10004520:	000029ee 	.word	0x000029ee
10004524:	00000fc4 	.word	0x00000fc4
10004528:	00000dc2 	.word	0x00000dc2
1000452c:	00002b96 	.word	0x00002b96
10004530:	0000b5c0 	.word	0x0000b5c0
10004534:	00002b18 	.word	0x00002b18
10004538:	00002acc 	.word	0x00002acc
1000453c:	0000b510 	.word	0x0000b510
10004540:	00002cfc 	.word	0x00002cfc
10004544:	6487ed51 	.word	0x6487ed51
10004548:	10007e88 	.word	0x10007e88
1000454c:	1000455d 	.word	0x1000455d
10004550:	10008258 	.word	0x10008258
10004554:	100082dc 	.word	0x100082dc
10004558:	1000828c 	.word	0x1000828c

1000455c <float_table_shim_on_use_helper>:
1000455c:	b507      	push	{r0, r1, r2, lr}
1000455e:	4660      	mov	r0, ip
10004560:	2800      	cmp	r0, #0
10004562:	d100      	bne.n	10004566 <float_table_shim_on_use_helper+0xa>
10004564:	be00      	bkpt	0x0000
10004566:	8801      	ldrh	r1, [r0, #0]
10004568:	0a0a      	lsrs	r2, r1, #8
1000456a:	3002      	adds	r0, #2
1000456c:	2adf      	cmp	r2, #223	; 0xdf
1000456e:	d1fa      	bne.n	10004566 <float_table_shim_on_use_helper+0xa>
10004570:	b2c9      	uxtb	r1, r1
10004572:	0882      	lsrs	r2, r0, #2
10004574:	d304      	bcc.n	10004580 <float_table_shim_on_use_helper+0x24>
10004576:	8802      	ldrh	r2, [r0, #0]
10004578:	8840      	ldrh	r0, [r0, #2]
1000457a:	0400      	lsls	r0, r0, #16
1000457c:	4310      	orrs	r0, r2
1000457e:	e000      	b.n	10004582 <float_table_shim_on_use_helper+0x26>
10004580:	6800      	ldr	r0, [r0, #0]
10004582:	4a02      	ldr	r2, [pc, #8]	; (1000458c <float_table_shim_on_use_helper+0x30>)
10004584:	5050      	str	r0, [r2, r1]
10004586:	9003      	str	r0, [sp, #12]
10004588:	bd07      	pop	{r0, r1, r2, pc}
1000458a:	0000      	.short	0x0000
1000458c:	200018f4 	.word	0x200018f4

10004590 <__aeabi_mem_init>:
10004590:	4801      	ldr	r0, [pc, #4]	; (10004598 <__aeabi_mem_init+0x8>)
10004592:	2104      	movs	r1, #4
10004594:	4b01      	ldr	r3, [pc, #4]	; (1000459c <__aeabi_mem_init+0xc>)
10004596:	4718      	bx	r3
10004598:	20000c30 	.word	0x20000c30
1000459c:	1000372d 	.word	0x1000372d

100045a0 <__wrap_memset>:
100045a0:	4b01      	ldr	r3, [pc, #4]	; (100045a8 <__wrap_memset+0x8>)
100045a2:	681b      	ldr	r3, [r3, #0]
100045a4:	4718      	bx	r3
100045a6:	0000      	.short	0x0000
100045a8:	20000c30 	.word	0x20000c30

100045ac <__wrap___aeabi_memcpy>:
100045ac:	4b01      	ldr	r3, [pc, #4]	; (100045b4 <__wrap___aeabi_memcpy+0x8>)
100045ae:	685b      	ldr	r3, [r3, #4]
100045b0:	4718      	bx	r3
100045b2:	0000      	.short	0x0000
100045b4:	20000c30 	.word	0x20000c30

100045b8 <stdio_out_chars_no_crlf>:
100045b8:	b510      	push	{r4, lr}
100045ba:	0003      	movs	r3, r0
100045bc:	0008      	movs	r0, r1
100045be:	0011      	movs	r1, r2
100045c0:	681b      	ldr	r3, [r3, #0]
100045c2:	4798      	blx	r3
100045c4:	bd10      	pop	{r4, pc}
	...

100045c8 <stdio_out_chars_crlf>:
100045c8:	b5f8      	push	{r3, r4, r5, r6, r7, lr}
100045ca:	0007      	movs	r7, r0
100045cc:	000d      	movs	r5, r1
100045ce:	0016      	movs	r6, r2
100045d0:	7d43      	ldrb	r3, [r0, #21]
100045d2:	2b00      	cmp	r3, #0
100045d4:	d002      	beq.n	100045dc <stdio_out_chars_crlf+0x14>
100045d6:	2400      	movs	r4, #0
100045d8:	2000      	movs	r0, #0
100045da:	e00c      	b.n	100045f6 <stdio_out_chars_crlf+0x2e>
100045dc:	6803      	ldr	r3, [r0, #0]
100045de:	0011      	movs	r1, r2
100045e0:	0028      	movs	r0, r5
100045e2:	4798      	blx	r3
100045e4:	e02d      	b.n	10004642 <stdio_out_chars_crlf+0x7a>
100045e6:	7d3b      	ldrb	r3, [r7, #20]
100045e8:	e010      	b.n	1000460c <stdio_out_chars_crlf+0x44>
100045ea:	2102      	movs	r1, #2
100045ec:	4815      	ldr	r0, [pc, #84]	; (10004644 <stdio_out_chars_crlf+0x7c>)
100045ee:	683b      	ldr	r3, [r7, #0]
100045f0:	4798      	blx	r3
100045f2:	1c60      	adds	r0, r4, #1
100045f4:	3401      	adds	r4, #1
100045f6:	42b4      	cmp	r4, r6
100045f8:	da14      	bge.n	10004624 <stdio_out_chars_crlf+0x5c>
100045fa:	2c00      	cmp	r4, #0
100045fc:	ddf3      	ble.n	100045e6 <stdio_out_chars_crlf+0x1e>
100045fe:	192b      	adds	r3, r5, r4
10004600:	3b01      	subs	r3, #1
10004602:	781b      	ldrb	r3, [r3, #0]
10004604:	3b0d      	subs	r3, #13
10004606:	425a      	negs	r2, r3
10004608:	4153      	adcs	r3, r2
1000460a:	b2db      	uxtb	r3, r3
1000460c:	5d2a      	ldrb	r2, [r5, r4]
1000460e:	2a0a      	cmp	r2, #10
10004610:	d1f0      	bne.n	100045f4 <stdio_out_chars_crlf+0x2c>
10004612:	2b00      	cmp	r3, #0
10004614:	d1ee      	bne.n	100045f4 <stdio_out_chars_crlf+0x2c>
10004616:	42a0      	cmp	r0, r4
10004618:	dae7      	bge.n	100045ea <stdio_out_chars_crlf+0x22>
1000461a:	1a21      	subs	r1, r4, r0
1000461c:	1828      	adds	r0, r5, r0
1000461e:	683b      	ldr	r3, [r7, #0]
10004620:	4798      	blx	r3
10004622:	e7e2      	b.n	100045ea <stdio_out_chars_crlf+0x22>
10004624:	42b0      	cmp	r0, r6
10004626:	da03      	bge.n	10004630 <stdio_out_chars_crlf+0x68>
10004628:	1a31      	subs	r1, r6, r0
1000462a:	1828      	adds	r0, r5, r0
1000462c:	683b      	ldr	r3, [r7, #0]
1000462e:	4798      	blx	r3
10004630:	2e00      	cmp	r6, #0
10004632:	dd06      	ble.n	10004642 <stdio_out_chars_crlf+0x7a>
10004634:	19ad      	adds	r5, r5, r6
10004636:	3d01      	subs	r5, #1
10004638:	782b      	ldrb	r3, [r5, #0]
1000463a:	3b0d      	subs	r3, #13
1000463c:	425a      	negs	r2, r3
1000463e:	4153      	adcs	r3, r2
10004640:	753b      	strb	r3, [r7, #20]
10004642:	bdf8      	pop	{r3, r4, r5, r6, r7, pc}
10004644:	10008360 	.word	0x10008360

10004648 <stdio_stack_buffer_flush>:
10004648:	b570      	push	{r4, r5, r6, lr}
1000464a:	0005      	movs	r5, r0
1000464c:	6803      	ldr	r3, [r0, #0]
1000464e:	2b00      	cmp	r3, #0
10004650:	d016      	beq.n	10004680 <stdio_stack_buffer_flush+0x38>
10004652:	4b0c      	ldr	r3, [pc, #48]	; (10004684 <stdio_stack_buffer_flush+0x3c>)
10004654:	681c      	ldr	r4, [r3, #0]
10004656:	e005      	b.n	10004664 <stdio_stack_buffer_flush+0x1c>
10004658:	0029      	movs	r1, r5
1000465a:	c904      	ldmia	r1!, {r2}
1000465c:	0020      	movs	r0, r4
1000465e:	f7ff ffb3 	bl	100045c8 <stdio_out_chars_crlf>
10004662:	6924      	ldr	r4, [r4, #16]
10004664:	2c00      	cmp	r4, #0
10004666:	d009      	beq.n	1000467c <stdio_stack_buffer_flush+0x34>
10004668:	6823      	ldr	r3, [r4, #0]
1000466a:	2b00      	cmp	r3, #0
1000466c:	d0f9      	beq.n	10004662 <stdio_stack_buffer_flush+0x1a>
1000466e:	4b06      	ldr	r3, [pc, #24]	; (10004688 <stdio_stack_buffer_flush+0x40>)
10004670:	681b      	ldr	r3, [r3, #0]
10004672:	2b00      	cmp	r3, #0
10004674:	d0f0      	beq.n	10004658 <stdio_stack_buffer_flush+0x10>
10004676:	42a3      	cmp	r3, r4
10004678:	d1f3      	bne.n	10004662 <stdio_stack_buffer_flush+0x1a>
1000467a:	e7ed      	b.n	10004658 <stdio_stack_buffer_flush+0x10>
1000467c:	2300      	movs	r3, #0
1000467e:	602b      	str	r3, [r5, #0]
10004680:	bd70      	pop	{r4, r5, r6, pc}
10004682:	46c0      	nop			; (mov r8, r8)
10004684:	200013bc 	.word	0x200013bc
10004688:	200013c4 	.word	0x200013c4

1000468c <stdio_buffered_printer>:
1000468c:	b570      	push	{r4, r5, r6, lr}
1000468e:	0005      	movs	r5, r0
10004690:	000c      	movs	r4, r1
10004692:	680b      	ldr	r3, [r1, #0]
10004694:	2b80      	cmp	r3, #128	; 0x80
10004696:	d005      	beq.n	100046a4 <stdio_buffered_printer+0x18>
10004698:	6821      	ldr	r1, [r4, #0]
1000469a:	1c4b      	adds	r3, r1, #1
1000469c:	6023      	str	r3, [r4, #0]
1000469e:	1864      	adds	r4, r4, r1
100046a0:	7125      	strb	r5, [r4, #4]
100046a2:	bd70      	pop	{r4, r5, r6, pc}
100046a4:	0008      	movs	r0, r1
100046a6:	f7ff ffcf 	bl	10004648 <stdio_stack_buffer_flush>
100046aa:	e7f5      	b.n	10004698 <stdio_buffered_printer+0xc>

100046ac <stdout_serialize_begin>:
100046ac:	b510      	push	{r4, lr}
100046ae:	f7fd f969 	bl	10001984 <time_us_64>
100046b2:	0002      	movs	r2, r0
100046b4:	1e0b      	subs	r3, r1, #0
100046b6:	db0b      	blt.n	100046d0 <stdout_serialize_begin+0x24>
100046b8:	480d      	ldr	r0, [pc, #52]	; (100046f0 <stdout_serialize_begin+0x44>)
100046ba:	2100      	movs	r1, #0
100046bc:	1812      	adds	r2, r2, r0
100046be:	414b      	adcs	r3, r1
100046c0:	2b00      	cmp	r3, #0
100046c2:	db0b      	blt.n	100046dc <stdout_serialize_begin+0x30>
100046c4:	2b00      	cmp	r3, #0
100046c6:	db0d      	blt.n	100046e4 <stdout_serialize_begin+0x38>
100046c8:	480a      	ldr	r0, [pc, #40]	; (100046f4 <stdout_serialize_begin+0x48>)
100046ca:	f002 fddd 	bl	10007288 <__mutex_try_enter_block_until_veneer>
100046ce:	bd10      	pop	{r4, pc}
100046d0:	4b09      	ldr	r3, [pc, #36]	; (100046f8 <stdout_serialize_begin+0x4c>)
100046d2:	4a0a      	ldr	r2, [pc, #40]	; (100046fc <stdout_serialize_begin+0x50>)
100046d4:	213f      	movs	r1, #63	; 0x3f
100046d6:	480a      	ldr	r0, [pc, #40]	; (10004700 <stdout_serialize_begin+0x54>)
100046d8:	f7fd febe 	bl	10002458 <__assert_func>
100046dc:	2201      	movs	r2, #1
100046de:	4252      	negs	r2, r2
100046e0:	4b08      	ldr	r3, [pc, #32]	; (10004704 <stdout_serialize_begin+0x58>)
100046e2:	e7ef      	b.n	100046c4 <stdout_serialize_begin+0x18>
100046e4:	4b04      	ldr	r3, [pc, #16]	; (100046f8 <stdout_serialize_begin+0x4c>)
100046e6:	4a05      	ldr	r2, [pc, #20]	; (100046fc <stdout_serialize_begin+0x50>)
100046e8:	213f      	movs	r1, #63	; 0x3f
100046ea:	4805      	ldr	r0, [pc, #20]	; (10004700 <stdout_serialize_begin+0x54>)
100046ec:	f7fd feb4 	bl	10002458 <__assert_func>
100046f0:	000f4240 	.word	0x000f4240
100046f4:	20000c80 	.word	0x20000c80
100046f8:	100076e8 	.word	0x100076e8
100046fc:	10008348 	.word	0x10008348
10004700:	10007704 	.word	0x10007704
10004704:	7fffffff 	.word	0x7fffffff

10004708 <stdout_serialize_end>:
10004708:	b510      	push	{r4, lr}
1000470a:	4802      	ldr	r0, [pc, #8]	; (10004714 <stdout_serialize_end+0xc>)
1000470c:	f002 fd84 	bl	10007218 <__mutex_exit_veneer>
10004710:	bd10      	pop	{r4, pc}
10004712:	46c0      	nop			; (mov r8, r8)
10004714:	20000c80 	.word	0x20000c80

10004718 <stdio_put_string>:
10004718:	b5f0      	push	{r4, r5, r6, r7, lr}
1000471a:	46ce      	mov	lr, r9
1000471c:	4647      	mov	r7, r8
1000471e:	b580      	push	{r7, lr}
10004720:	b083      	sub	sp, #12
10004722:	0006      	movs	r6, r0
10004724:	000d      	movs	r5, r1
10004726:	4690      	mov	r8, r2
10004728:	001c      	movs	r4, r3
1000472a:	f7ff ffbf 	bl	100046ac <stdout_serialize_begin>
1000472e:	4681      	mov	r9, r0
10004730:	1c6b      	adds	r3, r5, #1
10004732:	d005      	beq.n	10004740 <stdio_put_string+0x28>
10004734:	2c00      	cmp	r4, #0
10004736:	d008      	beq.n	1000474a <stdio_put_string+0x32>
10004738:	4f19      	ldr	r7, [pc, #100]	; (100047a0 <stdio_put_string+0x88>)
1000473a:	4b1a      	ldr	r3, [pc, #104]	; (100047a4 <stdio_put_string+0x8c>)
1000473c:	681c      	ldr	r4, [r3, #0]
1000473e:	e007      	b.n	10004750 <stdio_put_string+0x38>
10004740:	0030      	movs	r0, r6
10004742:	f002 fd31 	bl	100071a8 <strlen>
10004746:	0005      	movs	r5, r0
10004748:	e7f4      	b.n	10004734 <stdio_put_string+0x1c>
1000474a:	4f17      	ldr	r7, [pc, #92]	; (100047a8 <stdio_put_string+0x90>)
1000474c:	e7f5      	b.n	1000473a <stdio_put_string+0x22>
1000474e:	6924      	ldr	r4, [r4, #16]
10004750:	2c00      	cmp	r4, #0
10004752:	d017      	beq.n	10004784 <stdio_put_string+0x6c>
10004754:	6823      	ldr	r3, [r4, #0]
10004756:	2b00      	cmp	r3, #0
10004758:	d0f9      	beq.n	1000474e <stdio_put_string+0x36>
1000475a:	4b14      	ldr	r3, [pc, #80]	; (100047ac <stdio_put_string+0x94>)
1000475c:	681b      	ldr	r3, [r3, #0]
1000475e:	2b00      	cmp	r3, #0
10004760:	d001      	beq.n	10004766 <stdio_put_string+0x4e>
10004762:	42a3      	cmp	r3, r4
10004764:	d1f3      	bne.n	1000474e <stdio_put_string+0x36>
10004766:	002a      	movs	r2, r5
10004768:	0031      	movs	r1, r6
1000476a:	0020      	movs	r0, r4
1000476c:	47b8      	blx	r7
1000476e:	4643      	mov	r3, r8
10004770:	2b00      	cmp	r3, #0
10004772:	d0ec      	beq.n	1000474e <stdio_put_string+0x36>
10004774:	466b      	mov	r3, sp
10004776:	1dd9      	adds	r1, r3, #7
10004778:	230a      	movs	r3, #10
1000477a:	700b      	strb	r3, [r1, #0]
1000477c:	2201      	movs	r2, #1
1000477e:	0020      	movs	r0, r4
10004780:	47b8      	blx	r7
10004782:	e7e4      	b.n	1000474e <stdio_put_string+0x36>
10004784:	464b      	mov	r3, r9
10004786:	2b00      	cmp	r3, #0
10004788:	d107      	bne.n	1000479a <stdio_put_string+0x82>
1000478a:	1e6b      	subs	r3, r5, #1
1000478c:	419d      	sbcs	r5, r3
1000478e:	b2e8      	uxtb	r0, r5
10004790:	b003      	add	sp, #12
10004792:	bcc0      	pop	{r6, r7}
10004794:	46b9      	mov	r9, r7
10004796:	46b0      	mov	r8, r6
10004798:	bdf0      	pop	{r4, r5, r6, r7, pc}
1000479a:	f7ff ffb5 	bl	10004708 <stdout_serialize_end>
1000479e:	e7f4      	b.n	1000478a <stdio_put_string+0x72>
100047a0:	100045b9 	.word	0x100045b9
100047a4:	200013bc 	.word	0x200013bc
100047a8:	100045c9 	.word	0x100045c9
100047ac:	200013c4 	.word	0x200013c4

100047b0 <stdio_set_driver_enabled>:
100047b0:	4a09      	ldr	r2, [pc, #36]	; (100047d8 <stdio_set_driver_enabled+0x28>)
100047b2:	e001      	b.n	100047b8 <stdio_set_driver_enabled+0x8>
100047b4:	3310      	adds	r3, #16
100047b6:	001a      	movs	r2, r3
100047b8:	6813      	ldr	r3, [r2, #0]
100047ba:	2b00      	cmp	r3, #0
100047bc:	d008      	beq.n	100047d0 <stdio_set_driver_enabled+0x20>
100047be:	4283      	cmp	r3, r0
100047c0:	d1f8      	bne.n	100047b4 <stdio_set_driver_enabled+0x4>
100047c2:	2900      	cmp	r1, #0
100047c4:	d107      	bne.n	100047d6 <stdio_set_driver_enabled+0x26>
100047c6:	6903      	ldr	r3, [r0, #16]
100047c8:	6013      	str	r3, [r2, #0]
100047ca:	2300      	movs	r3, #0
100047cc:	6103      	str	r3, [r0, #16]
100047ce:	e002      	b.n	100047d6 <stdio_set_driver_enabled+0x26>
100047d0:	2900      	cmp	r1, #0
100047d2:	d000      	beq.n	100047d6 <stdio_set_driver_enabled+0x26>
100047d4:	6010      	str	r0, [r2, #0]
100047d6:	4770      	bx	lr
100047d8:	200013bc 	.word	0x200013bc

100047dc <stdio_flush>:
100047dc:	b510      	push	{r4, lr}
100047de:	4b06      	ldr	r3, [pc, #24]	; (100047f8 <stdio_flush+0x1c>)
100047e0:	681c      	ldr	r4, [r3, #0]
100047e2:	e001      	b.n	100047e8 <stdio_flush+0xc>
100047e4:	4798      	blx	r3
100047e6:	6924      	ldr	r4, [r4, #16]
100047e8:	2c00      	cmp	r4, #0
100047ea:	d003      	beq.n	100047f4 <stdio_flush+0x18>
100047ec:	6863      	ldr	r3, [r4, #4]
100047ee:	2b00      	cmp	r3, #0
100047f0:	d1f8      	bne.n	100047e4 <stdio_flush+0x8>
100047f2:	e7f8      	b.n	100047e6 <stdio_flush+0xa>
100047f4:	bd10      	pop	{r4, pc}
100047f6:	46c0      	nop			; (mov r8, r8)
100047f8:	200013bc 	.word	0x200013bc

100047fc <__wrap_puts>:
100047fc:	b570      	push	{r4, r5, r6, lr}
100047fe:	0005      	movs	r5, r0
10004800:	f002 fcd2 	bl	100071a8 <strlen>
10004804:	0004      	movs	r4, r0
10004806:	2300      	movs	r3, #0
10004808:	2201      	movs	r2, #1
1000480a:	0001      	movs	r1, r0
1000480c:	0028      	movs	r0, r5
1000480e:	f7ff ff83 	bl	10004718 <stdio_put_string>
10004812:	f7ff ffe3 	bl	100047dc <stdio_flush>
10004816:	0020      	movs	r0, r4
10004818:	bd70      	pop	{r4, r5, r6, pc}
	...

1000481c <__wrap_vprintf>:
1000481c:	b570      	push	{r4, r5, r6, lr}
1000481e:	b0a2      	sub	sp, #136	; 0x88
10004820:	0004      	movs	r4, r0
10004822:	000e      	movs	r6, r1
10004824:	f7ff ff42 	bl	100046ac <stdout_serialize_begin>
10004828:	0005      	movs	r5, r0
1000482a:	2300      	movs	r3, #0
1000482c:	9301      	str	r3, [sp, #4]
1000482e:	0033      	movs	r3, r6
10004830:	0022      	movs	r2, r4
10004832:	a901      	add	r1, sp, #4
10004834:	4808      	ldr	r0, [pc, #32]	; (10004858 <__wrap_vprintf+0x3c>)
10004836:	f7fe ff51 	bl	100036dc <vfctprintf>
1000483a:	0004      	movs	r4, r0
1000483c:	a801      	add	r0, sp, #4
1000483e:	f7ff ff03 	bl	10004648 <stdio_stack_buffer_flush>
10004842:	f7ff ffcb 	bl	100047dc <stdio_flush>
10004846:	2d00      	cmp	r5, #0
10004848:	d102      	bne.n	10004850 <__wrap_vprintf+0x34>
1000484a:	0020      	movs	r0, r4
1000484c:	b022      	add	sp, #136	; 0x88
1000484e:	bd70      	pop	{r4, r5, r6, pc}
10004850:	f7ff ff5a 	bl	10004708 <stdout_serialize_end>
10004854:	e7f9      	b.n	1000484a <__wrap_vprintf+0x2e>
10004856:	46c0      	nop			; (mov r8, r8)
10004858:	1000468d 	.word	0x1000468d

1000485c <__wrap_printf>:
1000485c:	b40f      	push	{r0, r1, r2, r3}
1000485e:	b500      	push	{lr}
10004860:	b083      	sub	sp, #12
10004862:	a904      	add	r1, sp, #16
10004864:	c901      	ldmia	r1!, {r0}
10004866:	9101      	str	r1, [sp, #4]
10004868:	f7ff ffd8 	bl	1000481c <__wrap_vprintf>
1000486c:	b003      	add	sp, #12
1000486e:	bc08      	pop	{r3}
10004870:	b004      	add	sp, #16
10004872:	4718      	bx	r3

10004874 <stdio_init_all>:
10004874:	b510      	push	{r4, lr}
10004876:	f000 f933 	bl	10004ae0 <stdio_usb_init>
1000487a:	bd10      	pop	{r4, pc}

1000487c <resetd_init>:
1000487c:	4770      	bx	lr
	...

10004880 <resetd_reset>:
10004880:	4b01      	ldr	r3, [pc, #4]	; (10004888 <resetd_reset+0x8>)
10004882:	2200      	movs	r2, #0
10004884:	701a      	strb	r2, [r3, #0]
10004886:	4770      	bx	lr
10004888:	20001a27 	.word	0x20001a27

1000488c <resetd_open>:
1000488c:	794b      	ldrb	r3, [r1, #5]
1000488e:	2bff      	cmp	r3, #255	; 0xff
10004890:	d10c      	bne.n	100048ac <resetd_open+0x20>
10004892:	798b      	ldrb	r3, [r1, #6]
10004894:	2b00      	cmp	r3, #0
10004896:	d10b      	bne.n	100048b0 <resetd_open+0x24>
10004898:	79cb      	ldrb	r3, [r1, #7]
1000489a:	2b01      	cmp	r3, #1
1000489c:	d10a      	bne.n	100048b4 <resetd_open+0x28>
1000489e:	2a08      	cmp	r2, #8
100048a0:	d90a      	bls.n	100048b8 <resetd_open+0x2c>
100048a2:	788a      	ldrb	r2, [r1, #2]
100048a4:	4b05      	ldr	r3, [pc, #20]	; (100048bc <resetd_open+0x30>)
100048a6:	701a      	strb	r2, [r3, #0]
100048a8:	2009      	movs	r0, #9
100048aa:	e000      	b.n	100048ae <resetd_open+0x22>
100048ac:	2000      	movs	r0, #0
100048ae:	4770      	bx	lr
100048b0:	2000      	movs	r0, #0
100048b2:	e7fc      	b.n	100048ae <resetd_open+0x22>
100048b4:	2000      	movs	r0, #0
100048b6:	e7fa      	b.n	100048ae <resetd_open+0x22>
100048b8:	2000      	movs	r0, #0
100048ba:	e7f8      	b.n	100048ae <resetd_open+0x22>
100048bc:	20001a27 	.word	0x20001a27

100048c0 <resetd_xfer_cb>:
100048c0:	2001      	movs	r0, #1
100048c2:	4770      	bx	lr

100048c4 <reset_usb_boot>:
100048c4:	b570      	push	{r4, r5, r6, lr}
100048c6:	0004      	movs	r4, r0
100048c8:	000d      	movs	r5, r1
100048ca:	4803      	ldr	r0, [pc, #12]	; (100048d8 <reset_usb_boot+0x14>)
100048cc:	f7fe ff1e 	bl	1000370c <rom_func_lookup>
100048d0:	0003      	movs	r3, r0
100048d2:	0029      	movs	r1, r5
100048d4:	0020      	movs	r0, r4
100048d6:	4798      	blx	r3
100048d8:	00004255 	.word	0x00004255

100048dc <resetd_control_xfer_cb>:
100048dc:	b510      	push	{r4, lr}
100048de:	2901      	cmp	r1, #1
100048e0:	d126      	bne.n	10004930 <resetd_control_xfer_cb+0x54>
100048e2:	7911      	ldrb	r1, [r2, #4]
100048e4:	7953      	ldrb	r3, [r2, #5]
100048e6:	021b      	lsls	r3, r3, #8
100048e8:	430b      	orrs	r3, r1
100048ea:	4912      	ldr	r1, [pc, #72]	; (10004934 <resetd_control_xfer_cb+0x58>)
100048ec:	7809      	ldrb	r1, [r1, #0]
100048ee:	428b      	cmp	r3, r1
100048f0:	d001      	beq.n	100048f6 <resetd_control_xfer_cb+0x1a>
100048f2:	2000      	movs	r0, #0
100048f4:	e01d      	b.n	10004932 <resetd_control_xfer_cb+0x56>
100048f6:	7853      	ldrb	r3, [r2, #1]
100048f8:	2b01      	cmp	r3, #1
100048fa:	d003      	beq.n	10004904 <resetd_control_xfer_cb+0x28>
100048fc:	2b02      	cmp	r3, #2
100048fe:	d010      	beq.n	10004922 <resetd_control_xfer_cb+0x46>
10004900:	2000      	movs	r0, #0
10004902:	e016      	b.n	10004932 <resetd_control_xfer_cb+0x56>
10004904:	7891      	ldrb	r1, [r2, #2]
10004906:	78d3      	ldrb	r3, [r2, #3]
10004908:	021b      	lsls	r3, r3, #8
1000490a:	4319      	orrs	r1, r3
1000490c:	05db      	lsls	r3, r3, #23
1000490e:	d506      	bpl.n	1000491e <resetd_control_xfer_cb+0x42>
10004910:	0a4b      	lsrs	r3, r1, #9
10004912:	2001      	movs	r0, #1
10004914:	4098      	lsls	r0, r3
10004916:	237f      	movs	r3, #127	; 0x7f
10004918:	4019      	ands	r1, r3
1000491a:	f7ff ffd3 	bl	100048c4 <reset_usb_boot>
1000491e:	2000      	movs	r0, #0
10004920:	e7f9      	b.n	10004916 <resetd_control_xfer_cb+0x3a>
10004922:	2264      	movs	r2, #100	; 0x64
10004924:	2100      	movs	r1, #0
10004926:	2000      	movs	r0, #0
10004928:	f7fd fd58 	bl	100023dc <watchdog_reboot>
1000492c:	2001      	movs	r0, #1
1000492e:	e000      	b.n	10004932 <resetd_control_xfer_cb+0x56>
10004930:	2001      	movs	r0, #1
10004932:	bd10      	pop	{r4, pc}
10004934:	20001a27 	.word	0x20001a27

10004938 <usbd_app_driver_get_cb>:
10004938:	2301      	movs	r3, #1
1000493a:	7003      	strb	r3, [r0, #0]
1000493c:	4800      	ldr	r0, [pc, #0]	; (10004940 <usbd_app_driver_get_cb+0x8>)
1000493e:	4770      	bx	lr
10004940:	10008364 	.word	0x10008364

10004944 <tud_cdc_line_coding_cb>:
10004944:	b510      	push	{r4, lr}
10004946:	780b      	ldrb	r3, [r1, #0]
10004948:	7848      	ldrb	r0, [r1, #1]
1000494a:	0200      	lsls	r0, r0, #8
1000494c:	4318      	orrs	r0, r3
1000494e:	788a      	ldrb	r2, [r1, #2]
10004950:	0412      	lsls	r2, r2, #16
10004952:	4310      	orrs	r0, r2
10004954:	78cb      	ldrb	r3, [r1, #3]
10004956:	061b      	lsls	r3, r3, #24
10004958:	4303      	orrs	r3, r0
1000495a:	2296      	movs	r2, #150	; 0x96
1000495c:	00d2      	lsls	r2, r2, #3
1000495e:	4293      	cmp	r3, r2
10004960:	d000      	beq.n	10004964 <tud_cdc_line_coding_cb+0x20>
10004962:	bd10      	pop	{r4, pc}
10004964:	2100      	movs	r1, #0
10004966:	0008      	movs	r0, r1
10004968:	f7ff ffac 	bl	100048c4 <reset_usb_boot>

1000496c <stdio_usb_set_chars_available_callback>:
1000496c:	4b02      	ldr	r3, [pc, #8]	; (10004978 <stdio_usb_set_chars_available_callback+0xc>)
1000496e:	6018      	str	r0, [r3, #0]
10004970:	4b02      	ldr	r3, [pc, #8]	; (1000497c <stdio_usb_set_chars_available_callback+0x10>)
10004972:	6019      	str	r1, [r3, #0]
10004974:	4770      	bx	lr
10004976:	46c0      	nop			; (mov r8, r8)
10004978:	20001320 	.word	0x20001320
1000497c:	20001324 	.word	0x20001324

10004980 <usb_irq>:
10004980:	b510      	push	{r4, lr}
10004982:	4b02      	ldr	r3, [pc, #8]	; (1000498c <usb_irq+0xc>)
10004984:	7818      	ldrb	r0, [r3, #0]
10004986:	f7fb feed 	bl	10000764 <irq_set_pending>
1000498a:	bd10      	pop	{r4, pc}
1000498c:	20001a28 	.word	0x20001a28

10004990 <timer_task>:
10004990:	b570      	push	{r4, r5, r6, lr}
10004992:	4b12      	ldr	r3, [pc, #72]	; (100049dc <timer_task+0x4c>)
10004994:	681b      	ldr	r3, [r3, #0]
10004996:	2b00      	cmp	r3, #0
10004998:	d01b      	beq.n	100049d2 <timer_task+0x42>
1000499a:	f3ef 8210 	mrs	r2, PRIMASK
1000499e:	b672      	cpsid	i
100049a0:	6819      	ldr	r1, [r3, #0]
100049a2:	2900      	cmp	r1, #0
100049a4:	d0fc      	beq.n	100049a0 <timer_task+0x10>
100049a6:	f3bf 8f5f 	dmb	sy
100049aa:	490c      	ldr	r1, [pc, #48]	; (100049dc <timer_task+0x4c>)
100049ac:	604a      	str	r2, [r1, #4]
100049ae:	2300      	movs	r3, #0
100049b0:	480b      	ldr	r0, [pc, #44]	; (100049e0 <timer_task+0x50>)
100049b2:	7003      	strb	r3, [r0, #0]
100049b4:	6809      	ldr	r1, [r1, #0]
100049b6:	f3bf 8f5f 	dmb	sy
100049ba:	600b      	str	r3, [r1, #0]
100049bc:	f382 8810 	msr	PRIMASK, r2
100049c0:	2400      	movs	r4, #0
100049c2:	2500      	movs	r5, #0
100049c4:	4b07      	ldr	r3, [pc, #28]	; (100049e4 <timer_task+0x54>)
100049c6:	7818      	ldrb	r0, [r3, #0]
100049c8:	f7fb fecc 	bl	10000764 <irq_set_pending>
100049cc:	0020      	movs	r0, r4
100049ce:	0029      	movs	r1, r5
100049d0:	bd70      	pop	{r4, r5, r6, pc}
100049d2:	24fa      	movs	r4, #250	; 0xfa
100049d4:	00a4      	lsls	r4, r4, #2
100049d6:	2500      	movs	r5, #0
100049d8:	e7f4      	b.n	100049c4 <timer_task+0x34>
100049da:	46c0      	nop			; (mov r8, r8)
100049dc:	200017d0 	.word	0x200017d0
100049e0:	20001a29 	.word	0x20001a29
100049e4:	20001a28 	.word	0x20001a28

100049e8 <low_priority_worker_irq>:
100049e8:	b510      	push	{r4, lr}
100049ea:	b084      	sub	sp, #16
100049ec:	2100      	movs	r1, #0
100049ee:	482c      	ldr	r0, [pc, #176]	; (10004aa0 <low_priority_worker_irq+0xb8>)
100049f0:	f002 fc2a 	bl	10007248 <__mutex_try_enter_veneer>
100049f4:	2800      	cmp	r0, #0
100049f6:	d138      	bne.n	10004a6a <low_priority_worker_irq+0x82>
100049f8:	4b2a      	ldr	r3, [pc, #168]	; (10004aa4 <low_priority_worker_irq+0xbc>)
100049fa:	681b      	ldr	r3, [r3, #0]
100049fc:	2b00      	cmp	r3, #0
100049fe:	d03c      	beq.n	10004a7a <low_priority_worker_irq+0x92>
10004a00:	f3ef 8210 	mrs	r2, PRIMASK
10004a04:	b672      	cpsid	i
10004a06:	6819      	ldr	r1, [r3, #0]
10004a08:	2900      	cmp	r1, #0
10004a0a:	d0fc      	beq.n	10004a06 <low_priority_worker_irq+0x1e>
10004a0c:	f3bf 8f5f 	dmb	sy
10004a10:	4924      	ldr	r1, [pc, #144]	; (10004aa4 <low_priority_worker_irq+0xbc>)
10004a12:	604a      	str	r2, [r1, #4]
10004a14:	4824      	ldr	r0, [pc, #144]	; (10004aa8 <low_priority_worker_irq+0xc0>)
10004a16:	7803      	ldrb	r3, [r0, #0]
10004a18:	2401      	movs	r4, #1
10004a1a:	4063      	eors	r3, r4
10004a1c:	b2db      	uxtb	r3, r3
10004a1e:	2401      	movs	r4, #1
10004a20:	7004      	strb	r4, [r0, #0]
10004a22:	6809      	ldr	r1, [r1, #0]
10004a24:	f3bf 8f5f 	dmb	sy
10004a28:	2000      	movs	r0, #0
10004a2a:	6008      	str	r0, [r1, #0]
10004a2c:	f382 8810 	msr	PRIMASK, r2
10004a30:	2b00      	cmp	r3, #0
10004a32:	d022      	beq.n	10004a7a <low_priority_worker_irq+0x92>
10004a34:	f7fc fd04 	bl	10001440 <alarm_pool_get_default>
10004a38:	0004      	movs	r4, r0
10004a3a:	f7fc ffa3 	bl	10001984 <time_us_64>
10004a3e:	0002      	movs	r2, r0
10004a40:	1e0b      	subs	r3, r1, #0
10004a42:	db1c      	blt.n	10004a7e <low_priority_worker_irq+0x96>
10004a44:	20fa      	movs	r0, #250	; 0xfa
10004a46:	0080      	lsls	r0, r0, #2
10004a48:	2100      	movs	r1, #0
10004a4a:	1812      	adds	r2, r2, r0
10004a4c:	414b      	adcs	r3, r1
10004a4e:	2b00      	cmp	r3, #0
10004a50:	db1b      	blt.n	10004a8a <low_priority_worker_irq+0xa2>
10004a52:	2b00      	cmp	r3, #0
10004a54:	db1d      	blt.n	10004a92 <low_priority_worker_irq+0xaa>
10004a56:	2101      	movs	r1, #1
10004a58:	9102      	str	r1, [sp, #8]
10004a5a:	2100      	movs	r1, #0
10004a5c:	9101      	str	r1, [sp, #4]
10004a5e:	4913      	ldr	r1, [pc, #76]	; (10004aac <low_priority_worker_irq+0xc4>)
10004a60:	9100      	str	r1, [sp, #0]
10004a62:	0020      	movs	r0, r4
10004a64:	f7fc fd02 	bl	1000146c <alarm_pool_add_alarm_at>
10004a68:	e007      	b.n	10004a7a <low_priority_worker_irq+0x92>
10004a6a:	2001      	movs	r0, #1
10004a6c:	2100      	movs	r1, #0
10004a6e:	4240      	negs	r0, r0
10004a70:	f001 f8f8 	bl	10005c64 <tud_task_ext>
10004a74:	480a      	ldr	r0, [pc, #40]	; (10004aa0 <low_priority_worker_irq+0xb8>)
10004a76:	f002 fbcf 	bl	10007218 <__mutex_exit_veneer>
10004a7a:	b004      	add	sp, #16
10004a7c:	bd10      	pop	{r4, pc}
10004a7e:	4b0c      	ldr	r3, [pc, #48]	; (10004ab0 <low_priority_worker_irq+0xc8>)
10004a80:	4a0c      	ldr	r2, [pc, #48]	; (10004ab4 <low_priority_worker_irq+0xcc>)
10004a82:	213f      	movs	r1, #63	; 0x3f
10004a84:	480c      	ldr	r0, [pc, #48]	; (10004ab8 <low_priority_worker_irq+0xd0>)
10004a86:	f7fd fce7 	bl	10002458 <__assert_func>
10004a8a:	2201      	movs	r2, #1
10004a8c:	4252      	negs	r2, r2
10004a8e:	4b0b      	ldr	r3, [pc, #44]	; (10004abc <low_priority_worker_irq+0xd4>)
10004a90:	e7df      	b.n	10004a52 <low_priority_worker_irq+0x6a>
10004a92:	4b07      	ldr	r3, [pc, #28]	; (10004ab0 <low_priority_worker_irq+0xc8>)
10004a94:	4a07      	ldr	r2, [pc, #28]	; (10004ab4 <low_priority_worker_irq+0xcc>)
10004a96:	213f      	movs	r1, #63	; 0x3f
10004a98:	4807      	ldr	r0, [pc, #28]	; (10004ab8 <low_priority_worker_irq+0xd0>)
10004a9a:	f7fd fcdd 	bl	10002458 <__assert_func>
10004a9e:	46c0      	nop			; (mov r8, r8)
10004aa0:	200019f8 	.word	0x200019f8
10004aa4:	200017d0 	.word	0x200017d0
10004aa8:	20001a29 	.word	0x20001a29
10004aac:	10004991 	.word	0x10004991
10004ab0:	100076e8 	.word	0x100076e8
10004ab4:	100083fc 	.word	0x100083fc
10004ab8:	10007704 	.word	0x10007704
10004abc:	7fffffff 	.word	0x7fffffff

10004ac0 <tud_cdc_rx_cb>:
10004ac0:	b510      	push	{r4, lr}
10004ac2:	4b05      	ldr	r3, [pc, #20]	; (10004ad8 <tud_cdc_rx_cb+0x18>)
10004ac4:	6818      	ldr	r0, [r3, #0]
10004ac6:	2800      	cmp	r0, #0
10004ac8:	d004      	beq.n	10004ad4 <tud_cdc_rx_cb+0x14>
10004aca:	4b04      	ldr	r3, [pc, #16]	; (10004adc <tud_cdc_rx_cb+0x1c>)
10004acc:	6819      	ldr	r1, [r3, #0]
10004ace:	2200      	movs	r2, #0
10004ad0:	f000 fdee 	bl	100056b0 <usbd_defer_func>
10004ad4:	bd10      	pop	{r4, pc}
10004ad6:	46c0      	nop			; (mov r8, r8)
10004ad8:	20001320 	.word	0x20001320
10004adc:	20001324 	.word	0x20001324

10004ae0 <stdio_usb_init>:
10004ae0:	b510      	push	{r4, lr}
10004ae2:	b084      	sub	sp, #16
10004ae4:	23d0      	movs	r3, #208	; 0xd0
10004ae6:	061b      	lsls	r3, r3, #24
10004ae8:	681c      	ldr	r4, [r3, #0]
10004aea:	f7fc fca9 	bl	10001440 <alarm_pool_get_default>
10004aee:	f7fc fde9 	bl	100016c4 <alarm_pool_core_num>
10004af2:	42a0      	cmp	r0, r4
10004af4:	d12f      	bne.n	10004b56 <stdio_usb_init+0x76>
10004af6:	23d0      	movs	r3, #208	; 0xd0
10004af8:	061b      	lsls	r3, r3, #24
10004afa:	781a      	ldrb	r2, [r3, #0]
10004afc:	4b33      	ldr	r3, [pc, #204]	; (10004bcc <stdio_usb_init+0xec>)
10004afe:	701a      	strb	r2, [r3, #0]
10004b00:	4b33      	ldr	r3, [pc, #204]	; (10004bd0 <stdio_usb_init+0xf0>)
10004b02:	781b      	ldrb	r3, [r3, #0]
10004b04:	f001 fd94 	bl	10006630 <tusb_init>
10004b08:	4832      	ldr	r0, [pc, #200]	; (10004bd4 <stdio_usb_init+0xf4>)
10004b0a:	f7fc f909 	bl	10000d20 <mutex_init>
10004b0e:	2001      	movs	r0, #1
10004b10:	f7fc f8ea 	bl	10000ce8 <user_irq_claim_unused>
10004b14:	b2c0      	uxtb	r0, r0
10004b16:	4c30      	ldr	r4, [pc, #192]	; (10004bd8 <stdio_usb_init+0xf8>)
10004b18:	7020      	strb	r0, [r4, #0]
10004b1a:	4930      	ldr	r1, [pc, #192]	; (10004bdc <stdio_usb_init+0xfc>)
10004b1c:	f7fb fe44 	bl	100007a8 <irq_set_exclusive_handler>
10004b20:	7820      	ldrb	r0, [r4, #0]
10004b22:	2101      	movs	r1, #1
10004b24:	f7fb fe16 	bl	10000754 <irq_set_enabled>
10004b28:	2005      	movs	r0, #5
10004b2a:	f7fb fe2b 	bl	10000784 <irq_has_shared_handler>
10004b2e:	1e04      	subs	r4, r0, #0
10004b30:	d017      	beq.n	10004b62 <stdio_usb_init+0x82>
10004b32:	2200      	movs	r2, #0
10004b34:	492a      	ldr	r1, [pc, #168]	; (10004be0 <stdio_usb_init+0x100>)
10004b36:	2005      	movs	r0, #5
10004b38:	f7fb fe60 	bl	100007fc <irq_add_shared_handler>
10004b3c:	f7fb fd78 	bl	10000630 <next_striped_spin_lock_num>
10004b40:	0001      	movs	r1, r0
10004b42:	4828      	ldr	r0, [pc, #160]	; (10004be4 <stdio_usb_init+0x104>)
10004b44:	f7fc f908 	bl	10000d58 <critical_section_init_with_lock_num>
10004b48:	2101      	movs	r1, #1
10004b4a:	4827      	ldr	r0, [pc, #156]	; (10004be8 <stdio_usb_init+0x108>)
10004b4c:	f7ff fe30 	bl	100047b0 <stdio_set_driver_enabled>
10004b50:	0020      	movs	r0, r4
10004b52:	b004      	add	sp, #16
10004b54:	bd10      	pop	{r4, pc}
10004b56:	4b25      	ldr	r3, [pc, #148]	; (10004bec <stdio_usb_init+0x10c>)
10004b58:	4a25      	ldr	r2, [pc, #148]	; (10004bf0 <stdio_usb_init+0x110>)
10004b5a:	21b5      	movs	r1, #181	; 0xb5
10004b5c:	4825      	ldr	r0, [pc, #148]	; (10004bf4 <stdio_usb_init+0x114>)
10004b5e:	f7fd fc7b 	bl	10002458 <__assert_func>
10004b62:	f7fc fc6d 	bl	10001440 <alarm_pool_get_default>
10004b66:	0004      	movs	r4, r0
10004b68:	f7fc ff0c 	bl	10001984 <time_us_64>
10004b6c:	0002      	movs	r2, r0
10004b6e:	1e0b      	subs	r3, r1, #0
10004b70:	db1b      	blt.n	10004baa <stdio_usb_init+0xca>
10004b72:	20fa      	movs	r0, #250	; 0xfa
10004b74:	0080      	lsls	r0, r0, #2
10004b76:	2100      	movs	r1, #0
10004b78:	1812      	adds	r2, r2, r0
10004b7a:	414b      	adcs	r3, r1
10004b7c:	2b00      	cmp	r3, #0
10004b7e:	db1a      	blt.n	10004bb6 <stdio_usb_init+0xd6>
10004b80:	2b00      	cmp	r3, #0
10004b82:	db1c      	blt.n	10004bbe <stdio_usb_init+0xde>
10004b84:	2101      	movs	r1, #1
10004b86:	9102      	str	r1, [sp, #8]
10004b88:	2100      	movs	r1, #0
10004b8a:	9101      	str	r1, [sp, #4]
10004b8c:	491a      	ldr	r1, [pc, #104]	; (10004bf8 <stdio_usb_init+0x118>)
10004b8e:	9100      	str	r1, [sp, #0]
10004b90:	0020      	movs	r0, r4
10004b92:	f7fc fc6b 	bl	1000146c <alarm_pool_add_alarm_at>
10004b96:	43c4      	mvns	r4, r0
10004b98:	0fe4      	lsrs	r4, r4, #31
10004b9a:	2208      	movs	r2, #8
10004b9c:	2100      	movs	r1, #0
10004b9e:	4811      	ldr	r0, [pc, #68]	; (10004be4 <stdio_usb_init+0x104>)
10004ba0:	f7ff fcfe 	bl	100045a0 <__wrap_memset>
10004ba4:	2c00      	cmp	r4, #0
10004ba6:	d0d3      	beq.n	10004b50 <stdio_usb_init+0x70>
10004ba8:	e7ce      	b.n	10004b48 <stdio_usb_init+0x68>
10004baa:	4b14      	ldr	r3, [pc, #80]	; (10004bfc <stdio_usb_init+0x11c>)
10004bac:	4a14      	ldr	r2, [pc, #80]	; (10004c00 <stdio_usb_init+0x120>)
10004bae:	213f      	movs	r1, #63	; 0x3f
10004bb0:	4814      	ldr	r0, [pc, #80]	; (10004c04 <stdio_usb_init+0x124>)
10004bb2:	f7fd fc51 	bl	10002458 <__assert_func>
10004bb6:	2201      	movs	r2, #1
10004bb8:	4252      	negs	r2, r2
10004bba:	4b13      	ldr	r3, [pc, #76]	; (10004c08 <stdio_usb_init+0x128>)
10004bbc:	e7e0      	b.n	10004b80 <stdio_usb_init+0xa0>
10004bbe:	4b0f      	ldr	r3, [pc, #60]	; (10004bfc <stdio_usb_init+0x11c>)
10004bc0:	4a0f      	ldr	r2, [pc, #60]	; (10004c00 <stdio_usb_init+0x120>)
10004bc2:	213f      	movs	r1, #63	; 0x3f
10004bc4:	480f      	ldr	r0, [pc, #60]	; (10004c04 <stdio_usb_init+0x124>)
10004bc6:	f7fd fc47 	bl	10002458 <__assert_func>
10004bca:	46c0      	nop			; (mov r8, r8)
10004bcc:	20001a2a 	.word	0x20001a2a
10004bd0:	10008a80 	.word	0x10008a80
10004bd4:	200019f8 	.word	0x200019f8
10004bd8:	20001a28 	.word	0x20001a28
10004bdc:	100049e9 	.word	0x100049e9
10004be0:	10004981 	.word	0x10004981
10004be4:	200017d0 	.word	0x200017d0
10004be8:	20000c40 	.word	0x20000c40
10004bec:	10007590 	.word	0x10007590
10004bf0:	100083ec 	.word	0x100083ec
10004bf4:	1000837c 	.word	0x1000837c
10004bf8:	10004991 	.word	0x10004991
10004bfc:	100076e8 	.word	0x100076e8
10004c00:	100083fc 	.word	0x100083fc
10004c04:	10007704 	.word	0x10007704
10004c08:	7fffffff 	.word	0x7fffffff

10004c0c <stdio_usb_connected>:
10004c0c:	b510      	push	{r4, lr}
10004c0e:	2000      	movs	r0, #0
10004c10:	f001 fa2e 	bl	10006070 <tud_cdc_n_connected>
10004c14:	bd10      	pop	{r4, pc}
	...

10004c18 <stdio_usb_in_chars>:
10004c18:	b570      	push	{r4, r5, r6, lr}
10004c1a:	0005      	movs	r5, r0
10004c1c:	000c      	movs	r4, r1
10004c1e:	f7ff fff5 	bl	10004c0c <stdio_usb_connected>
10004c22:	2800      	cmp	r0, #0
10004c24:	d045      	beq.n	10004cb2 <stdio_usb_in_chars+0x9a>
10004c26:	2000      	movs	r0, #0
10004c28:	f001 fa44 	bl	100060b4 <tud_cdc_n_available>
10004c2c:	2800      	cmp	r0, #0
10004c2e:	d043      	beq.n	10004cb8 <stdio_usb_in_chars+0xa0>
10004c30:	f7fc fea8 	bl	10001984 <time_us_64>
10004c34:	0002      	movs	r2, r0
10004c36:	1e0b      	subs	r3, r1, #0
10004c38:	db21      	blt.n	10004c7e <stdio_usb_in_chars+0x66>
10004c3a:	4822      	ldr	r0, [pc, #136]	; (10004cc4 <stdio_usb_in_chars+0xac>)
10004c3c:	2100      	movs	r1, #0
10004c3e:	1812      	adds	r2, r2, r0
10004c40:	414b      	adcs	r3, r1
10004c42:	2b00      	cmp	r3, #0
10004c44:	db21      	blt.n	10004c8a <stdio_usb_in_chars+0x72>
10004c46:	2b00      	cmp	r3, #0
10004c48:	db23      	blt.n	10004c92 <stdio_usb_in_chars+0x7a>
10004c4a:	481f      	ldr	r0, [pc, #124]	; (10004cc8 <stdio_usb_in_chars+0xb0>)
10004c4c:	f002 fb1c 	bl	10007288 <__mutex_try_enter_block_until_veneer>
10004c50:	2800      	cmp	r0, #0
10004c52:	d034      	beq.n	10004cbe <stdio_usb_in_chars+0xa6>
10004c54:	f7ff ffda 	bl	10004c0c <stdio_usb_connected>
10004c58:	2800      	cmp	r0, #0
10004c5a:	d004      	beq.n	10004c66 <stdio_usb_in_chars+0x4e>
10004c5c:	2000      	movs	r0, #0
10004c5e:	f001 fa29 	bl	100060b4 <tud_cdc_n_available>
10004c62:	2800      	cmp	r0, #0
10004c64:	d11b      	bne.n	10004c9e <stdio_usb_in_chars+0x86>
10004c66:	2001      	movs	r0, #1
10004c68:	2100      	movs	r1, #0
10004c6a:	4240      	negs	r0, r0
10004c6c:	f000 fffa 	bl	10005c64 <tud_task_ext>
10004c70:	2403      	movs	r4, #3
10004c72:	4264      	negs	r4, r4
10004c74:	4814      	ldr	r0, [pc, #80]	; (10004cc8 <stdio_usb_in_chars+0xb0>)
10004c76:	f002 facf 	bl	10007218 <__mutex_exit_veneer>
10004c7a:	0020      	movs	r0, r4
10004c7c:	bd70      	pop	{r4, r5, r6, pc}
10004c7e:	4b13      	ldr	r3, [pc, #76]	; (10004ccc <stdio_usb_in_chars+0xb4>)
10004c80:	4a13      	ldr	r2, [pc, #76]	; (10004cd0 <stdio_usb_in_chars+0xb8>)
10004c82:	213f      	movs	r1, #63	; 0x3f
10004c84:	4813      	ldr	r0, [pc, #76]	; (10004cd4 <stdio_usb_in_chars+0xbc>)
10004c86:	f7fd fbe7 	bl	10002458 <__assert_func>
10004c8a:	2201      	movs	r2, #1
10004c8c:	4252      	negs	r2, r2
10004c8e:	4b12      	ldr	r3, [pc, #72]	; (10004cd8 <stdio_usb_in_chars+0xc0>)
10004c90:	e7d9      	b.n	10004c46 <stdio_usb_in_chars+0x2e>
10004c92:	4b0e      	ldr	r3, [pc, #56]	; (10004ccc <stdio_usb_in_chars+0xb4>)
10004c94:	4a0e      	ldr	r2, [pc, #56]	; (10004cd0 <stdio_usb_in_chars+0xb8>)
10004c96:	213f      	movs	r1, #63	; 0x3f
10004c98:	480e      	ldr	r0, [pc, #56]	; (10004cd4 <stdio_usb_in_chars+0xbc>)
10004c9a:	f7fd fbdd 	bl	10002458 <__assert_func>
10004c9e:	0022      	movs	r2, r4
10004ca0:	0029      	movs	r1, r5
10004ca2:	2000      	movs	r0, #0
10004ca4:	f001 fa12 	bl	100060cc <tud_cdc_n_read>
10004ca8:	1e04      	subs	r4, r0, #0
10004caa:	d1e3      	bne.n	10004c74 <stdio_usb_in_chars+0x5c>
10004cac:	2403      	movs	r4, #3
10004cae:	4264      	negs	r4, r4
10004cb0:	e7e0      	b.n	10004c74 <stdio_usb_in_chars+0x5c>
10004cb2:	2403      	movs	r4, #3
10004cb4:	4264      	negs	r4, r4
10004cb6:	e7e0      	b.n	10004c7a <stdio_usb_in_chars+0x62>
10004cb8:	2403      	movs	r4, #3
10004cba:	4264      	negs	r4, r4
10004cbc:	e7dd      	b.n	10004c7a <stdio_usb_in_chars+0x62>
10004cbe:	2403      	movs	r4, #3
10004cc0:	4264      	negs	r4, r4
10004cc2:	e7da      	b.n	10004c7a <stdio_usb_in_chars+0x62>
10004cc4:	000f4240 	.word	0x000f4240
10004cc8:	200019f8 	.word	0x200019f8
10004ccc:	100076e8 	.word	0x100076e8
10004cd0:	100083fc 	.word	0x100083fc
10004cd4:	10007704 	.word	0x10007704
10004cd8:	7fffffff 	.word	0x7fffffff

10004cdc <stdio_usb_out_chars>:
10004cdc:	b5f0      	push	{r4, r5, r6, r7, lr}
10004cde:	46c6      	mov	lr, r8
10004ce0:	b500      	push	{lr}
10004ce2:	4680      	mov	r8, r0
10004ce4:	000c      	movs	r4, r1
10004ce6:	f7fc fe4d 	bl	10001984 <time_us_64>
10004cea:	0002      	movs	r2, r0
10004cec:	1e0b      	subs	r3, r1, #0
10004cee:	db0f      	blt.n	10004d10 <stdio_usb_out_chars+0x34>
10004cf0:	4837      	ldr	r0, [pc, #220]	; (10004dd0 <stdio_usb_out_chars+0xf4>)
10004cf2:	2100      	movs	r1, #0
10004cf4:	1812      	adds	r2, r2, r0
10004cf6:	414b      	adcs	r3, r1
10004cf8:	2b00      	cmp	r3, #0
10004cfa:	db0f      	blt.n	10004d1c <stdio_usb_out_chars+0x40>
10004cfc:	2b00      	cmp	r3, #0
10004cfe:	db11      	blt.n	10004d24 <stdio_usb_out_chars+0x48>
10004d00:	4834      	ldr	r0, [pc, #208]	; (10004dd4 <stdio_usb_out_chars+0xf8>)
10004d02:	f002 fac1 	bl	10007288 <__mutex_try_enter_block_until_veneer>
10004d06:	2800      	cmp	r0, #0
10004d08:	d112      	bne.n	10004d30 <stdio_usb_out_chars+0x54>
10004d0a:	bc80      	pop	{r7}
10004d0c:	46b8      	mov	r8, r7
10004d0e:	bdf0      	pop	{r4, r5, r6, r7, pc}
10004d10:	4b31      	ldr	r3, [pc, #196]	; (10004dd8 <stdio_usb_out_chars+0xfc>)
10004d12:	4a32      	ldr	r2, [pc, #200]	; (10004ddc <stdio_usb_out_chars+0x100>)
10004d14:	213f      	movs	r1, #63	; 0x3f
10004d16:	4832      	ldr	r0, [pc, #200]	; (10004de0 <stdio_usb_out_chars+0x104>)
10004d18:	f7fd fb9e 	bl	10002458 <__assert_func>
10004d1c:	2201      	movs	r2, #1
10004d1e:	4252      	negs	r2, r2
10004d20:	4b30      	ldr	r3, [pc, #192]	; (10004de4 <stdio_usb_out_chars+0x108>)
10004d22:	e7eb      	b.n	10004cfc <stdio_usb_out_chars+0x20>
10004d24:	4b2c      	ldr	r3, [pc, #176]	; (10004dd8 <stdio_usb_out_chars+0xfc>)
10004d26:	4a2d      	ldr	r2, [pc, #180]	; (10004ddc <stdio_usb_out_chars+0x100>)
10004d28:	213f      	movs	r1, #63	; 0x3f
10004d2a:	482d      	ldr	r0, [pc, #180]	; (10004de0 <stdio_usb_out_chars+0x104>)
10004d2c:	f7fd fb94 	bl	10002458 <__assert_func>
10004d30:	f7ff ff6c 	bl	10004c0c <stdio_usb_connected>
10004d34:	2800      	cmp	r0, #0
10004d36:	d149      	bne.n	10004dcc <stdio_usb_out_chars+0xf0>
10004d38:	4b2b      	ldr	r3, [pc, #172]	; (10004de8 <stdio_usb_out_chars+0x10c>)
10004d3a:	2000      	movs	r0, #0
10004d3c:	2100      	movs	r1, #0
10004d3e:	6018      	str	r0, [r3, #0]
10004d40:	6059      	str	r1, [r3, #4]
10004d42:	4824      	ldr	r0, [pc, #144]	; (10004dd4 <stdio_usb_out_chars+0xf8>)
10004d44:	f002 fa68 	bl	10007218 <__mutex_exit_veneer>
10004d48:	e7df      	b.n	10004d0a <stdio_usb_out_chars+0x2e>
10004d4a:	2001      	movs	r0, #1
10004d4c:	2100      	movs	r1, #0
10004d4e:	4240      	negs	r0, r0
10004d50:	f000 ff88 	bl	10005c64 <tud_task_ext>
10004d54:	2000      	movs	r0, #0
10004d56:	f001 f9cd 	bl	100060f4 <tud_cdc_n_write_flush>
10004d5a:	f7ff ff57 	bl	10004c0c <stdio_usb_connected>
10004d5e:	2800      	cmp	r0, #0
10004d60:	d0ef      	beq.n	10004d42 <stdio_usb_out_chars+0x66>
10004d62:	2000      	movs	r0, #0
10004d64:	f001 fa3e 	bl	100061e4 <tud_cdc_n_write_available>
10004d68:	2800      	cmp	r0, #0
10004d6a:	d020      	beq.n	10004dae <stdio_usb_out_chars+0xd2>
10004d6c:	42a5      	cmp	r5, r4
10004d6e:	dae8      	bge.n	10004d42 <stdio_usb_out_chars+0x66>
10004d70:	1b66      	subs	r6, r4, r5
10004d72:	2000      	movs	r0, #0
10004d74:	f001 fa36 	bl	100061e4 <tud_cdc_n_write_available>
10004d78:	0002      	movs	r2, r0
10004d7a:	4286      	cmp	r6, r0
10004d7c:	dc00      	bgt.n	10004d80 <stdio_usb_out_chars+0xa4>
10004d7e:	0032      	movs	r2, r6
10004d80:	2a00      	cmp	r2, #0
10004d82:	d0e2      	beq.n	10004d4a <stdio_usb_out_chars+0x6e>
10004d84:	4643      	mov	r3, r8
10004d86:	1959      	adds	r1, r3, r5
10004d88:	2000      	movs	r0, #0
10004d8a:	f001 fa0f 	bl	100061ac <tud_cdc_n_write>
10004d8e:	0006      	movs	r6, r0
10004d90:	2001      	movs	r0, #1
10004d92:	2100      	movs	r1, #0
10004d94:	4240      	negs	r0, r0
10004d96:	f000 ff65 	bl	10005c64 <tud_task_ext>
10004d9a:	2000      	movs	r0, #0
10004d9c:	f001 f9aa 	bl	100060f4 <tud_cdc_n_write_flush>
10004da0:	19ad      	adds	r5, r5, r6
10004da2:	f7fc fdef 	bl	10001984 <time_us_64>
10004da6:	4b10      	ldr	r3, [pc, #64]	; (10004de8 <stdio_usb_out_chars+0x10c>)
10004da8:	6018      	str	r0, [r3, #0]
10004daa:	6059      	str	r1, [r3, #4]
10004dac:	e7de      	b.n	10004d6c <stdio_usb_out_chars+0x90>
10004dae:	f7fc fde9 	bl	10001984 <time_us_64>
10004db2:	4b0d      	ldr	r3, [pc, #52]	; (10004de8 <stdio_usb_out_chars+0x10c>)
10004db4:	681e      	ldr	r6, [r3, #0]
10004db6:	685f      	ldr	r7, [r3, #4]
10004db8:	4a0c      	ldr	r2, [pc, #48]	; (10004dec <stdio_usb_out_chars+0x110>)
10004dba:	2300      	movs	r3, #0
10004dbc:	1992      	adds	r2, r2, r6
10004dbe:	417b      	adcs	r3, r7
10004dc0:	4299      	cmp	r1, r3
10004dc2:	d8be      	bhi.n	10004d42 <stdio_usb_out_chars+0x66>
10004dc4:	d1d2      	bne.n	10004d6c <stdio_usb_out_chars+0x90>
10004dc6:	4290      	cmp	r0, r2
10004dc8:	d9d0      	bls.n	10004d6c <stdio_usb_out_chars+0x90>
10004dca:	e7ba      	b.n	10004d42 <stdio_usb_out_chars+0x66>
10004dcc:	2500      	movs	r5, #0
10004dce:	e7cd      	b.n	10004d6c <stdio_usb_out_chars+0x90>
10004dd0:	000f4240 	.word	0x000f4240
10004dd4:	200019f8 	.word	0x200019f8
10004dd8:	100076e8 	.word	0x100076e8
10004ddc:	100083fc 	.word	0x100083fc
10004de0:	10007704 	.word	0x10007704
10004de4:	7fffffff 	.word	0x7fffffff
10004de8:	20000da0 	.word	0x20000da0
10004dec:	0007a120 	.word	0x0007a120

10004df0 <tud_descriptor_device_cb>:
10004df0:	4800      	ldr	r0, [pc, #0]	; (10004df4 <tud_descriptor_device_cb+0x4>)
10004df2:	4770      	bx	lr
10004df4:	10008494 	.word	0x10008494

10004df8 <tud_descriptor_configuration_cb>:
10004df8:	4800      	ldr	r0, [pc, #0]	; (10004dfc <tud_descriptor_configuration_cb+0x4>)
10004dfa:	4770      	bx	lr
10004dfc:	10008440 	.word	0x10008440

10004e00 <tud_descriptor_string_cb>:
10004e00:	b510      	push	{r4, lr}
10004e02:	0004      	movs	r4, r0
10004e04:	4b15      	ldr	r3, [pc, #84]	; (10004e5c <tud_descriptor_string_cb+0x5c>)
10004e06:	781b      	ldrb	r3, [r3, #0]
10004e08:	2b00      	cmp	r3, #0
10004e0a:	d00e      	beq.n	10004e2a <tud_descriptor_string_cb+0x2a>
10004e0c:	2c00      	cmp	r4, #0
10004e0e:	d111      	bne.n	10004e34 <tud_descriptor_string_cb+0x34>
10004e10:	4b13      	ldr	r3, [pc, #76]	; (10004e60 <tud_descriptor_string_cb+0x60>)
10004e12:	4a14      	ldr	r2, [pc, #80]	; (10004e64 <tud_descriptor_string_cb+0x64>)
10004e14:	805a      	strh	r2, [r3, #2]
10004e16:	2301      	movs	r3, #1
10004e18:	3301      	adds	r3, #1
10004e1a:	005b      	lsls	r3, r3, #1
10004e1c:	b21b      	sxth	r3, r3
10004e1e:	22c0      	movs	r2, #192	; 0xc0
10004e20:	0092      	lsls	r2, r2, #2
10004e22:	4313      	orrs	r3, r2
10004e24:	480e      	ldr	r0, [pc, #56]	; (10004e60 <tud_descriptor_string_cb+0x60>)
10004e26:	8003      	strh	r3, [r0, #0]
10004e28:	bd10      	pop	{r4, pc}
10004e2a:	2111      	movs	r1, #17
10004e2c:	480b      	ldr	r0, [pc, #44]	; (10004e5c <tud_descriptor_string_cb+0x5c>)
10004e2e:	f000 f825 	bl	10004e7c <pico_get_unique_board_id_string>
10004e32:	e7eb      	b.n	10004e0c <tud_descriptor_string_cb+0xc>
10004e34:	2c05      	cmp	r4, #5
10004e36:	d80e      	bhi.n	10004e56 <tud_descriptor_string_cb+0x56>
10004e38:	00a4      	lsls	r4, r4, #2
10004e3a:	4b0b      	ldr	r3, [pc, #44]	; (10004e68 <tud_descriptor_string_cb+0x68>)
10004e3c:	58e4      	ldr	r4, [r4, r3]
10004e3e:	2300      	movs	r3, #0
10004e40:	2b12      	cmp	r3, #18
10004e42:	d8e9      	bhi.n	10004e18 <tud_descriptor_string_cb+0x18>
10004e44:	5ce2      	ldrb	r2, [r4, r3]
10004e46:	2a00      	cmp	r2, #0
10004e48:	d0e6      	beq.n	10004e18 <tud_descriptor_string_cb+0x18>
10004e4a:	3301      	adds	r3, #1
10004e4c:	0059      	lsls	r1, r3, #1
10004e4e:	4804      	ldr	r0, [pc, #16]	; (10004e60 <tud_descriptor_string_cb+0x60>)
10004e50:	5242      	strh	r2, [r0, r1]
10004e52:	b2db      	uxtb	r3, r3
10004e54:	e7f4      	b.n	10004e40 <tud_descriptor_string_cb+0x40>
10004e56:	2000      	movs	r0, #0
10004e58:	e7e6      	b.n	10004e28 <tud_descriptor_string_cb+0x28>
10004e5a:	46c0      	nop			; (mov r8, r8)
10004e5c:	20001a10 	.word	0x20001a10
10004e60:	20001394 	.word	0x20001394
10004e64:	00000409 	.word	0x00000409
10004e68:	100084a8 	.word	0x100084a8

10004e6c <_retrieve_unique_id_on_boot>:
10004e6c:	b510      	push	{r4, lr}
10004e6e:	4802      	ldr	r0, [pc, #8]	; (10004e78 <_retrieve_unique_id_on_boot+0xc>)
10004e70:	f000 f834 	bl	10004edc <flash_get_unique_id>
10004e74:	bd10      	pop	{r4, pc}
10004e76:	46c0      	nop			; (mov r8, r8)
10004e78:	200017e8 	.word	0x200017e8

10004e7c <pico_get_unique_board_id_string>:
10004e7c:	b510      	push	{r4, lr}
10004e7e:	2900      	cmp	r1, #0
10004e80:	d001      	beq.n	10004e86 <pico_get_unique_board_id_string+0xa>
10004e82:	2300      	movs	r3, #0
10004e84:	e00a      	b.n	10004e9c <pico_get_unique_board_id_string+0x20>
10004e86:	4b11      	ldr	r3, [pc, #68]	; (10004ecc <pico_get_unique_board_id_string+0x50>)
10004e88:	4a11      	ldr	r2, [pc, #68]	; (10004ed0 <pico_get_unique_board_id_string+0x54>)
10004e8a:	311f      	adds	r1, #31
10004e8c:	4811      	ldr	r0, [pc, #68]	; (10004ed4 <pico_get_unique_board_id_string+0x58>)
10004e8e:	f7fd fae3 	bl	10002458 <__assert_func>
10004e92:	2400      	movs	r4, #0
10004e94:	e00d      	b.n	10004eb2 <pico_get_unique_board_id_string+0x36>
10004e96:	3237      	adds	r2, #55	; 0x37
10004e98:	54c2      	strb	r2, [r0, r3]
10004e9a:	3301      	adds	r3, #1
10004e9c:	1e4a      	subs	r2, r1, #1
10004e9e:	429a      	cmp	r2, r3
10004ea0:	d90f      	bls.n	10004ec2 <pico_get_unique_board_id_string+0x46>
10004ea2:	2b0f      	cmp	r3, #15
10004ea4:	d80d      	bhi.n	10004ec2 <pico_get_unique_board_id_string+0x46>
10004ea6:	085a      	lsrs	r2, r3, #1
10004ea8:	4c0b      	ldr	r4, [pc, #44]	; (10004ed8 <pico_get_unique_board_id_string+0x5c>)
10004eaa:	5ca2      	ldrb	r2, [r4, r2]
10004eac:	07dc      	lsls	r4, r3, #31
10004eae:	d4f0      	bmi.n	10004e92 <pico_get_unique_board_id_string+0x16>
10004eb0:	2404      	movs	r4, #4
10004eb2:	4122      	asrs	r2, r4
10004eb4:	0014      	movs	r4, r2
10004eb6:	220f      	movs	r2, #15
10004eb8:	4022      	ands	r2, r4
10004eba:	2a09      	cmp	r2, #9
10004ebc:	dceb      	bgt.n	10004e96 <pico_get_unique_board_id_string+0x1a>
10004ebe:	3230      	adds	r2, #48	; 0x30
10004ec0:	e7ea      	b.n	10004e98 <pico_get_unique_board_id_string+0x1c>
10004ec2:	18c0      	adds	r0, r0, r3
10004ec4:	2300      	movs	r3, #0
10004ec6:	7003      	strb	r3, [r0, #0]
10004ec8:	bd10      	pop	{r4, pc}
10004eca:	46c0      	nop			; (mov r8, r8)
10004ecc:	100084c0 	.word	0x100084c0
10004ed0:	10008518 	.word	0x10008518
10004ed4:	100084c8 	.word	0x100084c8
10004ed8:	200017e8 	.word	0x200017e8

10004edc <flash_get_unique_id>:
10004edc:	b570      	push	{r4, r5, r6, lr}
10004ede:	b088      	sub	sp, #32
10004ee0:	0004      	movs	r4, r0
10004ee2:	ad04      	add	r5, sp, #16
10004ee4:	2600      	movs	r6, #0
10004ee6:	9604      	str	r6, [sp, #16]
10004ee8:	2209      	movs	r2, #9
10004eea:	2100      	movs	r1, #0
10004eec:	a805      	add	r0, sp, #20
10004eee:	f7ff fb57 	bl	100045a0 <__wrap_memset>
10004ef2:	9600      	str	r6, [sp, #0]
10004ef4:	2209      	movs	r2, #9
10004ef6:	2100      	movs	r1, #0
10004ef8:	a801      	add	r0, sp, #4
10004efa:	f7ff fb51 	bl	100045a0 <__wrap_memset>
10004efe:	234b      	movs	r3, #75	; 0x4b
10004f00:	702b      	strb	r3, [r5, #0]
10004f02:	220d      	movs	r2, #13
10004f04:	4669      	mov	r1, sp
10004f06:	0028      	movs	r0, r5
10004f08:	f002 f97e 	bl	10007208 <__flash_do_cmd_veneer>
10004f0c:	2300      	movs	r3, #0
10004f0e:	e004      	b.n	10004f1a <flash_get_unique_id+0x3e>
10004f10:	1d5a      	adds	r2, r3, #5
10004f12:	4669      	mov	r1, sp
10004f14:	5c8a      	ldrb	r2, [r1, r2]
10004f16:	54e2      	strb	r2, [r4, r3]
10004f18:	3301      	adds	r3, #1
10004f1a:	2b07      	cmp	r3, #7
10004f1c:	ddf8      	ble.n	10004f10 <flash_get_unique_id+0x34>
10004f1e:	b008      	add	sp, #32
10004f20:	bd70      	pop	{r4, r5, r6, pc}
	...

10004f24 <hw_endpoint_get_by_addr>:
10004f24:	0002      	movs	r2, r0
10004f26:	207f      	movs	r0, #127	; 0x7f
10004f28:	4010      	ands	r0, r2
10004f2a:	09d2      	lsrs	r2, r2, #7
10004f2c:	0040      	lsls	r0, r0, #1
10004f2e:	1880      	adds	r0, r0, r2
10004f30:	0140      	lsls	r0, r0, #5
10004f32:	4b01      	ldr	r3, [pc, #4]	; (10004f38 <hw_endpoint_get_by_addr+0x14>)
10004f34:	18c0      	adds	r0, r0, r3
10004f36:	4770      	bx	lr
10004f38:	200013c8 	.word	0x200013c8

10004f3c <_hw_endpoint_alloc>:
10004f3c:	b510      	push	{r4, lr}
10004f3e:	8b03      	ldrh	r3, [r0, #24]
10004f40:	333f      	adds	r3, #63	; 0x3f
10004f42:	223f      	movs	r2, #63	; 0x3f
10004f44:	4393      	bics	r3, r2
10004f46:	2902      	cmp	r1, #2
10004f48:	d015      	beq.n	10004f76 <_hw_endpoint_alloc+0x3a>
10004f4a:	4c12      	ldr	r4, [pc, #72]	; (10004f94 <_hw_endpoint_alloc+0x58>)
10004f4c:	6822      	ldr	r2, [r4, #0]
10004f4e:	60c2      	str	r2, [r0, #12]
10004f50:	18d3      	adds	r3, r2, r3
10004f52:	6023      	str	r3, [r4, #0]
10004f54:	069c      	lsls	r4, r3, #26
10004f56:	d110      	bne.n	10004f7a <_hw_endpoint_alloc+0x3e>
10004f58:	4c0f      	ldr	r4, [pc, #60]	; (10004f98 <_hw_endpoint_alloc+0x5c>)
10004f5a:	4062      	eors	r2, r4
10004f5c:	4063      	eors	r3, r4
10004f5e:	2480      	movs	r4, #128	; 0x80
10004f60:	0164      	lsls	r4, r4, #5
10004f62:	42a3      	cmp	r3, r4
10004f64:	d80f      	bhi.n	10004f86 <_hw_endpoint_alloc+0x4a>
10004f66:	0689      	lsls	r1, r1, #26
10004f68:	4311      	orrs	r1, r2
10004f6a:	2380      	movs	r3, #128	; 0x80
10004f6c:	061b      	lsls	r3, r3, #24
10004f6e:	4319      	orrs	r1, r3
10004f70:	6843      	ldr	r3, [r0, #4]
10004f72:	6019      	str	r1, [r3, #0]
10004f74:	bd10      	pop	{r4, pc}
10004f76:	005b      	lsls	r3, r3, #1
10004f78:	e7e7      	b.n	10004f4a <_hw_endpoint_alloc+0xe>
10004f7a:	4b08      	ldr	r3, [pc, #32]	; (10004f9c <_hw_endpoint_alloc+0x60>)
10004f7c:	4a08      	ldr	r2, [pc, #32]	; (10004fa0 <_hw_endpoint_alloc+0x64>)
10004f7e:	2154      	movs	r1, #84	; 0x54
10004f80:	4808      	ldr	r0, [pc, #32]	; (10004fa4 <_hw_endpoint_alloc+0x68>)
10004f82:	f7fd fa69 	bl	10002458 <__assert_func>
10004f86:	4b08      	ldr	r3, [pc, #32]	; (10004fa8 <_hw_endpoint_alloc+0x6c>)
10004f88:	4a05      	ldr	r2, [pc, #20]	; (10004fa0 <_hw_endpoint_alloc+0x64>)
10004f8a:	2156      	movs	r1, #86	; 0x56
10004f8c:	4805      	ldr	r0, [pc, #20]	; (10004fa4 <_hw_endpoint_alloc+0x68>)
10004f8e:	f7fd fa63 	bl	10002458 <__assert_func>
10004f92:	46c0      	nop			; (mov r8, r8)
10004f94:	200017cc 	.word	0x200017cc
10004f98:	50100000 	.word	0x50100000
10004f9c:	100086ac 	.word	0x100086ac
10004fa0:	100087d0 	.word	0x100087d0
10004fa4:	100086dc 	.word	0x100086dc
10004fa8:	1000873c 	.word	0x1000873c

10004fac <hw_endpoint_init>:
10004fac:	b5f8      	push	{r3, r4, r5, r6, r7, lr}
10004fae:	0005      	movs	r5, r0
10004fb0:	000e      	movs	r6, r1
10004fb2:	0014      	movs	r4, r2
10004fb4:	f7ff ffb6 	bl	10004f24 <hw_endpoint_get_by_addr>
10004fb8:	237f      	movs	r3, #127	; 0x7f
10004fba:	402b      	ands	r3, r5
10004fbc:	09ef      	lsrs	r7, r5, #7
10004fbe:	7085      	strb	r5, [r0, #2]
10004fc0:	427a      	negs	r2, r7
10004fc2:	417a      	adcs	r2, r7
10004fc4:	7042      	strb	r2, [r0, #1]
10004fc6:	2200      	movs	r2, #0
10004fc8:	70c2      	strb	r2, [r0, #3]
10004fca:	8306      	strh	r6, [r0, #24]
10004fcc:	76c4      	strb	r4, [r0, #27]
10004fce:	2f01      	cmp	r7, #1
10004fd0:	d00d      	beq.n	10004fee <hw_endpoint_init+0x42>
10004fd2:	00da      	lsls	r2, r3, #3
10004fd4:	4912      	ldr	r1, [pc, #72]	; (10005020 <hw_endpoint_init+0x74>)
10004fd6:	468c      	mov	ip, r1
10004fd8:	4462      	add	r2, ip
10004fda:	6082      	str	r2, [r0, #8]
10004fdc:	6882      	ldr	r2, [r0, #8]
10004fde:	2100      	movs	r1, #0
10004fe0:	6011      	str	r1, [r2, #0]
10004fe2:	2b00      	cmp	r3, #0
10004fe4:	d109      	bne.n	10004ffa <hw_endpoint_init+0x4e>
10004fe6:	6043      	str	r3, [r0, #4]
10004fe8:	4b0e      	ldr	r3, [pc, #56]	; (10005024 <hw_endpoint_init+0x78>)
10004fea:	60c3      	str	r3, [r0, #12]
10004fec:	bdf8      	pop	{r3, r4, r5, r6, r7, pc}
10004fee:	00da      	lsls	r2, r3, #3
10004ff0:	490d      	ldr	r1, [pc, #52]	; (10005028 <hw_endpoint_init+0x7c>)
10004ff2:	468c      	mov	ip, r1
10004ff4:	4462      	add	r2, ip
10004ff6:	6082      	str	r2, [r0, #8]
10004ff8:	e7f0      	b.n	10004fdc <hw_endpoint_init+0x30>
10004ffa:	2f01      	cmp	r7, #1
10004ffc:	d009      	beq.n	10005012 <hw_endpoint_init+0x66>
10004ffe:	3b01      	subs	r3, #1
10005000:	00db      	lsls	r3, r3, #3
10005002:	4a0a      	ldr	r2, [pc, #40]	; (1000502c <hw_endpoint_init+0x80>)
10005004:	4694      	mov	ip, r2
10005006:	4463      	add	r3, ip
10005008:	6043      	str	r3, [r0, #4]
1000500a:	0021      	movs	r1, r4
1000500c:	f7ff ff96 	bl	10004f3c <_hw_endpoint_alloc>
10005010:	e7ec      	b.n	10004fec <hw_endpoint_init+0x40>
10005012:	3b01      	subs	r3, #1
10005014:	00db      	lsls	r3, r3, #3
10005016:	4a06      	ldr	r2, [pc, #24]	; (10005030 <hw_endpoint_init+0x84>)
10005018:	4694      	mov	ip, r2
1000501a:	4463      	add	r3, ip
1000501c:	6043      	str	r3, [r0, #4]
1000501e:	e7f4      	b.n	1000500a <hw_endpoint_init+0x5e>
10005020:	50100084 	.word	0x50100084
10005024:	50100100 	.word	0x50100100
10005028:	50100080 	.word	0x50100080
1000502c:	5010000c 	.word	0x5010000c
10005030:	50100008 	.word	0x50100008

10005034 <hw_endpoint_xfer>:
10005034:	b570      	push	{r4, r5, r6, lr}
10005036:	000c      	movs	r4, r1
10005038:	0015      	movs	r5, r2
1000503a:	f7ff ff73 	bl	10004f24 <hw_endpoint_get_by_addr>
1000503e:	002a      	movs	r2, r5
10005040:	0021      	movs	r1, r4
10005042:	f000 f90d 	bl	10005260 <hw_endpoint_xfer_start>
10005046:	bd70      	pop	{r4, r5, r6, pc}

10005048 <dcd_int_enable>:
10005048:	b510      	push	{r4, lr}
1000504a:	2800      	cmp	r0, #0
1000504c:	d104      	bne.n	10005058 <dcd_int_enable+0x10>
1000504e:	2101      	movs	r1, #1
10005050:	2005      	movs	r0, #5
10005052:	f7fb fb7f 	bl	10000754 <irq_set_enabled>
10005056:	bd10      	pop	{r4, pc}
10005058:	21d5      	movs	r1, #213	; 0xd5
1000505a:	4b03      	ldr	r3, [pc, #12]	; (10005068 <dcd_int_enable+0x20>)
1000505c:	4a03      	ldr	r2, [pc, #12]	; (1000506c <dcd_int_enable+0x24>)
1000505e:	0049      	lsls	r1, r1, #1
10005060:	4803      	ldr	r0, [pc, #12]	; (10005070 <dcd_int_enable+0x28>)
10005062:	f7fd f9f9 	bl	10002458 <__assert_func>
10005066:	46c0      	nop			; (mov r8, r8)
10005068:	10008784 	.word	0x10008784
1000506c:	100087c0 	.word	0x100087c0
10005070:	100086dc 	.word	0x100086dc

10005074 <dcd_set_address>:
10005074:	b510      	push	{r4, lr}
10005076:	2800      	cmp	r0, #0
10005078:	d105      	bne.n	10005086 <dcd_set_address+0x12>
1000507a:	2200      	movs	r2, #0
1000507c:	2100      	movs	r1, #0
1000507e:	2080      	movs	r0, #128	; 0x80
10005080:	f7ff ffd8 	bl	10005034 <hw_endpoint_xfer>
10005084:	bd10      	pop	{r4, pc}
10005086:	21db      	movs	r1, #219	; 0xdb
10005088:	4b02      	ldr	r3, [pc, #8]	; (10005094 <dcd_set_address+0x20>)
1000508a:	4a03      	ldr	r2, [pc, #12]	; (10005098 <dcd_set_address+0x24>)
1000508c:	0049      	lsls	r1, r1, #1
1000508e:	4803      	ldr	r0, [pc, #12]	; (1000509c <dcd_set_address+0x28>)
10005090:	f7fd f9e2 	bl	10002458 <__assert_func>
10005094:	10008784 	.word	0x10008784
10005098:	100087b0 	.word	0x100087b0
1000509c:	100086dc 	.word	0x100086dc

100050a0 <dcd_connect>:
100050a0:	4b02      	ldr	r3, [pc, #8]	; (100050ac <dcd_connect+0xc>)
100050a2:	2280      	movs	r2, #128	; 0x80
100050a4:	0252      	lsls	r2, r2, #9
100050a6:	64da      	str	r2, [r3, #76]	; 0x4c
100050a8:	4770      	bx	lr
100050aa:	46c0      	nop			; (mov r8, r8)
100050ac:	50112000 	.word	0x50112000

100050b0 <dcd_init>:
100050b0:	b570      	push	{r4, r5, r6, lr}
100050b2:	1e04      	subs	r4, r0, #0
100050b4:	d126      	bne.n	10005104 <dcd_init+0x54>
100050b6:	f000 f8ad 	bl	10005214 <rp2040_usb_init>
100050ba:	4d16      	ldr	r5, [pc, #88]	; (10005114 <dcd_init+0x64>)
100050bc:	230c      	movs	r3, #12
100050be:	67ab      	str	r3, [r5, #120]	; 0x78
100050c0:	22ff      	movs	r2, #255	; 0xff
100050c2:	4915      	ldr	r1, [pc, #84]	; (10005118 <dcd_init+0x68>)
100050c4:	2005      	movs	r0, #5
100050c6:	f7fb fb99 	bl	100007fc <irq_add_shared_handler>
100050ca:	2240      	movs	r2, #64	; 0x40
100050cc:	2100      	movs	r1, #0
100050ce:	4813      	ldr	r0, [pc, #76]	; (1000511c <dcd_init+0x6c>)
100050d0:	f7ff fa66 	bl	100045a0 <__wrap_memset>
100050d4:	2200      	movs	r2, #0
100050d6:	2140      	movs	r1, #64	; 0x40
100050d8:	2000      	movs	r0, #0
100050da:	f7ff ff67 	bl	10004fac <hw_endpoint_init>
100050de:	2200      	movs	r2, #0
100050e0:	2140      	movs	r1, #64	; 0x40
100050e2:	2080      	movs	r0, #128	; 0x80
100050e4:	f7ff ff62 	bl	10004fac <hw_endpoint_init>
100050e8:	f002 f8e6 	bl	100072b8 <__reset_non_control_endpoints_veneer>
100050ec:	2301      	movs	r3, #1
100050ee:	642b      	str	r3, [r5, #64]	; 0x40
100050f0:	2380      	movs	r3, #128	; 0x80
100050f2:	059b      	lsls	r3, r3, #22
100050f4:	64eb      	str	r3, [r5, #76]	; 0x4c
100050f6:	2390      	movs	r3, #144	; 0x90
100050f8:	4a09      	ldr	r2, [pc, #36]	; (10005120 <dcd_init+0x70>)
100050fa:	50ea      	str	r2, [r5, r3]
100050fc:	0020      	movs	r0, r4
100050fe:	f7ff ffcf 	bl	100050a0 <dcd_connect>
10005102:	bd70      	pop	{r4, r5, r6, pc}
10005104:	2186      	movs	r1, #134	; 0x86
10005106:	4b07      	ldr	r3, [pc, #28]	; (10005124 <dcd_init+0x74>)
10005108:	4a07      	ldr	r2, [pc, #28]	; (10005128 <dcd_init+0x78>)
1000510a:	31ff      	adds	r1, #255	; 0xff
1000510c:	4807      	ldr	r0, [pc, #28]	; (1000512c <dcd_init+0x7c>)
1000510e:	f7fd f9a3 	bl	10002458 <__assert_func>
10005112:	46c0      	nop			; (mov r8, r8)
10005114:	50110000 	.word	0x50110000
10005118:	200004a1 	.word	0x200004a1
1000511c:	200013c8 	.word	0x200013c8
10005120:	0001d010 	.word	0x0001d010
10005124:	10008784 	.word	0x10008784
10005128:	100087e4 	.word	0x100087e4
1000512c:	100086dc 	.word	0x100086dc

10005130 <dcd_edpt0_status_complete>:
10005130:	780b      	ldrb	r3, [r1, #0]
10005132:	065b      	lsls	r3, r3, #25
10005134:	d102      	bne.n	1000513c <dcd_edpt0_status_complete+0xc>
10005136:	784b      	ldrb	r3, [r1, #1]
10005138:	2b05      	cmp	r3, #5
1000513a:	d000      	beq.n	1000513e <dcd_edpt0_status_complete+0xe>
1000513c:	4770      	bx	lr
1000513e:	788a      	ldrb	r2, [r1, #2]
10005140:	4b01      	ldr	r3, [pc, #4]	; (10005148 <dcd_edpt0_status_complete+0x18>)
10005142:	601a      	str	r2, [r3, #0]
10005144:	e7fa      	b.n	1000513c <dcd_edpt0_status_complete+0xc>
10005146:	46c0      	nop			; (mov r8, r8)
10005148:	50110000 	.word	0x50110000

1000514c <dcd_edpt_open>:
1000514c:	b510      	push	{r4, lr}
1000514e:	000c      	movs	r4, r1
10005150:	2800      	cmp	r0, #0
10005152:	d10d      	bne.n	10005170 <dcd_edpt_open+0x24>
10005154:	7909      	ldrb	r1, [r1, #4]
10005156:	7963      	ldrb	r3, [r4, #5]
10005158:	021b      	lsls	r3, r3, #8
1000515a:	430b      	orrs	r3, r1
1000515c:	055b      	lsls	r3, r3, #21
1000515e:	0d59      	lsrs	r1, r3, #21
10005160:	78e2      	ldrb	r2, [r4, #3]
10005162:	0792      	lsls	r2, r2, #30
10005164:	0f92      	lsrs	r2, r2, #30
10005166:	78a0      	ldrb	r0, [r4, #2]
10005168:	f7ff ff20 	bl	10004fac <hw_endpoint_init>
1000516c:	2001      	movs	r0, #1
1000516e:	bd10      	pop	{r4, pc}
10005170:	21fc      	movs	r1, #252	; 0xfc
10005172:	4b03      	ldr	r3, [pc, #12]	; (10005180 <dcd_edpt_open+0x34>)
10005174:	4a03      	ldr	r2, [pc, #12]	; (10005184 <dcd_edpt_open+0x38>)
10005176:	31ff      	adds	r1, #255	; 0xff
10005178:	4803      	ldr	r0, [pc, #12]	; (10005188 <dcd_edpt_open+0x3c>)
1000517a:	f7fd f96d 	bl	10002458 <__assert_func>
1000517e:	46c0      	nop			; (mov r8, r8)
10005180:	10008784 	.word	0x10008784
10005184:	100087a0 	.word	0x100087a0
10005188:	100086dc 	.word	0x100086dc

1000518c <dcd_edpt_close_all>:
1000518c:	b510      	push	{r4, lr}
1000518e:	f002 f893 	bl	100072b8 <__reset_non_control_endpoints_veneer>
10005192:	bd10      	pop	{r4, pc}

10005194 <dcd_edpt_xfer>:
10005194:	b510      	push	{r4, lr}
10005196:	0004      	movs	r4, r0
10005198:	0008      	movs	r0, r1
1000519a:	0011      	movs	r1, r2
1000519c:	001a      	movs	r2, r3
1000519e:	2c00      	cmp	r4, #0
100051a0:	d103      	bne.n	100051aa <dcd_edpt_xfer+0x16>
100051a2:	f7ff ff47 	bl	10005034 <hw_endpoint_xfer>
100051a6:	2001      	movs	r0, #1
100051a8:	bd10      	pop	{r4, pc}
100051aa:	4b03      	ldr	r3, [pc, #12]	; (100051b8 <dcd_edpt_xfer+0x24>)
100051ac:	4a03      	ldr	r2, [pc, #12]	; (100051bc <dcd_edpt_xfer+0x28>)
100051ae:	4904      	ldr	r1, [pc, #16]	; (100051c0 <dcd_edpt_xfer+0x2c>)
100051b0:	4804      	ldr	r0, [pc, #16]	; (100051c4 <dcd_edpt_xfer+0x30>)
100051b2:	f7fd f951 	bl	10002458 <__assert_func>
100051b6:	46c0      	nop			; (mov r8, r8)
100051b8:	10008784 	.word	0x10008784
100051bc:	10008790 	.word	0x10008790
100051c0:	0000020a 	.word	0x0000020a
100051c4:	100086dc 	.word	0x100086dc

100051c8 <dcd_edpt_stall>:
100051c8:	b510      	push	{r4, lr}
100051ca:	0008      	movs	r0, r1
100051cc:	064b      	lsls	r3, r1, #25
100051ce:	d105      	bne.n	100051dc <dcd_edpt_stall+0x14>
100051d0:	09cb      	lsrs	r3, r1, #7
100051d2:	2b01      	cmp	r3, #1
100051d4:	d00a      	beq.n	100051ec <dcd_edpt_stall+0x24>
100051d6:	2202      	movs	r2, #2
100051d8:	4b05      	ldr	r3, [pc, #20]	; (100051f0 <dcd_edpt_stall+0x28>)
100051da:	669a      	str	r2, [r3, #104]	; 0x68
100051dc:	f7ff fea2 	bl	10004f24 <hw_endpoint_get_by_addr>
100051e0:	2280      	movs	r2, #128	; 0x80
100051e2:	0112      	lsls	r2, r2, #4
100051e4:	2100      	movs	r1, #0
100051e6:	f002 f86f 	bl	100072c8 <___hw_endpoint_buffer_control_update32_veneer>
100051ea:	bd10      	pop	{r4, pc}
100051ec:	2201      	movs	r2, #1
100051ee:	e7f3      	b.n	100051d8 <dcd_edpt_stall+0x10>
100051f0:	50112000 	.word	0x50112000

100051f4 <dcd_edpt_clear_stall>:
100051f4:	b510      	push	{r4, lr}
100051f6:	0008      	movs	r0, r1
100051f8:	064b      	lsls	r3, r1, #25
100051fa:	d100      	bne.n	100051fe <dcd_edpt_clear_stall+0xa>
100051fc:	bd10      	pop	{r4, pc}
100051fe:	f7ff fe91 	bl	10004f24 <hw_endpoint_get_by_addr>
10005202:	2300      	movs	r3, #0
10005204:	70c3      	strb	r3, [r0, #3]
10005206:	2200      	movs	r2, #0
10005208:	4901      	ldr	r1, [pc, #4]	; (10005210 <dcd_edpt_clear_stall+0x1c>)
1000520a:	f002 f85d 	bl	100072c8 <___hw_endpoint_buffer_control_update32_veneer>
1000520e:	e7f5      	b.n	100051fc <dcd_edpt_clear_stall+0x8>
10005210:	fffff7ff 	.word	0xfffff7ff

10005214 <rp2040_usb_init>:
10005214:	b510      	push	{r4, lr}
10005216:	2380      	movs	r3, #128	; 0x80
10005218:	045b      	lsls	r3, r3, #17
1000521a:	4a0c      	ldr	r2, [pc, #48]	; (1000524c <rp2040_usb_init+0x38>)
1000521c:	6013      	str	r3, [r2, #0]
1000521e:	4a0c      	ldr	r2, [pc, #48]	; (10005250 <rp2040_usb_init+0x3c>)
10005220:	6013      	str	r3, [r2, #0]
10005222:	4b0c      	ldr	r3, [pc, #48]	; (10005254 <rp2040_usb_init+0x40>)
10005224:	689a      	ldr	r2, [r3, #8]
10005226:	2380      	movs	r3, #128	; 0x80
10005228:	045b      	lsls	r3, r3, #17
1000522a:	4393      	bics	r3, r2
1000522c:	d1f9      	bne.n	10005222 <rp2040_usb_init+0xe>
1000522e:	4c0a      	ldr	r4, [pc, #40]	; (10005258 <rp2040_usb_init+0x44>)
10005230:	229c      	movs	r2, #156	; 0x9c
10005232:	2100      	movs	r1, #0
10005234:	0020      	movs	r0, r4
10005236:	f7ff f9b3 	bl	100045a0 <__wrap_memset>
1000523a:	2280      	movs	r2, #128	; 0x80
1000523c:	0152      	lsls	r2, r2, #5
1000523e:	2100      	movs	r1, #0
10005240:	4806      	ldr	r0, [pc, #24]	; (1000525c <rp2040_usb_init+0x48>)
10005242:	f7ff f9ad 	bl	100045a0 <__wrap_memset>
10005246:	2309      	movs	r3, #9
10005248:	6763      	str	r3, [r4, #116]	; 0x74
1000524a:	bd10      	pop	{r4, pc}
1000524c:	4000e000 	.word	0x4000e000
10005250:	4000f000 	.word	0x4000f000
10005254:	4000c000 	.word	0x4000c000
10005258:	50110000 	.word	0x50110000
1000525c:	50100000 	.word	0x50100000

10005260 <hw_endpoint_xfer_start>:
10005260:	b570      	push	{r4, r5, r6, lr}
10005262:	0004      	movs	r4, r0
10005264:	000d      	movs	r5, r1
10005266:	0016      	movs	r6, r2
10005268:	7e83      	ldrb	r3, [r0, #26]
1000526a:	2b00      	cmp	r3, #0
1000526c:	d117      	bne.n	1000529e <hw_endpoint_xfer_start+0x3e>
1000526e:	82a6      	strh	r6, [r4, #20]
10005270:	2300      	movs	r3, #0
10005272:	82e3      	strh	r3, [r4, #22]
10005274:	3301      	adds	r3, #1
10005276:	76a3      	strb	r3, [r4, #26]
10005278:	6125      	str	r5, [r4, #16]
1000527a:	0020      	movs	r0, r4
1000527c:	f002 f82c 	bl	100072d8 <__e15_is_bulkin_ep_veneer>
10005280:	2800      	cmp	r0, #0
10005282:	d004      	beq.n	1000528e <hw_endpoint_xfer_start+0x2e>
10005284:	4a09      	ldr	r2, [pc, #36]	; (100052ac <hw_endpoint_xfer_start+0x4c>)
10005286:	2390      	movs	r3, #144	; 0x90
10005288:	2180      	movs	r1, #128	; 0x80
1000528a:	0289      	lsls	r1, r1, #10
1000528c:	50d1      	str	r1, [r2, r3]
1000528e:	0020      	movs	r0, r4
10005290:	f001 ffea 	bl	10007268 <__e15_is_critical_frame_period_veneer>
10005294:	2800      	cmp	r0, #0
10005296:	d005      	beq.n	100052a4 <hw_endpoint_xfer_start+0x44>
10005298:	2301      	movs	r3, #1
1000529a:	7723      	strb	r3, [r4, #28]
1000529c:	bd70      	pop	{r4, r5, r6, pc}
1000529e:	f002 f803 	bl	100072a8 <__hw_endpoint_reset_transfer_veneer>
100052a2:	e7e4      	b.n	1000526e <hw_endpoint_xfer_start+0xe>
100052a4:	0020      	movs	r0, r4
100052a6:	f001 fff7 	bl	10007298 <__hw_endpoint_start_next_buffer_veneer>
100052aa:	e7f7      	b.n	1000529c <hw_endpoint_xfer_start+0x3c>
100052ac:	50112000 	.word	0x50112000

100052b0 <configuration_reset>:
100052b0:	b570      	push	{r4, r5, r6, lr}
100052b2:	0005      	movs	r5, r0
100052b4:	2400      	movs	r4, #0
100052b6:	e00c      	b.n	100052d2 <configuration_reset+0x22>
100052b8:	0063      	lsls	r3, r4, #1
100052ba:	191b      	adds	r3, r3, r4
100052bc:	00da      	lsls	r2, r3, #3
100052be:	4b18      	ldr	r3, [pc, #96]	; (10005320 <configuration_reset+0x70>)
100052c0:	681b      	ldr	r3, [r3, #0]
100052c2:	189b      	adds	r3, r3, r2
100052c4:	2b00      	cmp	r3, #0
100052c6:	d02a      	beq.n	1000531e <configuration_reset+0x6e>
100052c8:	685b      	ldr	r3, [r3, #4]
100052ca:	0028      	movs	r0, r5
100052cc:	4798      	blx	r3
100052ce:	3401      	adds	r4, #1
100052d0:	b2e4      	uxtb	r4, r4
100052d2:	4b14      	ldr	r3, [pc, #80]	; (10005324 <configuration_reset+0x74>)
100052d4:	781b      	ldrb	r3, [r3, #0]
100052d6:	42a3      	cmp	r3, r4
100052d8:	d310      	bcc.n	100052fc <configuration_reset+0x4c>
100052da:	4a13      	ldr	r2, [pc, #76]	; (10005328 <configuration_reset+0x78>)
100052dc:	2a00      	cmp	r2, #0
100052de:	d00b      	beq.n	100052f8 <configuration_reset+0x48>
100052e0:	42a3      	cmp	r3, r4
100052e2:	d8e9      	bhi.n	100052b8 <configuration_reset+0x8>
100052e4:	1ae3      	subs	r3, r4, r3
100052e6:	b2db      	uxtb	r3, r3
100052e8:	2b00      	cmp	r3, #0
100052ea:	d118      	bne.n	1000531e <configuration_reset+0x6e>
100052ec:	005a      	lsls	r2, r3, #1
100052ee:	18d2      	adds	r2, r2, r3
100052f0:	00d2      	lsls	r2, r2, #3
100052f2:	4b0e      	ldr	r3, [pc, #56]	; (1000532c <configuration_reset+0x7c>)
100052f4:	189b      	adds	r3, r3, r2
100052f6:	e7e5      	b.n	100052c4 <configuration_reset+0x14>
100052f8:	0023      	movs	r3, r4
100052fa:	e7f5      	b.n	100052e8 <configuration_reset+0x38>
100052fc:	4c0c      	ldr	r4, [pc, #48]	; (10005330 <configuration_reset+0x80>)
100052fe:	2253      	movs	r2, #83	; 0x53
10005300:	2100      	movs	r1, #0
10005302:	0020      	movs	r0, r4
10005304:	f7ff f94c 	bl	100045a0 <__wrap_memset>
10005308:	1ce0      	adds	r0, r4, #3
1000530a:	2210      	movs	r2, #16
1000530c:	21ff      	movs	r1, #255	; 0xff
1000530e:	f7ff f947 	bl	100045a0 <__wrap_memset>
10005312:	0020      	movs	r0, r4
10005314:	3013      	adds	r0, #19
10005316:	2220      	movs	r2, #32
10005318:	21ff      	movs	r1, #255	; 0xff
1000531a:	f7ff f941 	bl	100045a0 <__wrap_memset>
1000531e:	bd70      	pop	{r4, r5, r6, pc}
10005320:	20000dc4 	.word	0x20000dc4
10005324:	20001a21 	.word	0x20001a21
10005328:	10004939 	.word	0x10004939
1000532c:	10008980 	.word	0x10008980
10005330:	200010ec 	.word	0x200010ec

10005334 <usbd_reset>:
10005334:	b510      	push	{r4, lr}
10005336:	f7ff ffbb 	bl	100052b0 <configuration_reset>
1000533a:	f000 fdef 	bl	10005f1c <usbd_control_reset>
1000533e:	bd10      	pop	{r4, pc}

10005340 <invoke_class_control>:
10005340:	b570      	push	{r4, r5, r6, lr}
10005342:	0005      	movs	r5, r0
10005344:	000c      	movs	r4, r1
10005346:	0016      	movs	r6, r2
10005348:	68c8      	ldr	r0, [r1, #12]
1000534a:	f000 fdf1 	bl	10005f30 <usbd_control_set_complete_callback>
1000534e:	68e3      	ldr	r3, [r4, #12]
10005350:	0032      	movs	r2, r6
10005352:	2101      	movs	r1, #1
10005354:	0028      	movs	r0, r5
10005356:	4798      	blx	r3
10005358:	bd70      	pop	{r4, r5, r6, pc}
	...

1000535c <process_set_config>:
1000535c:	b5f0      	push	{r4, r5, r6, r7, lr}
1000535e:	46de      	mov	lr, fp
10005360:	4657      	mov	r7, sl
10005362:	464e      	mov	r6, r9
10005364:	b5c0      	push	{r6, r7, lr}
10005366:	b082      	sub	sp, #8
10005368:	9000      	str	r0, [sp, #0]
1000536a:	3901      	subs	r1, #1
1000536c:	b2c8      	uxtb	r0, r1
1000536e:	f7ff fd43 	bl	10004df8 <tud_descriptor_configuration_cb>
10005372:	2800      	cmp	r0, #0
10005374:	d100      	bne.n	10005378 <process_set_config+0x1c>
10005376:	e08c      	b.n	10005492 <process_set_config+0x136>
10005378:	7843      	ldrb	r3, [r0, #1]
1000537a:	469a      	mov	sl, r3
1000537c:	2b02      	cmp	r3, #2
1000537e:	d000      	beq.n	10005382 <process_set_config+0x26>
10005380:	e089      	b.n	10005496 <process_set_config+0x13a>
10005382:	79c5      	ldrb	r5, [r0, #7]
10005384:	116a      	asrs	r2, r5, #5
10005386:	3b01      	subs	r3, #1
10005388:	494b      	ldr	r1, [pc, #300]	; (100054b8 <process_set_config+0x15c>)
1000538a:	401a      	ands	r2, r3
1000538c:	0114      	lsls	r4, r2, #4
1000538e:	780a      	ldrb	r2, [r1, #0]
10005390:	2710      	movs	r7, #16
10005392:	43ba      	bics	r2, r7
10005394:	4322      	orrs	r2, r4
10005396:	700a      	strb	r2, [r1, #0]
10005398:	11ad      	asrs	r5, r5, #6
1000539a:	402b      	ands	r3, r5
1000539c:	015b      	lsls	r3, r3, #5
1000539e:	b2d2      	uxtb	r2, r2
100053a0:	2420      	movs	r4, #32
100053a2:	43a2      	bics	r2, r4
100053a4:	4313      	orrs	r3, r2
100053a6:	700b      	strb	r3, [r1, #0]
100053a8:	0006      	movs	r6, r0
100053aa:	3609      	adds	r6, #9
100053ac:	7882      	ldrb	r2, [r0, #2]
100053ae:	78c4      	ldrb	r4, [r0, #3]
100053b0:	0224      	lsls	r4, r4, #8
100053b2:	4314      	orrs	r4, r2
100053b4:	1904      	adds	r4, r0, r4
100053b6:	42a6      	cmp	r6, r4
100053b8:	d264      	bcs.n	10005484 <process_set_config+0x128>
100053ba:	7873      	ldrb	r3, [r6, #1]
100053bc:	2b0b      	cmp	r3, #11
100053be:	d009      	beq.n	100053d4 <process_set_config+0x78>
100053c0:	2301      	movs	r3, #1
100053c2:	469b      	mov	fp, r3
100053c4:	7873      	ldrb	r3, [r6, #1]
100053c6:	2b04      	cmp	r3, #4
100053c8:	d16c      	bne.n	100054a4 <process_set_config+0x148>
100053ca:	1ba3      	subs	r3, r4, r6
100053cc:	b29b      	uxth	r3, r3
100053ce:	4699      	mov	r9, r3
100053d0:	2500      	movs	r5, #0
100053d2:	e025      	b.n	10005420 <process_set_config+0xc4>
100053d4:	78f3      	ldrb	r3, [r6, #3]
100053d6:	469b      	mov	fp, r3
100053d8:	7833      	ldrb	r3, [r6, #0]
100053da:	18f6      	adds	r6, r6, r3
100053dc:	e7f2      	b.n	100053c4 <process_set_config+0x68>
100053de:	006f      	lsls	r7, r5, #1
100053e0:	197f      	adds	r7, r7, r5
100053e2:	00fb      	lsls	r3, r7, #3
100053e4:	4a35      	ldr	r2, [pc, #212]	; (100054bc <process_set_config+0x160>)
100053e6:	6817      	ldr	r7, [r2, #0]
100053e8:	18ff      	adds	r7, r7, r3
100053ea:	e02b      	b.n	10005444 <process_set_config+0xe8>
100053ec:	002b      	movs	r3, r5
100053ee:	e022      	b.n	10005436 <process_set_config+0xda>
100053f0:	68ba      	ldr	r2, [r7, #8]
100053f2:	4b33      	ldr	r3, [pc, #204]	; (100054c0 <process_set_config+0x164>)
100053f4:	429a      	cmp	r2, r3
100053f6:	d134      	bne.n	10005462 <process_set_config+0x106>
100053f8:	46d3      	mov	fp, sl
100053fa:	e032      	b.n	10005462 <process_set_config+0x106>
100053fc:	482e      	ldr	r0, [pc, #184]	; (100054b8 <process_set_config+0x15c>)
100053fe:	002b      	movs	r3, r5
10005400:	9f01      	ldr	r7, [sp, #4]
10005402:	003a      	movs	r2, r7
10005404:	0031      	movs	r1, r6
10005406:	3013      	adds	r0, #19
10005408:	f001 f9a0 	bl	1000674c <tu_edpt_bind_driver>
1000540c:	46bc      	mov	ip, r7
1000540e:	4466      	add	r6, ip
10005410:	4b2c      	ldr	r3, [pc, #176]	; (100054c4 <process_set_config+0x168>)
10005412:	781b      	ldrb	r3, [r3, #0]
10005414:	42ab      	cmp	r3, r5
10005416:	d2ce      	bcs.n	100053b6 <process_set_config+0x5a>
10005418:	2000      	movs	r0, #0
1000541a:	e03d      	b.n	10005498 <process_set_config+0x13c>
1000541c:	3501      	adds	r5, #1
1000541e:	b2ed      	uxtb	r5, r5
10005420:	4b28      	ldr	r3, [pc, #160]	; (100054c4 <process_set_config+0x168>)
10005422:	781b      	ldrb	r3, [r3, #0]
10005424:	42ab      	cmp	r3, r5
10005426:	d3f3      	bcc.n	10005410 <process_set_config+0xb4>
10005428:	4a27      	ldr	r2, [pc, #156]	; (100054c8 <process_set_config+0x16c>)
1000542a:	2a00      	cmp	r2, #0
1000542c:	d0de      	beq.n	100053ec <process_set_config+0x90>
1000542e:	42ab      	cmp	r3, r5
10005430:	d8d5      	bhi.n	100053de <process_set_config+0x82>
10005432:	1aeb      	subs	r3, r5, r3
10005434:	b2db      	uxtb	r3, r3
10005436:	2b00      	cmp	r3, #0
10005438:	d136      	bne.n	100054a8 <process_set_config+0x14c>
1000543a:	005f      	lsls	r7, r3, #1
1000543c:	18fb      	adds	r3, r7, r3
1000543e:	00db      	lsls	r3, r3, #3
10005440:	4f22      	ldr	r7, [pc, #136]	; (100054cc <process_set_config+0x170>)
10005442:	18ff      	adds	r7, r7, r3
10005444:	2f00      	cmp	r7, #0
10005446:	d031      	beq.n	100054ac <process_set_config+0x150>
10005448:	464a      	mov	r2, r9
1000544a:	0031      	movs	r1, r6
1000544c:	9800      	ldr	r0, [sp, #0]
1000544e:	68bb      	ldr	r3, [r7, #8]
10005450:	4798      	blx	r3
10005452:	9001      	str	r0, [sp, #4]
10005454:	2808      	cmp	r0, #8
10005456:	d9e1      	bls.n	1000541c <process_set_config+0xc0>
10005458:	4581      	cmp	r9, r0
1000545a:	d3df      	bcc.n	1000541c <process_set_config+0xc0>
1000545c:	465b      	mov	r3, fp
1000545e:	2b01      	cmp	r3, #1
10005460:	d0c6      	beq.n	100053f0 <process_set_config+0x94>
10005462:	2200      	movs	r2, #0
10005464:	4593      	cmp	fp, r2
10005466:	d9c9      	bls.n	100053fc <process_set_config+0xa0>
10005468:	78b3      	ldrb	r3, [r6, #2]
1000546a:	189b      	adds	r3, r3, r2
1000546c:	b2db      	uxtb	r3, r3
1000546e:	4912      	ldr	r1, [pc, #72]	; (100054b8 <process_set_config+0x15c>)
10005470:	18c9      	adds	r1, r1, r3
10005472:	78c9      	ldrb	r1, [r1, #3]
10005474:	29ff      	cmp	r1, #255	; 0xff
10005476:	d11b      	bne.n	100054b0 <process_set_config+0x154>
10005478:	490f      	ldr	r1, [pc, #60]	; (100054b8 <process_set_config+0x15c>)
1000547a:	18cb      	adds	r3, r1, r3
1000547c:	70dd      	strb	r5, [r3, #3]
1000547e:	3201      	adds	r2, #1
10005480:	b2d2      	uxtb	r2, r2
10005482:	e7ef      	b.n	10005464 <process_set_config+0x108>
10005484:	4b12      	ldr	r3, [pc, #72]	; (100054d0 <process_set_config+0x174>)
10005486:	2b00      	cmp	r3, #0
10005488:	d014      	beq.n	100054b4 <process_set_config+0x158>
1000548a:	e000      	b.n	1000548e <process_set_config+0x132>
1000548c:	bf00      	nop
1000548e:	2001      	movs	r0, #1
10005490:	e002      	b.n	10005498 <process_set_config+0x13c>
10005492:	2000      	movs	r0, #0
10005494:	e000      	b.n	10005498 <process_set_config+0x13c>
10005496:	2000      	movs	r0, #0
10005498:	b002      	add	sp, #8
1000549a:	bce0      	pop	{r5, r6, r7}
1000549c:	46bb      	mov	fp, r7
1000549e:	46b2      	mov	sl, r6
100054a0:	46a9      	mov	r9, r5
100054a2:	bdf0      	pop	{r4, r5, r6, r7, pc}
100054a4:	2000      	movs	r0, #0
100054a6:	e7f7      	b.n	10005498 <process_set_config+0x13c>
100054a8:	2000      	movs	r0, #0
100054aa:	e7f5      	b.n	10005498 <process_set_config+0x13c>
100054ac:	2000      	movs	r0, #0
100054ae:	e7f3      	b.n	10005498 <process_set_config+0x13c>
100054b0:	2000      	movs	r0, #0
100054b2:	e7f1      	b.n	10005498 <process_set_config+0x13c>
100054b4:	2001      	movs	r0, #1
100054b6:	e7ef      	b.n	10005498 <process_set_config+0x13c>
100054b8:	200010ec 	.word	0x200010ec
100054bc:	20000dc4 	.word	0x20000dc4
100054c0:	10006301 	.word	0x10006301
100054c4:	20001a21 	.word	0x20001a21
100054c8:	10004939 	.word	0x10004939
100054cc:	10008980 	.word	0x10008980
100054d0:	00000000 	.word	0x00000000

100054d4 <process_get_descriptor>:
100054d4:	b570      	push	{r4, r5, r6, lr}
100054d6:	0005      	movs	r5, r0
100054d8:	000c      	movs	r4, r1
100054da:	78cb      	ldrb	r3, [r1, #3]
100054dc:	7888      	ldrb	r0, [r1, #2]
100054de:	2b0f      	cmp	r3, #15
100054e0:	d850      	bhi.n	10005584 <process_get_descriptor+0xb0>
100054e2:	009a      	lsls	r2, r3, #2
100054e4:	492e      	ldr	r1, [pc, #184]	; (100055a0 <process_get_descriptor+0xcc>)
100054e6:	588a      	ldr	r2, [r1, r2]
100054e8:	4697      	mov	pc, r2
100054ea:	f7ff fc81 	bl	10004df0 <tud_descriptor_device_cb>
100054ee:	0002      	movs	r2, r0
100054f0:	2312      	movs	r3, #18
100054f2:	0021      	movs	r1, r4
100054f4:	0028      	movs	r0, r5
100054f6:	f000 fcd7 	bl	10005ea8 <tud_control_xfer>
100054fa:	e044      	b.n	10005586 <process_get_descriptor+0xb2>
100054fc:	4b29      	ldr	r3, [pc, #164]	; (100055a4 <process_get_descriptor+0xd0>)
100054fe:	2b00      	cmp	r3, #0
10005500:	d042      	beq.n	10005588 <process_get_descriptor+0xb4>
10005502:	e000      	b.n	10005506 <process_get_descriptor+0x32>
10005504:	bf00      	nop
10005506:	1e02      	subs	r2, r0, #0
10005508:	d040      	beq.n	1000558c <process_get_descriptor+0xb8>
1000550a:	7881      	ldrb	r1, [r0, #2]
1000550c:	78c3      	ldrb	r3, [r0, #3]
1000550e:	021b      	lsls	r3, r3, #8
10005510:	430b      	orrs	r3, r1
10005512:	0021      	movs	r1, r4
10005514:	0028      	movs	r0, r5
10005516:	f000 fcc7 	bl	10005ea8 <tud_control_xfer>
1000551a:	e034      	b.n	10005586 <process_get_descriptor+0xb2>
1000551c:	2b02      	cmp	r3, #2
1000551e:	d009      	beq.n	10005534 <process_get_descriptor+0x60>
10005520:	4b21      	ldr	r3, [pc, #132]	; (100055a8 <process_get_descriptor+0xd4>)
10005522:	2b00      	cmp	r3, #0
10005524:	d034      	beq.n	10005590 <process_get_descriptor+0xbc>
10005526:	e000      	b.n	1000552a <process_get_descriptor+0x56>
10005528:	bf00      	nop
1000552a:	0002      	movs	r2, r0
1000552c:	2a00      	cmp	r2, #0
1000552e:	d105      	bne.n	1000553c <process_get_descriptor+0x68>
10005530:	2000      	movs	r0, #0
10005532:	e028      	b.n	10005586 <process_get_descriptor+0xb2>
10005534:	f7ff fc60 	bl	10004df8 <tud_descriptor_configuration_cb>
10005538:	0002      	movs	r2, r0
1000553a:	e7f7      	b.n	1000552c <process_get_descriptor+0x58>
1000553c:	7891      	ldrb	r1, [r2, #2]
1000553e:	78d3      	ldrb	r3, [r2, #3]
10005540:	021b      	lsls	r3, r3, #8
10005542:	430b      	orrs	r3, r1
10005544:	0021      	movs	r1, r4
10005546:	0028      	movs	r0, r5
10005548:	f000 fcae 	bl	10005ea8 <tud_control_xfer>
1000554c:	e01b      	b.n	10005586 <process_get_descriptor+0xb2>
1000554e:	7923      	ldrb	r3, [r4, #4]
10005550:	7961      	ldrb	r1, [r4, #5]
10005552:	0209      	lsls	r1, r1, #8
10005554:	4319      	orrs	r1, r3
10005556:	f7ff fc53 	bl	10004e00 <tud_descriptor_string_cb>
1000555a:	1e02      	subs	r2, r0, #0
1000555c:	d01a      	beq.n	10005594 <process_get_descriptor+0xc0>
1000555e:	7803      	ldrb	r3, [r0, #0]
10005560:	0021      	movs	r1, r4
10005562:	0028      	movs	r0, r5
10005564:	f000 fca0 	bl	10005ea8 <tud_control_xfer>
10005568:	e00d      	b.n	10005586 <process_get_descriptor+0xb2>
1000556a:	4b10      	ldr	r3, [pc, #64]	; (100055ac <process_get_descriptor+0xd8>)
1000556c:	2b00      	cmp	r3, #0
1000556e:	d013      	beq.n	10005598 <process_get_descriptor+0xc4>
10005570:	e000      	b.n	10005574 <process_get_descriptor+0xa0>
10005572:	bf00      	nop
10005574:	1e02      	subs	r2, r0, #0
10005576:	d011      	beq.n	1000559c <process_get_descriptor+0xc8>
10005578:	7803      	ldrb	r3, [r0, #0]
1000557a:	0021      	movs	r1, r4
1000557c:	0028      	movs	r0, r5
1000557e:	f000 fc93 	bl	10005ea8 <tud_control_xfer>
10005582:	e000      	b.n	10005586 <process_get_descriptor+0xb2>
10005584:	2000      	movs	r0, #0
10005586:	bd70      	pop	{r4, r5, r6, pc}
10005588:	2000      	movs	r0, #0
1000558a:	e7fc      	b.n	10005586 <process_get_descriptor+0xb2>
1000558c:	2000      	movs	r0, #0
1000558e:	e7fa      	b.n	10005586 <process_get_descriptor+0xb2>
10005590:	2000      	movs	r0, #0
10005592:	e7f8      	b.n	10005586 <process_get_descriptor+0xb2>
10005594:	2000      	movs	r0, #0
10005596:	e7f6      	b.n	10005586 <process_get_descriptor+0xb2>
10005598:	2000      	movs	r0, #0
1000559a:	e7f4      	b.n	10005586 <process_get_descriptor+0xb2>
1000559c:	2000      	movs	r0, #0
1000559e:	e7f2      	b.n	10005586 <process_get_descriptor+0xb2>
100055a0:	100088f4 	.word	0x100088f4
	...

100055b0 <tud_mounted>:
100055b0:	4b02      	ldr	r3, [pc, #8]	; (100055bc <tud_mounted+0xc>)
100055b2:	7858      	ldrb	r0, [r3, #1]
100055b4:	1e43      	subs	r3, r0, #1
100055b6:	4198      	sbcs	r0, r3
100055b8:	b2c0      	uxtb	r0, r0
100055ba:	4770      	bx	lr
100055bc:	200010ec 	.word	0x200010ec

100055c0 <tud_suspended>:
100055c0:	4b02      	ldr	r3, [pc, #8]	; (100055cc <tud_suspended+0xc>)
100055c2:	7818      	ldrb	r0, [r3, #0]
100055c4:	0740      	lsls	r0, r0, #29
100055c6:	0fc0      	lsrs	r0, r0, #31
100055c8:	4770      	bx	lr
100055ca:	46c0      	nop			; (mov r8, r8)
100055cc:	200010ec 	.word	0x200010ec

100055d0 <tud_inited>:
100055d0:	4b03      	ldr	r3, [pc, #12]	; (100055e0 <tud_inited+0x10>)
100055d2:	7818      	ldrb	r0, [r3, #0]
100055d4:	38ff      	subs	r0, #255	; 0xff
100055d6:	1e43      	subs	r3, r0, #1
100055d8:	4198      	sbcs	r0, r3
100055da:	b2c0      	uxtb	r0, r0
100055dc:	4770      	bx	lr
100055de:	46c0      	nop			; (mov r8, r8)
100055e0:	20000c7c 	.word	0x20000c7c

100055e4 <tud_init>:
100055e4:	b570      	push	{r4, r5, r6, lr}
100055e6:	0004      	movs	r4, r0
100055e8:	f7ff fff2 	bl	100055d0 <tud_inited>
100055ec:	1e06      	subs	r6, r0, #0
100055ee:	d001      	beq.n	100055f4 <tud_init+0x10>
100055f0:	0030      	movs	r0, r6
100055f2:	bd70      	pop	{r4, r5, r6, pc}
100055f4:	2253      	movs	r2, #83	; 0x53
100055f6:	2100      	movs	r1, #0
100055f8:	4823      	ldr	r0, [pc, #140]	; (10005688 <tud_init+0xa4>)
100055fa:	f7fe ffd1 	bl	100045a0 <__wrap_memset>
100055fe:	4d23      	ldr	r5, [pc, #140]	; (1000568c <tud_init+0xa8>)
10005600:	0028      	movs	r0, r5
10005602:	f7fb fb8d 	bl	10000d20 <mutex_init>
10005606:	4b22      	ldr	r3, [pc, #136]	; (10005690 <tud_init+0xac>)
10005608:	601d      	str	r5, [r3, #0]
1000560a:	4d22      	ldr	r5, [pc, #136]	; (10005694 <tud_init+0xb0>)
1000560c:	0028      	movs	r0, r5
1000560e:	3014      	adds	r0, #20
10005610:	f7fb fbac 	bl	10000d6c <critical_section_init>
10005614:	0028      	movs	r0, r5
10005616:	f001 fbee 	bl	10006df6 <tu_fifo_clear>
1000561a:	4b1f      	ldr	r3, [pc, #124]	; (10005698 <tud_init+0xb4>)
1000561c:	601d      	str	r5, [r3, #0]
1000561e:	4b1f      	ldr	r3, [pc, #124]	; (1000569c <tud_init+0xb8>)
10005620:	2b00      	cmp	r3, #0
10005622:	d004      	beq.n	1000562e <tud_init+0x4a>
10005624:	481e      	ldr	r0, [pc, #120]	; (100056a0 <tud_init+0xbc>)
10005626:	f7ff f987 	bl	10004938 <usbd_app_driver_get_cb>
1000562a:	4b1e      	ldr	r3, [pc, #120]	; (100056a4 <tud_init+0xc0>)
1000562c:	6018      	str	r0, [r3, #0]
1000562e:	2500      	movs	r5, #0
10005630:	e00b      	b.n	1000564a <tud_init+0x66>
10005632:	006b      	lsls	r3, r5, #1
10005634:	195b      	adds	r3, r3, r5
10005636:	00da      	lsls	r2, r3, #3
10005638:	4b1a      	ldr	r3, [pc, #104]	; (100056a4 <tud_init+0xc0>)
1000563a:	681b      	ldr	r3, [r3, #0]
1000563c:	189b      	adds	r3, r3, r2
1000563e:	2b00      	cmp	r3, #0
10005640:	d0d6      	beq.n	100055f0 <tud_init+0xc>
10005642:	681b      	ldr	r3, [r3, #0]
10005644:	4798      	blx	r3
10005646:	3501      	adds	r5, #1
10005648:	b2ed      	uxtb	r5, r5
1000564a:	4b15      	ldr	r3, [pc, #84]	; (100056a0 <tud_init+0xbc>)
1000564c:	781b      	ldrb	r3, [r3, #0]
1000564e:	42ab      	cmp	r3, r5
10005650:	d310      	bcc.n	10005674 <tud_init+0x90>
10005652:	4a12      	ldr	r2, [pc, #72]	; (1000569c <tud_init+0xb8>)
10005654:	2a00      	cmp	r2, #0
10005656:	d00b      	beq.n	10005670 <tud_init+0x8c>
10005658:	42ab      	cmp	r3, r5
1000565a:	d8ea      	bhi.n	10005632 <tud_init+0x4e>
1000565c:	1aeb      	subs	r3, r5, r3
1000565e:	b2db      	uxtb	r3, r3
10005660:	2b00      	cmp	r3, #0
10005662:	d1c5      	bne.n	100055f0 <tud_init+0xc>
10005664:	005a      	lsls	r2, r3, #1
10005666:	18d2      	adds	r2, r2, r3
10005668:	00d2      	lsls	r2, r2, #3
1000566a:	4b0f      	ldr	r3, [pc, #60]	; (100056a8 <tud_init+0xc4>)
1000566c:	189b      	adds	r3, r3, r2
1000566e:	e7e6      	b.n	1000563e <tud_init+0x5a>
10005670:	002b      	movs	r3, r5
10005672:	e7f5      	b.n	10005660 <tud_init+0x7c>
10005674:	4b0d      	ldr	r3, [pc, #52]	; (100056ac <tud_init+0xc8>)
10005676:	701c      	strb	r4, [r3, #0]
10005678:	0020      	movs	r0, r4
1000567a:	f7ff fd19 	bl	100050b0 <dcd_init>
1000567e:	0020      	movs	r0, r4
10005680:	f7ff fce2 	bl	10005048 <dcd_int_enable>
10005684:	2601      	movs	r6, #1
10005686:	e7b3      	b.n	100055f0 <tud_init+0xc>
10005688:	200010ec 	.word	0x200010ec
1000568c:	200010a4 	.word	0x200010a4
10005690:	20001140 	.word	0x20001140
10005694:	20000c60 	.word	0x20000c60
10005698:	20001144 	.word	0x20001144
1000569c:	10004939 	.word	0x10004939
100056a0:	20001a21 	.word	0x20001a21
100056a4:	20000dc4 	.word	0x20000dc4
100056a8:	10008980 	.word	0x10008980
100056ac:	20000c7c 	.word	0x20000c7c

100056b0 <usbd_defer_func>:
100056b0:	b5f0      	push	{r4, r5, r6, r7, lr}
100056b2:	b085      	sub	sp, #20
100056b4:	0007      	movs	r7, r0
100056b6:	000e      	movs	r6, r1
100056b8:	0015      	movs	r5, r2
100056ba:	ac01      	add	r4, sp, #4
100056bc:	220c      	movs	r2, #12
100056be:	2100      	movs	r1, #0
100056c0:	0020      	movs	r0, r4
100056c2:	f7fe ff6d 	bl	100045a0 <__wrap_memset>
100056c6:	2308      	movs	r3, #8
100056c8:	7063      	strb	r3, [r4, #1]
100056ca:	9702      	str	r7, [sp, #8]
100056cc:	9603      	str	r6, [sp, #12]
100056ce:	0029      	movs	r1, r5
100056d0:	0020      	movs	r0, r4
100056d2:	f001 fdd1 	bl	10007278 <__dcd_event_handler_veneer>
100056d6:	b005      	add	sp, #20
100056d8:	bdf0      	pop	{r4, r5, r6, r7, pc}
	...

100056dc <usbd_edpt_open>:
100056dc:	b570      	push	{r4, r5, r6, lr}
100056de:	000c      	movs	r4, r1
100056e0:	4b09      	ldr	r3, [pc, #36]	; (10005708 <usbd_edpt_open+0x2c>)
100056e2:	781d      	ldrb	r5, [r3, #0]
100056e4:	788b      	ldrb	r3, [r1, #2]
100056e6:	2270      	movs	r2, #112	; 0x70
100056e8:	421a      	tst	r2, r3
100056ea:	d001      	beq.n	100056f0 <usbd_edpt_open+0x14>
100056ec:	2000      	movs	r0, #0
100056ee:	bd70      	pop	{r4, r5, r6, pc}
100056f0:	4b06      	ldr	r3, [pc, #24]	; (1000570c <usbd_edpt_open+0x30>)
100056f2:	7899      	ldrb	r1, [r3, #2]
100056f4:	0020      	movs	r0, r4
100056f6:	f000 ffed 	bl	100066d4 <tu_edpt_validate>
100056fa:	2800      	cmp	r0, #0
100056fc:	d0f7      	beq.n	100056ee <usbd_edpt_open+0x12>
100056fe:	0021      	movs	r1, r4
10005700:	0028      	movs	r0, r5
10005702:	f7ff fd23 	bl	1000514c <dcd_edpt_open>
10005706:	e7f2      	b.n	100056ee <usbd_edpt_open+0x12>
10005708:	20000c7c 	.word	0x20000c7c
1000570c:	200010ec 	.word	0x200010ec

10005710 <usbd_open_edpt_pair>:
10005710:	b5f8      	push	{r3, r4, r5, r6, r7, lr}
10005712:	46ce      	mov	lr, r9
10005714:	4647      	mov	r7, r8
10005716:	b580      	push	{r7, lr}
10005718:	4681      	mov	r9, r0
1000571a:	000c      	movs	r4, r1
1000571c:	0017      	movs	r7, r2
1000571e:	001e      	movs	r6, r3
10005720:	9b08      	ldr	r3, [sp, #32]
10005722:	4698      	mov	r8, r3
10005724:	2500      	movs	r5, #0
10005726:	e004      	b.n	10005732 <usbd_open_edpt_pair+0x22>
10005728:	9a09      	ldr	r2, [sp, #36]	; 0x24
1000572a:	7013      	strb	r3, [r2, #0]
1000572c:	7823      	ldrb	r3, [r4, #0]
1000572e:	18e4      	adds	r4, r4, r3
10005730:	3501      	adds	r5, #1
10005732:	42af      	cmp	r7, r5
10005734:	dd14      	ble.n	10005760 <usbd_open_edpt_pair+0x50>
10005736:	7863      	ldrb	r3, [r4, #1]
10005738:	2b05      	cmp	r3, #5
1000573a:	d116      	bne.n	1000576a <usbd_open_edpt_pair+0x5a>
1000573c:	78e1      	ldrb	r1, [r4, #3]
1000573e:	0789      	lsls	r1, r1, #30
10005740:	0f89      	lsrs	r1, r1, #30
10005742:	42b1      	cmp	r1, r6
10005744:	d113      	bne.n	1000576e <usbd_open_edpt_pair+0x5e>
10005746:	0021      	movs	r1, r4
10005748:	4648      	mov	r0, r9
1000574a:	f7ff ffc7 	bl	100056dc <usbd_edpt_open>
1000574e:	2800      	cmp	r0, #0
10005750:	d007      	beq.n	10005762 <usbd_open_edpt_pair+0x52>
10005752:	78a3      	ldrb	r3, [r4, #2]
10005754:	09da      	lsrs	r2, r3, #7
10005756:	2a01      	cmp	r2, #1
10005758:	d0e6      	beq.n	10005728 <usbd_open_edpt_pair+0x18>
1000575a:	4642      	mov	r2, r8
1000575c:	7013      	strb	r3, [r2, #0]
1000575e:	e7e5      	b.n	1000572c <usbd_open_edpt_pair+0x1c>
10005760:	2001      	movs	r0, #1
10005762:	bcc0      	pop	{r6, r7}
10005764:	46b9      	mov	r9, r7
10005766:	46b0      	mov	r8, r6
10005768:	bdf8      	pop	{r3, r4, r5, r6, r7, pc}
1000576a:	2000      	movs	r0, #0
1000576c:	e7f9      	b.n	10005762 <usbd_open_edpt_pair+0x52>
1000576e:	2000      	movs	r0, #0
10005770:	e7f7      	b.n	10005762 <usbd_open_edpt_pair+0x52>
	...

10005774 <usbd_edpt_claim>:
10005774:	b510      	push	{r4, lr}
10005776:	207f      	movs	r0, #127	; 0x7f
10005778:	4008      	ands	r0, r1
1000577a:	09c9      	lsrs	r1, r1, #7
1000577c:	0040      	lsls	r0, r0, #1
1000577e:	1840      	adds	r0, r0, r1
10005780:	3030      	adds	r0, #48	; 0x30
10005782:	4904      	ldr	r1, [pc, #16]	; (10005794 <usbd_edpt_claim+0x20>)
10005784:	1808      	adds	r0, r1, r0
10005786:	3003      	adds	r0, #3
10005788:	4b03      	ldr	r3, [pc, #12]	; (10005798 <usbd_edpt_claim+0x24>)
1000578a:	6819      	ldr	r1, [r3, #0]
1000578c:	f000 ff5c 	bl	10006648 <tu_edpt_claim>
10005790:	bd10      	pop	{r4, pc}
10005792:	46c0      	nop			; (mov r8, r8)
10005794:	200010ec 	.word	0x200010ec
10005798:	20001140 	.word	0x20001140

1000579c <usbd_edpt_release>:
1000579c:	b510      	push	{r4, lr}
1000579e:	207f      	movs	r0, #127	; 0x7f
100057a0:	4008      	ands	r0, r1
100057a2:	09c9      	lsrs	r1, r1, #7
100057a4:	0040      	lsls	r0, r0, #1
100057a6:	1840      	adds	r0, r0, r1
100057a8:	3030      	adds	r0, #48	; 0x30
100057aa:	4904      	ldr	r1, [pc, #16]	; (100057bc <usbd_edpt_release+0x20>)
100057ac:	1808      	adds	r0, r1, r0
100057ae:	3003      	adds	r0, #3
100057b0:	4b03      	ldr	r3, [pc, #12]	; (100057c0 <usbd_edpt_release+0x24>)
100057b2:	6819      	ldr	r1, [r3, #0]
100057b4:	f000 ff70 	bl	10006698 <tu_edpt_release>
100057b8:	bd10      	pop	{r4, pc}
100057ba:	46c0      	nop			; (mov r8, r8)
100057bc:	200010ec 	.word	0x200010ec
100057c0:	20001140 	.word	0x20001140

100057c4 <usbd_edpt_xfer>:
100057c4:	b5f8      	push	{r3, r4, r5, r6, r7, lr}
100057c6:	46ce      	mov	lr, r9
100057c8:	4647      	mov	r7, r8
100057ca:	b580      	push	{r7, lr}
100057cc:	4819      	ldr	r0, [pc, #100]	; (10005834 <usbd_edpt_xfer+0x70>)
100057ce:	7800      	ldrb	r0, [r0, #0]
100057d0:	257f      	movs	r5, #127	; 0x7f
100057d2:	400d      	ands	r5, r1
100057d4:	09ce      	lsrs	r6, r1, #7
100057d6:	006f      	lsls	r7, r5, #1
100057d8:	4c17      	ldr	r4, [pc, #92]	; (10005838 <usbd_edpt_xfer+0x74>)
100057da:	19e4      	adds	r4, r4, r7
100057dc:	19a4      	adds	r4, r4, r6
100057de:	3430      	adds	r4, #48	; 0x30
100057e0:	78e4      	ldrb	r4, [r4, #3]
100057e2:	07e4      	lsls	r4, r4, #31
100057e4:	d504      	bpl.n	100057f0 <usbd_edpt_xfer+0x2c>
100057e6:	2000      	movs	r0, #0
100057e8:	bcc0      	pop	{r6, r7}
100057ea:	46b9      	mov	r9, r7
100057ec:	46b0      	mov	r8, r6
100057ee:	bdf8      	pop	{r3, r4, r5, r6, r7, pc}
100057f0:	4c11      	ldr	r4, [pc, #68]	; (10005838 <usbd_edpt_xfer+0x74>)
100057f2:	19e4      	adds	r4, r4, r7
100057f4:	19a4      	adds	r4, r4, r6
100057f6:	2730      	movs	r7, #48	; 0x30
100057f8:	46b9      	mov	r9, r7
100057fa:	44a1      	add	r9, r4
100057fc:	464c      	mov	r4, r9
100057fe:	78e4      	ldrb	r4, [r4, #3]
10005800:	2701      	movs	r7, #1
10005802:	46bc      	mov	ip, r7
10005804:	4667      	mov	r7, ip
10005806:	433c      	orrs	r4, r7
10005808:	0027      	movs	r7, r4
1000580a:	464c      	mov	r4, r9
1000580c:	70e7      	strb	r7, [r4, #3]
1000580e:	f7ff fcc1 	bl	10005194 <dcd_edpt_xfer>
10005812:	2800      	cmp	r0, #0
10005814:	d1e8      	bne.n	100057e8 <usbd_edpt_xfer+0x24>
10005816:	006d      	lsls	r5, r5, #1
10005818:	4b07      	ldr	r3, [pc, #28]	; (10005838 <usbd_edpt_xfer+0x74>)
1000581a:	195d      	adds	r5, r3, r5
1000581c:	19ae      	adds	r6, r5, r6
1000581e:	3630      	adds	r6, #48	; 0x30
10005820:	78f3      	ldrb	r3, [r6, #3]
10005822:	2201      	movs	r2, #1
10005824:	4393      	bics	r3, r2
10005826:	70f3      	strb	r3, [r6, #3]
10005828:	78f3      	ldrb	r3, [r6, #3]
1000582a:	3203      	adds	r2, #3
1000582c:	4393      	bics	r3, r2
1000582e:	70f3      	strb	r3, [r6, #3]
10005830:	e7da      	b.n	100057e8 <usbd_edpt_xfer+0x24>
10005832:	46c0      	nop			; (mov r8, r8)
10005834:	20000c7c 	.word	0x20000c7c
10005838:	200010ec 	.word	0x200010ec

1000583c <usbd_edpt_stall>:
1000583c:	b570      	push	{r4, r5, r6, lr}
1000583e:	4b0f      	ldr	r3, [pc, #60]	; (1000587c <usbd_edpt_stall+0x40>)
10005840:	7818      	ldrb	r0, [r3, #0]
10005842:	247f      	movs	r4, #127	; 0x7f
10005844:	400c      	ands	r4, r1
10005846:	09cd      	lsrs	r5, r1, #7
10005848:	0062      	lsls	r2, r4, #1
1000584a:	4b0d      	ldr	r3, [pc, #52]	; (10005880 <usbd_edpt_stall+0x44>)
1000584c:	189b      	adds	r3, r3, r2
1000584e:	195b      	adds	r3, r3, r5
10005850:	3330      	adds	r3, #48	; 0x30
10005852:	78db      	ldrb	r3, [r3, #3]
10005854:	079b      	lsls	r3, r3, #30
10005856:	d500      	bpl.n	1000585a <usbd_edpt_stall+0x1e>
10005858:	bd70      	pop	{r4, r5, r6, pc}
1000585a:	f7ff fcb5 	bl	100051c8 <dcd_edpt_stall>
1000585e:	0063      	lsls	r3, r4, #1
10005860:	4c07      	ldr	r4, [pc, #28]	; (10005880 <usbd_edpt_stall+0x44>)
10005862:	18e4      	adds	r4, r4, r3
10005864:	1964      	adds	r4, r4, r5
10005866:	3430      	adds	r4, #48	; 0x30
10005868:	78e3      	ldrb	r3, [r4, #3]
1000586a:	2202      	movs	r2, #2
1000586c:	4313      	orrs	r3, r2
1000586e:	70e3      	strb	r3, [r4, #3]
10005870:	78e3      	ldrb	r3, [r4, #3]
10005872:	2201      	movs	r2, #1
10005874:	4313      	orrs	r3, r2
10005876:	70e3      	strb	r3, [r4, #3]
10005878:	e7ee      	b.n	10005858 <usbd_edpt_stall+0x1c>
1000587a:	46c0      	nop			; (mov r8, r8)
1000587c:	20000c7c 	.word	0x20000c7c
10005880:	200010ec 	.word	0x200010ec

10005884 <usbd_edpt_clear_stall>:
10005884:	b570      	push	{r4, r5, r6, lr}
10005886:	4b0f      	ldr	r3, [pc, #60]	; (100058c4 <usbd_edpt_clear_stall+0x40>)
10005888:	7818      	ldrb	r0, [r3, #0]
1000588a:	247f      	movs	r4, #127	; 0x7f
1000588c:	400c      	ands	r4, r1
1000588e:	09cd      	lsrs	r5, r1, #7
10005890:	0062      	lsls	r2, r4, #1
10005892:	4b0d      	ldr	r3, [pc, #52]	; (100058c8 <usbd_edpt_clear_stall+0x44>)
10005894:	189b      	adds	r3, r3, r2
10005896:	195b      	adds	r3, r3, r5
10005898:	3330      	adds	r3, #48	; 0x30
1000589a:	78db      	ldrb	r3, [r3, #3]
1000589c:	079b      	lsls	r3, r3, #30
1000589e:	d400      	bmi.n	100058a2 <usbd_edpt_clear_stall+0x1e>
100058a0:	bd70      	pop	{r4, r5, r6, pc}
100058a2:	f7ff fca7 	bl	100051f4 <dcd_edpt_clear_stall>
100058a6:	0063      	lsls	r3, r4, #1
100058a8:	4c07      	ldr	r4, [pc, #28]	; (100058c8 <usbd_edpt_clear_stall+0x44>)
100058aa:	18e4      	adds	r4, r4, r3
100058ac:	1964      	adds	r4, r4, r5
100058ae:	3430      	adds	r4, #48	; 0x30
100058b0:	78e3      	ldrb	r3, [r4, #3]
100058b2:	2202      	movs	r2, #2
100058b4:	4393      	bics	r3, r2
100058b6:	70e3      	strb	r3, [r4, #3]
100058b8:	78e3      	ldrb	r3, [r4, #3]
100058ba:	3a01      	subs	r2, #1
100058bc:	4393      	bics	r3, r2
100058be:	70e3      	strb	r3, [r4, #3]
100058c0:	e7ee      	b.n	100058a0 <usbd_edpt_clear_stall+0x1c>
100058c2:	46c0      	nop			; (mov r8, r8)
100058c4:	20000c7c 	.word	0x20000c7c
100058c8:	200010ec 	.word	0x200010ec

100058cc <usbd_edpt_stalled>:
100058cc:	227f      	movs	r2, #127	; 0x7f
100058ce:	400a      	ands	r2, r1
100058d0:	09cb      	lsrs	r3, r1, #7
100058d2:	0052      	lsls	r2, r2, #1
100058d4:	4903      	ldr	r1, [pc, #12]	; (100058e4 <usbd_edpt_stalled+0x18>)
100058d6:	1889      	adds	r1, r1, r2
100058d8:	18c9      	adds	r1, r1, r3
100058da:	3130      	adds	r1, #48	; 0x30
100058dc:	78c8      	ldrb	r0, [r1, #3]
100058de:	0780      	lsls	r0, r0, #30
100058e0:	0fc0      	lsrs	r0, r0, #31
100058e2:	4770      	bx	lr
100058e4:	200010ec 	.word	0x200010ec

100058e8 <process_control_request>:
100058e8:	b5f0      	push	{r4, r5, r6, r7, lr}
100058ea:	46c6      	mov	lr, r8
100058ec:	b500      	push	{lr}
100058ee:	b082      	sub	sp, #8
100058f0:	0005      	movs	r5, r0
100058f2:	000c      	movs	r4, r1
100058f4:	2000      	movs	r0, #0
100058f6:	f000 fb1b 	bl	10005f30 <usbd_control_set_complete_callback>
100058fa:	7823      	ldrb	r3, [r4, #0]
100058fc:	2260      	movs	r2, #96	; 0x60
100058fe:	4013      	ands	r3, r2
10005900:	2b60      	cmp	r3, #96	; 0x60
10005902:	d100      	bne.n	10005906 <process_control_request+0x1e>
10005904:	e185      	b.n	10005c12 <process_control_request+0x32a>
10005906:	2b40      	cmp	r3, #64	; 0x40
10005908:	d00f      	beq.n	1000592a <process_control_request+0x42>
1000590a:	7822      	ldrb	r2, [r4, #0]
1000590c:	06d2      	lsls	r2, r2, #27
1000590e:	0ed2      	lsrs	r2, r2, #27
10005910:	2a01      	cmp	r2, #1
10005912:	d100      	bne.n	10005916 <process_control_request+0x2e>
10005914:	e0c9      	b.n	10005aaa <process_control_request+0x1c2>
10005916:	2a02      	cmp	r2, #2
10005918:	d100      	bne.n	1000591c <process_control_request+0x34>
1000591a:	e10f      	b.n	10005b3c <process_control_request+0x254>
1000591c:	2a00      	cmp	r2, #0
1000591e:	d011      	beq.n	10005944 <process_control_request+0x5c>
10005920:	2000      	movs	r0, #0
10005922:	b002      	add	sp, #8
10005924:	bc80      	pop	{r7}
10005926:	46b8      	mov	r8, r7
10005928:	bdf0      	pop	{r4, r5, r6, r7, pc}
1000592a:	4bc7      	ldr	r3, [pc, #796]	; (10005c48 <process_control_request+0x360>)
1000592c:	2b00      	cmp	r3, #0
1000592e:	d100      	bne.n	10005932 <process_control_request+0x4a>
10005930:	e171      	b.n	10005c16 <process_control_request+0x32e>
10005932:	0018      	movs	r0, r3
10005934:	f000 fafc 	bl	10005f30 <usbd_control_set_complete_callback>
10005938:	0022      	movs	r2, r4
1000593a:	2101      	movs	r1, #1
1000593c:	0028      	movs	r0, r5
1000593e:	e000      	b.n	10005942 <process_control_request+0x5a>
10005940:	bf00      	nop
10005942:	e7ee      	b.n	10005922 <process_control_request+0x3a>
10005944:	2b20      	cmp	r3, #32
10005946:	d00a      	beq.n	1000595e <process_control_request+0x76>
10005948:	2b00      	cmp	r3, #0
1000594a:	d000      	beq.n	1000594e <process_control_request+0x66>
1000594c:	e16b      	b.n	10005c26 <process_control_request+0x33e>
1000594e:	7863      	ldrb	r3, [r4, #1]
10005950:	2b09      	cmp	r3, #9
10005952:	d900      	bls.n	10005956 <process_control_request+0x6e>
10005954:	e169      	b.n	10005c2a <process_control_request+0x342>
10005956:	009b      	lsls	r3, r3, #2
10005958:	4abc      	ldr	r2, [pc, #752]	; (10005c4c <process_control_request+0x364>)
1000595a:	58d3      	ldr	r3, [r2, r3]
1000595c:	469f      	mov	pc, r3
1000595e:	7923      	ldrb	r3, [r4, #4]
10005960:	2b0f      	cmp	r3, #15
10005962:	d900      	bls.n	10005966 <process_control_request+0x7e>
10005964:	e159      	b.n	10005c1a <process_control_request+0x332>
10005966:	4aba      	ldr	r2, [pc, #744]	; (10005c50 <process_control_request+0x368>)
10005968:	18d3      	adds	r3, r2, r3
1000596a:	78db      	ldrb	r3, [r3, #3]
1000596c:	4ab9      	ldr	r2, [pc, #740]	; (10005c54 <process_control_request+0x36c>)
1000596e:	2a00      	cmp	r2, #0
10005970:	d005      	beq.n	1000597e <process_control_request+0x96>
10005972:	4ab9      	ldr	r2, [pc, #740]	; (10005c58 <process_control_request+0x370>)
10005974:	7812      	ldrb	r2, [r2, #0]
10005976:	4293      	cmp	r3, r2
10005978:	d311      	bcc.n	1000599e <process_control_request+0xb6>
1000597a:	1a9b      	subs	r3, r3, r2
1000597c:	b2db      	uxtb	r3, r3
1000597e:	2b00      	cmp	r3, #0
10005980:	d000      	beq.n	10005984 <process_control_request+0x9c>
10005982:	e14c      	b.n	10005c1e <process_control_request+0x336>
10005984:	0059      	lsls	r1, r3, #1
10005986:	18cb      	adds	r3, r1, r3
10005988:	00db      	lsls	r3, r3, #3
1000598a:	49b4      	ldr	r1, [pc, #720]	; (10005c5c <process_control_request+0x374>)
1000598c:	18c9      	adds	r1, r1, r3
1000598e:	2900      	cmp	r1, #0
10005990:	d100      	bne.n	10005994 <process_control_request+0xac>
10005992:	e146      	b.n	10005c22 <process_control_request+0x33a>
10005994:	0022      	movs	r2, r4
10005996:	0028      	movs	r0, r5
10005998:	f7ff fcd2 	bl	10005340 <invoke_class_control>
1000599c:	e7c1      	b.n	10005922 <process_control_request+0x3a>
1000599e:	0059      	lsls	r1, r3, #1
100059a0:	18cb      	adds	r3, r1, r3
100059a2:	00db      	lsls	r3, r3, #3
100059a4:	4aae      	ldr	r2, [pc, #696]	; (10005c60 <process_control_request+0x378>)
100059a6:	6811      	ldr	r1, [r2, #0]
100059a8:	18c9      	adds	r1, r1, r3
100059aa:	e7f0      	b.n	1000598e <process_control_request+0xa6>
100059ac:	0020      	movs	r0, r4
100059ae:	f000 fac5 	bl	10005f3c <usbd_control_set_request>
100059b2:	78a1      	ldrb	r1, [r4, #2]
100059b4:	0028      	movs	r0, r5
100059b6:	f7ff fb5d 	bl	10005074 <dcd_set_address>
100059ba:	4aa5      	ldr	r2, [pc, #660]	; (10005c50 <process_control_request+0x368>)
100059bc:	7813      	ldrb	r3, [r2, #0]
100059be:	2102      	movs	r1, #2
100059c0:	430b      	orrs	r3, r1
100059c2:	7013      	strb	r3, [r2, #0]
100059c4:	2001      	movs	r0, #1
100059c6:	e7ac      	b.n	10005922 <process_control_request+0x3a>
100059c8:	4ba1      	ldr	r3, [pc, #644]	; (10005c50 <process_control_request+0x368>)
100059ca:	785b      	ldrb	r3, [r3, #1]
100059cc:	466a      	mov	r2, sp
100059ce:	3206      	adds	r2, #6
100059d0:	7013      	strb	r3, [r2, #0]
100059d2:	2301      	movs	r3, #1
100059d4:	0021      	movs	r1, r4
100059d6:	0028      	movs	r0, r5
100059d8:	f000 fa66 	bl	10005ea8 <tud_control_xfer>
100059dc:	2001      	movs	r0, #1
100059de:	e7a0      	b.n	10005922 <process_control_request+0x3a>
100059e0:	78a6      	ldrb	r6, [r4, #2]
100059e2:	4b9b      	ldr	r3, [pc, #620]	; (10005c50 <process_control_request+0x368>)
100059e4:	785b      	ldrb	r3, [r3, #1]
100059e6:	b2db      	uxtb	r3, r3
100059e8:	42b3      	cmp	r3, r6
100059ea:	d005      	beq.n	100059f8 <process_control_request+0x110>
100059ec:	4b98      	ldr	r3, [pc, #608]	; (10005c50 <process_control_request+0x368>)
100059ee:	785b      	ldrb	r3, [r3, #1]
100059f0:	2b00      	cmp	r3, #0
100059f2:	d109      	bne.n	10005a08 <process_control_request+0x120>
100059f4:	2e00      	cmp	r6, #0
100059f6:	d113      	bne.n	10005a20 <process_control_request+0x138>
100059f8:	4b95      	ldr	r3, [pc, #596]	; (10005c50 <process_control_request+0x368>)
100059fa:	705e      	strb	r6, [r3, #1]
100059fc:	0021      	movs	r1, r4
100059fe:	0028      	movs	r0, r5
10005a00:	f000 fa36 	bl	10005e70 <tud_control_status>
10005a04:	2001      	movs	r0, #1
10005a06:	e78c      	b.n	10005922 <process_control_request+0x3a>
10005a08:	0028      	movs	r0, r5
10005a0a:	f7ff fbbf 	bl	1000518c <dcd_edpt_close_all>
10005a0e:	4f90      	ldr	r7, [pc, #576]	; (10005c50 <process_control_request+0x368>)
10005a10:	78bb      	ldrb	r3, [r7, #2]
10005a12:	4698      	mov	r8, r3
10005a14:	0028      	movs	r0, r5
10005a16:	f7ff fc4b 	bl	100052b0 <configuration_reset>
10005a1a:	4643      	mov	r3, r8
10005a1c:	70bb      	strb	r3, [r7, #2]
10005a1e:	e7e9      	b.n	100059f4 <process_control_request+0x10c>
10005a20:	0031      	movs	r1, r6
10005a22:	0028      	movs	r0, r5
10005a24:	f7ff fc9a 	bl	1000535c <process_set_config>
10005a28:	2800      	cmp	r0, #0
10005a2a:	d1e5      	bne.n	100059f8 <process_control_request+0x110>
10005a2c:	e779      	b.n	10005922 <process_control_request+0x3a>
10005a2e:	0021      	movs	r1, r4
10005a30:	0028      	movs	r0, r5
10005a32:	f7ff fd4f 	bl	100054d4 <process_get_descriptor>
10005a36:	e774      	b.n	10005922 <process_control_request+0x3a>
10005a38:	78a2      	ldrb	r2, [r4, #2]
10005a3a:	78e3      	ldrb	r3, [r4, #3]
10005a3c:	021b      	lsls	r3, r3, #8
10005a3e:	4313      	orrs	r3, r2
10005a40:	2b01      	cmp	r3, #1
10005a42:	d001      	beq.n	10005a48 <process_control_request+0x160>
10005a44:	2000      	movs	r0, #0
10005a46:	e76c      	b.n	10005922 <process_control_request+0x3a>
10005a48:	4a81      	ldr	r2, [pc, #516]	; (10005c50 <process_control_request+0x368>)
10005a4a:	7813      	ldrb	r3, [r2, #0]
10005a4c:	2108      	movs	r1, #8
10005a4e:	430b      	orrs	r3, r1
10005a50:	7013      	strb	r3, [r2, #0]
10005a52:	0021      	movs	r1, r4
10005a54:	0028      	movs	r0, r5
10005a56:	f000 fa0b 	bl	10005e70 <tud_control_status>
10005a5a:	2001      	movs	r0, #1
10005a5c:	e761      	b.n	10005922 <process_control_request+0x3a>
10005a5e:	78a2      	ldrb	r2, [r4, #2]
10005a60:	78e3      	ldrb	r3, [r4, #3]
10005a62:	021b      	lsls	r3, r3, #8
10005a64:	4313      	orrs	r3, r2
10005a66:	2b01      	cmp	r3, #1
10005a68:	d001      	beq.n	10005a6e <process_control_request+0x186>
10005a6a:	2000      	movs	r0, #0
10005a6c:	e759      	b.n	10005922 <process_control_request+0x3a>
10005a6e:	4a78      	ldr	r2, [pc, #480]	; (10005c50 <process_control_request+0x368>)
10005a70:	7813      	ldrb	r3, [r2, #0]
10005a72:	2108      	movs	r1, #8
10005a74:	438b      	bics	r3, r1
10005a76:	7013      	strb	r3, [r2, #0]
10005a78:	0021      	movs	r1, r4
10005a7a:	0028      	movs	r0, r5
10005a7c:	f000 f9f8 	bl	10005e70 <tud_control_status>
10005a80:	2001      	movs	r0, #1
10005a82:	e74e      	b.n	10005922 <process_control_request+0x3a>
10005a84:	4b72      	ldr	r3, [pc, #456]	; (10005c50 <process_control_request+0x368>)
10005a86:	781a      	ldrb	r2, [r3, #0]
10005a88:	0951      	lsrs	r1, r2, #5
10005a8a:	0892      	lsrs	r2, r2, #2
10005a8c:	2301      	movs	r3, #1
10005a8e:	400b      	ands	r3, r1
10005a90:	2102      	movs	r1, #2
10005a92:	400a      	ands	r2, r1
10005a94:	4313      	orrs	r3, r2
10005a96:	466a      	mov	r2, sp
10005a98:	3206      	adds	r2, #6
10005a9a:	8013      	strh	r3, [r2, #0]
10005a9c:	2302      	movs	r3, #2
10005a9e:	0021      	movs	r1, r4
10005aa0:	0028      	movs	r0, r5
10005aa2:	f000 fa01 	bl	10005ea8 <tud_control_xfer>
10005aa6:	2001      	movs	r0, #1
10005aa8:	e73b      	b.n	10005922 <process_control_request+0x3a>
10005aaa:	7923      	ldrb	r3, [r4, #4]
10005aac:	2b0f      	cmp	r3, #15
10005aae:	d900      	bls.n	10005ab2 <process_control_request+0x1ca>
10005ab0:	e0bd      	b.n	10005c2e <process_control_request+0x346>
10005ab2:	4a67      	ldr	r2, [pc, #412]	; (10005c50 <process_control_request+0x368>)
10005ab4:	18d3      	adds	r3, r2, r3
10005ab6:	78d9      	ldrb	r1, [r3, #3]
10005ab8:	4b66      	ldr	r3, [pc, #408]	; (10005c54 <process_control_request+0x36c>)
10005aba:	2b00      	cmp	r3, #0
10005abc:	d005      	beq.n	10005aca <process_control_request+0x1e2>
10005abe:	4b66      	ldr	r3, [pc, #408]	; (10005c58 <process_control_request+0x370>)
10005ac0:	781b      	ldrb	r3, [r3, #0]
10005ac2:	4299      	cmp	r1, r3
10005ac4:	d328      	bcc.n	10005b18 <process_control_request+0x230>
10005ac6:	1ac9      	subs	r1, r1, r3
10005ac8:	b2c9      	uxtb	r1, r1
10005aca:	2900      	cmp	r1, #0
10005acc:	d000      	beq.n	10005ad0 <process_control_request+0x1e8>
10005ace:	e0b0      	b.n	10005c32 <process_control_request+0x34a>
10005ad0:	004b      	lsls	r3, r1, #1
10005ad2:	185b      	adds	r3, r3, r1
10005ad4:	00db      	lsls	r3, r3, #3
10005ad6:	4961      	ldr	r1, [pc, #388]	; (10005c5c <process_control_request+0x374>)
10005ad8:	18c9      	adds	r1, r1, r3
10005ada:	2900      	cmp	r1, #0
10005adc:	d100      	bne.n	10005ae0 <process_control_request+0x1f8>
10005ade:	e0aa      	b.n	10005c36 <process_control_request+0x34e>
10005ae0:	0022      	movs	r2, r4
10005ae2:	0028      	movs	r0, r5
10005ae4:	f7ff fc2c 	bl	10005340 <invoke_class_control>
10005ae8:	2800      	cmp	r0, #0
10005aea:	d000      	beq.n	10005aee <process_control_request+0x206>
10005aec:	e719      	b.n	10005922 <process_control_request+0x3a>
10005aee:	7823      	ldrb	r3, [r4, #0]
10005af0:	2260      	movs	r2, #96	; 0x60
10005af2:	421a      	tst	r2, r3
10005af4:	d000      	beq.n	10005af8 <process_control_request+0x210>
10005af6:	e714      	b.n	10005922 <process_control_request+0x3a>
10005af8:	7863      	ldrb	r3, [r4, #1]
10005afa:	3b0a      	subs	r3, #10
10005afc:	2b01      	cmp	r3, #1
10005afe:	d900      	bls.n	10005b02 <process_control_request+0x21a>
10005b00:	e70f      	b.n	10005922 <process_control_request+0x3a>
10005b02:	f000 fa15 	bl	10005f30 <usbd_control_set_complete_callback>
10005b06:	7863      	ldrb	r3, [r4, #1]
10005b08:	2b0a      	cmp	r3, #10
10005b0a:	d00c      	beq.n	10005b26 <process_control_request+0x23e>
10005b0c:	0021      	movs	r1, r4
10005b0e:	0028      	movs	r0, r5
10005b10:	f000 f9ae 	bl	10005e70 <tud_control_status>
10005b14:	2001      	movs	r0, #1
10005b16:	e704      	b.n	10005922 <process_control_request+0x3a>
10005b18:	004b      	lsls	r3, r1, #1
10005b1a:	185b      	adds	r3, r3, r1
10005b1c:	00db      	lsls	r3, r3, #3
10005b1e:	4a50      	ldr	r2, [pc, #320]	; (10005c60 <process_control_request+0x378>)
10005b20:	6811      	ldr	r1, [r2, #0]
10005b22:	18c9      	adds	r1, r1, r3
10005b24:	e7d9      	b.n	10005ada <process_control_request+0x1f2>
10005b26:	466b      	mov	r3, sp
10005b28:	1d9a      	adds	r2, r3, #6
10005b2a:	2300      	movs	r3, #0
10005b2c:	7013      	strb	r3, [r2, #0]
10005b2e:	3301      	adds	r3, #1
10005b30:	0021      	movs	r1, r4
10005b32:	0028      	movs	r0, r5
10005b34:	f000 f9b8 	bl	10005ea8 <tud_control_xfer>
10005b38:	2001      	movs	r0, #1
10005b3a:	e6f2      	b.n	10005922 <process_control_request+0x3a>
10005b3c:	7921      	ldrb	r1, [r4, #4]
10005b3e:	227f      	movs	r2, #127	; 0x7f
10005b40:	400a      	ands	r2, r1
10005b42:	09ce      	lsrs	r6, r1, #7
10005b44:	2070      	movs	r0, #112	; 0x70
10005b46:	4208      	tst	r0, r1
10005b48:	d177      	bne.n	10005c3a <process_control_request+0x352>
10005b4a:	0052      	lsls	r2, r2, #1
10005b4c:	4840      	ldr	r0, [pc, #256]	; (10005c50 <process_control_request+0x368>)
10005b4e:	1882      	adds	r2, r0, r2
10005b50:	1992      	adds	r2, r2, r6
10005b52:	7cd2      	ldrb	r2, [r2, #19]
10005b54:	483f      	ldr	r0, [pc, #252]	; (10005c54 <process_control_request+0x36c>)
10005b56:	2800      	cmp	r0, #0
10005b58:	d005      	beq.n	10005b66 <process_control_request+0x27e>
10005b5a:	483f      	ldr	r0, [pc, #252]	; (10005c58 <process_control_request+0x370>)
10005b5c:	7800      	ldrb	r0, [r0, #0]
10005b5e:	4282      	cmp	r2, r0
10005b60:	d312      	bcc.n	10005b88 <process_control_request+0x2a0>
10005b62:	1a12      	subs	r2, r2, r0
10005b64:	b2d2      	uxtb	r2, r2
10005b66:	2a00      	cmp	r2, #0
10005b68:	d115      	bne.n	10005b96 <process_control_request+0x2ae>
10005b6a:	0056      	lsls	r6, r2, #1
10005b6c:	18b2      	adds	r2, r6, r2
10005b6e:	00d2      	lsls	r2, r2, #3
10005b70:	4e3a      	ldr	r6, [pc, #232]	; (10005c5c <process_control_request+0x374>)
10005b72:	18b6      	adds	r6, r6, r2
10005b74:	2b00      	cmp	r3, #0
10005b76:	d010      	beq.n	10005b9a <process_control_request+0x2b2>
10005b78:	2e00      	cmp	r6, #0
10005b7a:	d060      	beq.n	10005c3e <process_control_request+0x356>
10005b7c:	0022      	movs	r2, r4
10005b7e:	0031      	movs	r1, r6
10005b80:	0028      	movs	r0, r5
10005b82:	f7ff fbdd 	bl	10005340 <invoke_class_control>
10005b86:	e6cc      	b.n	10005922 <process_control_request+0x3a>
10005b88:	0056      	lsls	r6, r2, #1
10005b8a:	18b2      	adds	r2, r6, r2
10005b8c:	00d2      	lsls	r2, r2, #3
10005b8e:	4834      	ldr	r0, [pc, #208]	; (10005c60 <process_control_request+0x378>)
10005b90:	6806      	ldr	r6, [r0, #0]
10005b92:	18b6      	adds	r6, r6, r2
10005b94:	e7ee      	b.n	10005b74 <process_control_request+0x28c>
10005b96:	2600      	movs	r6, #0
10005b98:	e7ec      	b.n	10005b74 <process_control_request+0x28c>
10005b9a:	7863      	ldrb	r3, [r4, #1]
10005b9c:	2b01      	cmp	r3, #1
10005b9e:	d012      	beq.n	10005bc6 <process_control_request+0x2de>
10005ba0:	2b03      	cmp	r3, #3
10005ba2:	d010      	beq.n	10005bc6 <process_control_request+0x2de>
10005ba4:	2b00      	cmp	r3, #0
10005ba6:	d001      	beq.n	10005bac <process_control_request+0x2c4>
10005ba8:	2000      	movs	r0, #0
10005baa:	e6ba      	b.n	10005922 <process_control_request+0x3a>
10005bac:	0028      	movs	r0, r5
10005bae:	f7ff fe8d 	bl	100058cc <usbd_edpt_stalled>
10005bb2:	466b      	mov	r3, sp
10005bb4:	1d9a      	adds	r2, r3, #6
10005bb6:	8010      	strh	r0, [r2, #0]
10005bb8:	2302      	movs	r3, #2
10005bba:	0021      	movs	r1, r4
10005bbc:	0028      	movs	r0, r5
10005bbe:	f000 f973 	bl	10005ea8 <tud_control_xfer>
10005bc2:	2001      	movs	r0, #1
10005bc4:	e6ad      	b.n	10005922 <process_control_request+0x3a>
10005bc6:	78a7      	ldrb	r7, [r4, #2]
10005bc8:	78e2      	ldrb	r2, [r4, #3]
10005bca:	0212      	lsls	r2, r2, #8
10005bcc:	433a      	orrs	r2, r7
10005bce:	d104      	bne.n	10005bda <process_control_request+0x2f2>
10005bd0:	2b01      	cmp	r3, #1
10005bd2:	d01a      	beq.n	10005c0a <process_control_request+0x322>
10005bd4:	0028      	movs	r0, r5
10005bd6:	f7ff fe31 	bl	1000583c <usbd_edpt_stall>
10005bda:	2e00      	cmp	r6, #0
10005bdc:	d031      	beq.n	10005c42 <process_control_request+0x35a>
10005bde:	0022      	movs	r2, r4
10005be0:	0031      	movs	r1, r6
10005be2:	0028      	movs	r0, r5
10005be4:	f7ff fbac 	bl	10005340 <invoke_class_control>
10005be8:	2000      	movs	r0, #0
10005bea:	f000 f9a1 	bl	10005f30 <usbd_control_set_complete_callback>
10005bee:	4a18      	ldr	r2, [pc, #96]	; (10005c50 <process_control_request+0x368>)
10005bf0:	2334      	movs	r3, #52	; 0x34
10005bf2:	5cd3      	ldrb	r3, [r2, r3]
10005bf4:	07db      	lsls	r3, r3, #31
10005bf6:	0fd8      	lsrs	r0, r3, #31
10005bf8:	2b00      	cmp	r3, #0
10005bfa:	d000      	beq.n	10005bfe <process_control_request+0x316>
10005bfc:	e691      	b.n	10005922 <process_control_request+0x3a>
10005bfe:	0021      	movs	r1, r4
10005c00:	0028      	movs	r0, r5
10005c02:	f000 f935 	bl	10005e70 <tud_control_status>
10005c06:	2001      	movs	r0, #1
10005c08:	e68b      	b.n	10005922 <process_control_request+0x3a>
10005c0a:	0028      	movs	r0, r5
10005c0c:	f7ff fe3a 	bl	10005884 <usbd_edpt_clear_stall>
10005c10:	e7e3      	b.n	10005bda <process_control_request+0x2f2>
10005c12:	2000      	movs	r0, #0
10005c14:	e685      	b.n	10005922 <process_control_request+0x3a>
10005c16:	2000      	movs	r0, #0
10005c18:	e683      	b.n	10005922 <process_control_request+0x3a>
10005c1a:	2000      	movs	r0, #0
10005c1c:	e681      	b.n	10005922 <process_control_request+0x3a>
10005c1e:	2000      	movs	r0, #0
10005c20:	e67f      	b.n	10005922 <process_control_request+0x3a>
10005c22:	2000      	movs	r0, #0
10005c24:	e67d      	b.n	10005922 <process_control_request+0x3a>
10005c26:	2000      	movs	r0, #0
10005c28:	e67b      	b.n	10005922 <process_control_request+0x3a>
10005c2a:	2000      	movs	r0, #0
10005c2c:	e679      	b.n	10005922 <process_control_request+0x3a>
10005c2e:	2000      	movs	r0, #0
10005c30:	e677      	b.n	10005922 <process_control_request+0x3a>
10005c32:	2000      	movs	r0, #0
10005c34:	e675      	b.n	10005922 <process_control_request+0x3a>
10005c36:	2000      	movs	r0, #0
10005c38:	e673      	b.n	10005922 <process_control_request+0x3a>
10005c3a:	2000      	movs	r0, #0
10005c3c:	e671      	b.n	10005922 <process_control_request+0x3a>
10005c3e:	2000      	movs	r0, #0
10005c40:	e66f      	b.n	10005922 <process_control_request+0x3a>
10005c42:	2001      	movs	r0, #1
10005c44:	e66d      	b.n	10005922 <process_control_request+0x3a>
10005c46:	46c0      	nop			; (mov r8, r8)
10005c48:	00000000 	.word	0x00000000
10005c4c:	10008934 	.word	0x10008934
10005c50:	200010ec 	.word	0x200010ec
10005c54:	10004939 	.word	0x10004939
10005c58:	20001a21 	.word	0x20001a21
10005c5c:	10008980 	.word	0x10008980
10005c60:	20000dc4 	.word	0x20000dc4

10005c64 <tud_task_ext>:
10005c64:	b530      	push	{r4, r5, lr}
10005c66:	b085      	sub	sp, #20
10005c68:	f000 fce7 	bl	1000663a <tusb_inited>
10005c6c:	2800      	cmp	r0, #0
10005c6e:	d108      	bne.n	10005c82 <tud_task_ext+0x1e>
10005c70:	b005      	add	sp, #20
10005c72:	bd30      	pop	{r4, r5, pc}
10005c74:	ac01      	add	r4, sp, #4
10005c76:	7820      	ldrb	r0, [r4, #0]
10005c78:	f7ff fb5c 	bl	10005334 <usbd_reset>
10005c7c:	7922      	ldrb	r2, [r4, #4]
10005c7e:	4b5c      	ldr	r3, [pc, #368]	; (10005df0 <tud_task_ext+0x18c>)
10005c80:	709a      	strb	r2, [r3, #2]
10005c82:	4b5c      	ldr	r3, [pc, #368]	; (10005df4 <tud_task_ext+0x190>)
10005c84:	681c      	ldr	r4, [r3, #0]
10005c86:	6962      	ldr	r2, [r4, #20]
10005c88:	f3ef 8110 	mrs	r1, PRIMASK
10005c8c:	b672      	cpsid	i
10005c8e:	6813      	ldr	r3, [r2, #0]
10005c90:	2b00      	cmp	r3, #0
10005c92:	d0fc      	beq.n	10005c8e <tud_task_ext+0x2a>
10005c94:	f3bf 8f5f 	dmb	sy
10005c98:	61a1      	str	r1, [r4, #24]
10005c9a:	a901      	add	r1, sp, #4
10005c9c:	0020      	movs	r0, r4
10005c9e:	f001 f84d 	bl	10006d3c <tu_fifo_read>
10005ca2:	6962      	ldr	r2, [r4, #20]
10005ca4:	69a3      	ldr	r3, [r4, #24]
10005ca6:	f3bf 8f5f 	dmb	sy
10005caa:	2100      	movs	r1, #0
10005cac:	6011      	str	r1, [r2, #0]
10005cae:	f383 8810 	msr	PRIMASK, r3
10005cb2:	2800      	cmp	r0, #0
10005cb4:	d0dc      	beq.n	10005c70 <tud_task_ext+0xc>
10005cb6:	ab01      	add	r3, sp, #4
10005cb8:	785b      	ldrb	r3, [r3, #1]
10005cba:	2b08      	cmp	r3, #8
10005cbc:	d8e1      	bhi.n	10005c82 <tud_task_ext+0x1e>
10005cbe:	009b      	lsls	r3, r3, #2
10005cc0:	4a4d      	ldr	r2, [pc, #308]	; (10005df8 <tud_task_ext+0x194>)
10005cc2:	58d3      	ldr	r3, [r2, r3]
10005cc4:	469f      	mov	pc, r3
10005cc6:	ab01      	add	r3, sp, #4
10005cc8:	7818      	ldrb	r0, [r3, #0]
10005cca:	f7ff fb33 	bl	10005334 <usbd_reset>
10005cce:	4b4b      	ldr	r3, [pc, #300]	; (10005dfc <tud_task_ext+0x198>)
10005cd0:	2b00      	cmp	r3, #0
10005cd2:	d0d6      	beq.n	10005c82 <tud_task_ext+0x1e>
10005cd4:	e000      	b.n	10005cd8 <tud_task_ext+0x74>
10005cd6:	bf00      	nop
10005cd8:	e7d3      	b.n	10005c82 <tud_task_ext+0x1e>
10005cda:	4b45      	ldr	r3, [pc, #276]	; (10005df0 <tud_task_ext+0x18c>)
10005cdc:	781a      	ldrb	r2, [r3, #0]
10005cde:	2401      	movs	r4, #1
10005ce0:	2101      	movs	r1, #1
10005ce2:	430a      	orrs	r2, r1
10005ce4:	701a      	strb	r2, [r3, #0]
10005ce6:	2233      	movs	r2, #51	; 0x33
10005ce8:	5c99      	ldrb	r1, [r3, r2]
10005cea:	43a1      	bics	r1, r4
10005cec:	5499      	strb	r1, [r3, r2]
10005cee:	5c99      	ldrb	r1, [r3, r2]
10005cf0:	2004      	movs	r0, #4
10005cf2:	4381      	bics	r1, r0
10005cf4:	5499      	strb	r1, [r3, r2]
10005cf6:	3201      	adds	r2, #1
10005cf8:	5c99      	ldrb	r1, [r3, r2]
10005cfa:	43a1      	bics	r1, r4
10005cfc:	5499      	strb	r1, [r3, r2]
10005cfe:	5c99      	ldrb	r1, [r3, r2]
10005d00:	4381      	bics	r1, r0
10005d02:	5499      	strb	r1, [r3, r2]
10005d04:	ab01      	add	r3, sp, #4
10005d06:	7818      	ldrb	r0, [r3, #0]
10005d08:	a902      	add	r1, sp, #8
10005d0a:	f7ff fded 	bl	100058e8 <process_control_request>
10005d0e:	2800      	cmp	r0, #0
10005d10:	d1b7      	bne.n	10005c82 <tud_task_ext+0x1e>
10005d12:	ac01      	add	r4, sp, #4
10005d14:	7820      	ldrb	r0, [r4, #0]
10005d16:	2100      	movs	r1, #0
10005d18:	f7ff fa56 	bl	100051c8 <dcd_edpt_stall>
10005d1c:	7820      	ldrb	r0, [r4, #0]
10005d1e:	2180      	movs	r1, #128	; 0x80
10005d20:	f7ff fa52 	bl	100051c8 <dcd_edpt_stall>
10005d24:	e7ad      	b.n	10005c82 <tud_task_ext+0x1e>
10005d26:	ab01      	add	r3, sp, #4
10005d28:	7919      	ldrb	r1, [r3, #4]
10005d2a:	227f      	movs	r2, #127	; 0x7f
10005d2c:	400a      	ands	r2, r1
10005d2e:	09cc      	lsrs	r4, r1, #7
10005d30:	0050      	lsls	r0, r2, #1
10005d32:	4b2f      	ldr	r3, [pc, #188]	; (10005df0 <tud_task_ext+0x18c>)
10005d34:	181b      	adds	r3, r3, r0
10005d36:	191b      	adds	r3, r3, r4
10005d38:	3330      	adds	r3, #48	; 0x30
10005d3a:	78d8      	ldrb	r0, [r3, #3]
10005d3c:	2501      	movs	r5, #1
10005d3e:	43a8      	bics	r0, r5
10005d40:	70d8      	strb	r0, [r3, #3]
10005d42:	78d8      	ldrb	r0, [r3, #3]
10005d44:	3503      	adds	r5, #3
10005d46:	43a8      	bics	r0, r5
10005d48:	70d8      	strb	r0, [r3, #3]
10005d4a:	2a00      	cmp	r2, #0
10005d4c:	d01f      	beq.n	10005d8e <tud_task_ext+0x12a>
10005d4e:	0052      	lsls	r2, r2, #1
10005d50:	4b27      	ldr	r3, [pc, #156]	; (10005df0 <tud_task_ext+0x18c>)
10005d52:	189a      	adds	r2, r3, r2
10005d54:	1912      	adds	r2, r2, r4
10005d56:	7cd3      	ldrb	r3, [r2, #19]
10005d58:	4a29      	ldr	r2, [pc, #164]	; (10005e00 <tud_task_ext+0x19c>)
10005d5a:	2a00      	cmp	r2, #0
10005d5c:	d005      	beq.n	10005d6a <tud_task_ext+0x106>
10005d5e:	4a29      	ldr	r2, [pc, #164]	; (10005e04 <tud_task_ext+0x1a0>)
10005d60:	7812      	ldrb	r2, [r2, #0]
10005d62:	4293      	cmp	r3, r2
10005d64:	d31a      	bcc.n	10005d9c <tud_task_ext+0x138>
10005d66:	1a9b      	subs	r3, r3, r2
10005d68:	b2db      	uxtb	r3, r3
10005d6a:	2b00      	cmp	r3, #0
10005d6c:	d000      	beq.n	10005d70 <tud_task_ext+0x10c>
10005d6e:	e77f      	b.n	10005c70 <tud_task_ext+0xc>
10005d70:	005a      	lsls	r2, r3, #1
10005d72:	18d2      	adds	r2, r2, r3
10005d74:	00d2      	lsls	r2, r2, #3
10005d76:	4b24      	ldr	r3, [pc, #144]	; (10005e08 <tud_task_ext+0x1a4>)
10005d78:	189b      	adds	r3, r3, r2
10005d7a:	2b00      	cmp	r3, #0
10005d7c:	d100      	bne.n	10005d80 <tud_task_ext+0x11c>
10005d7e:	e777      	b.n	10005c70 <tud_task_ext+0xc>
10005d80:	691c      	ldr	r4, [r3, #16]
10005d82:	a801      	add	r0, sp, #4
10005d84:	7942      	ldrb	r2, [r0, #5]
10005d86:	9b03      	ldr	r3, [sp, #12]
10005d88:	7800      	ldrb	r0, [r0, #0]
10005d8a:	47a0      	blx	r4
10005d8c:	e779      	b.n	10005c82 <tud_task_ext+0x1e>
10005d8e:	a801      	add	r0, sp, #4
10005d90:	7942      	ldrb	r2, [r0, #5]
10005d92:	9b03      	ldr	r3, [sp, #12]
10005d94:	7800      	ldrb	r0, [r0, #0]
10005d96:	f000 f8df 	bl	10005f58 <usbd_control_xfer_cb>
10005d9a:	e772      	b.n	10005c82 <tud_task_ext+0x1e>
10005d9c:	005a      	lsls	r2, r3, #1
10005d9e:	18d2      	adds	r2, r2, r3
10005da0:	00d2      	lsls	r2, r2, #3
10005da2:	4b1a      	ldr	r3, [pc, #104]	; (10005e0c <tud_task_ext+0x1a8>)
10005da4:	681b      	ldr	r3, [r3, #0]
10005da6:	189b      	adds	r3, r3, r2
10005da8:	e7e7      	b.n	10005d7a <tud_task_ext+0x116>
10005daa:	4b11      	ldr	r3, [pc, #68]	; (10005df0 <tud_task_ext+0x18c>)
10005dac:	781b      	ldrb	r3, [r3, #0]
10005dae:	07db      	lsls	r3, r3, #31
10005db0:	d400      	bmi.n	10005db4 <tud_task_ext+0x150>
10005db2:	e766      	b.n	10005c82 <tud_task_ext+0x1e>
10005db4:	4b16      	ldr	r3, [pc, #88]	; (10005e10 <tud_task_ext+0x1ac>)
10005db6:	2b00      	cmp	r3, #0
10005db8:	d100      	bne.n	10005dbc <tud_task_ext+0x158>
10005dba:	e762      	b.n	10005c82 <tud_task_ext+0x1e>
10005dbc:	4b0c      	ldr	r3, [pc, #48]	; (10005df0 <tud_task_ext+0x18c>)
10005dbe:	7818      	ldrb	r0, [r3, #0]
10005dc0:	0700      	lsls	r0, r0, #28
10005dc2:	0fc0      	lsrs	r0, r0, #31
10005dc4:	e000      	b.n	10005dc8 <tud_task_ext+0x164>
10005dc6:	bf00      	nop
10005dc8:	e75b      	b.n	10005c82 <tud_task_ext+0x1e>
10005dca:	4b09      	ldr	r3, [pc, #36]	; (10005df0 <tud_task_ext+0x18c>)
10005dcc:	781b      	ldrb	r3, [r3, #0]
10005dce:	07db      	lsls	r3, r3, #31
10005dd0:	d400      	bmi.n	10005dd4 <tud_task_ext+0x170>
10005dd2:	e756      	b.n	10005c82 <tud_task_ext+0x1e>
10005dd4:	4b0f      	ldr	r3, [pc, #60]	; (10005e14 <tud_task_ext+0x1b0>)
10005dd6:	2b00      	cmp	r3, #0
10005dd8:	d100      	bne.n	10005ddc <tud_task_ext+0x178>
10005dda:	e752      	b.n	10005c82 <tud_task_ext+0x1e>
10005ddc:	e000      	b.n	10005de0 <tud_task_ext+0x17c>
10005dde:	bf00      	nop
10005de0:	e74f      	b.n	10005c82 <tud_task_ext+0x1e>
10005de2:	9b02      	ldr	r3, [sp, #8]
10005de4:	2b00      	cmp	r3, #0
10005de6:	d100      	bne.n	10005dea <tud_task_ext+0x186>
10005de8:	e74b      	b.n	10005c82 <tud_task_ext+0x1e>
10005dea:	9803      	ldr	r0, [sp, #12]
10005dec:	4798      	blx	r3
10005dee:	e748      	b.n	10005c82 <tud_task_ext+0x1e>
10005df0:	200010ec 	.word	0x200010ec
10005df4:	20001144 	.word	0x20001144
10005df8:	1000895c 	.word	0x1000895c
10005dfc:	00000000 	.word	0x00000000
10005e00:	10004939 	.word	0x10004939
10005e04:	20001a21 	.word	0x20001a21
10005e08:	10008980 	.word	0x10008980
10005e0c:	20000dc4 	.word	0x20000dc4
	...

10005e18 <_data_stage_xact>:
10005e18:	b5f8      	push	{r3, r4, r5, r6, r7, lr}
10005e1a:	0005      	movs	r5, r0
10005e1c:	4b12      	ldr	r3, [pc, #72]	; (10005e68 <_data_stage_xact+0x50>)
10005e1e:	899f      	ldrh	r7, [r3, #12]
10005e20:	89de      	ldrh	r6, [r3, #14]
10005e22:	1bb9      	subs	r1, r7, r6
10005e24:	b289      	uxth	r1, r1
10005e26:	1c0b      	adds	r3, r1, #0
10005e28:	2940      	cmp	r1, #64	; 0x40
10005e2a:	d900      	bls.n	10005e2e <_data_stage_xact+0x16>
10005e2c:	2340      	movs	r3, #64	; 0x40
10005e2e:	b29c      	uxth	r4, r3
10005e30:	4b0d      	ldr	r3, [pc, #52]	; (10005e68 <_data_stage_xact+0x50>)
10005e32:	781b      	ldrb	r3, [r3, #0]
10005e34:	b25b      	sxtb	r3, r3
10005e36:	2b00      	cmp	r3, #0
10005e38:	db08      	blt.n	10005e4c <_data_stage_xact+0x34>
10005e3a:	2100      	movs	r1, #0
10005e3c:	42b7      	cmp	r7, r6
10005e3e:	d011      	beq.n	10005e64 <_data_stage_xact+0x4c>
10005e40:	4a0a      	ldr	r2, [pc, #40]	; (10005e6c <_data_stage_xact+0x54>)
10005e42:	0023      	movs	r3, r4
10005e44:	0028      	movs	r0, r5
10005e46:	f7ff fcbd 	bl	100057c4 <usbd_edpt_xfer>
10005e4a:	bdf8      	pop	{r3, r4, r5, r6, r7, pc}
10005e4c:	42b7      	cmp	r7, r6
10005e4e:	d101      	bne.n	10005e54 <_data_stage_xact+0x3c>
10005e50:	2180      	movs	r1, #128	; 0x80
10005e52:	e7f3      	b.n	10005e3c <_data_stage_xact+0x24>
10005e54:	4b04      	ldr	r3, [pc, #16]	; (10005e68 <_data_stage_xact+0x50>)
10005e56:	6899      	ldr	r1, [r3, #8]
10005e58:	0022      	movs	r2, r4
10005e5a:	4804      	ldr	r0, [pc, #16]	; (10005e6c <_data_stage_xact+0x54>)
10005e5c:	f7fe fba6 	bl	100045ac <__wrap___aeabi_memcpy>
10005e60:	2180      	movs	r1, #128	; 0x80
10005e62:	e7eb      	b.n	10005e3c <_data_stage_xact+0x24>
10005e64:	2200      	movs	r2, #0
10005e66:	e7ec      	b.n	10005e42 <_data_stage_xact+0x2a>
10005e68:	20001090 	.word	0x20001090
10005e6c:	200010ac 	.word	0x200010ac

10005e70 <tud_control_status>:
10005e70:	b570      	push	{r4, r5, r6, lr}
10005e72:	0006      	movs	r6, r0
10005e74:	000c      	movs	r4, r1
10005e76:	4d0b      	ldr	r5, [pc, #44]	; (10005ea4 <tud_control_status+0x34>)
10005e78:	2208      	movs	r2, #8
10005e7a:	0028      	movs	r0, r5
10005e7c:	f7fe fb96 	bl	100045ac <__wrap___aeabi_memcpy>
10005e80:	2300      	movs	r3, #0
10005e82:	60ab      	str	r3, [r5, #8]
10005e84:	81eb      	strh	r3, [r5, #14]
10005e86:	81ab      	strh	r3, [r5, #12]
10005e88:	2300      	movs	r3, #0
10005e8a:	56e3      	ldrsb	r3, [r4, r3]
10005e8c:	2b00      	cmp	r3, #0
10005e8e:	db06      	blt.n	10005e9e <tud_control_status+0x2e>
10005e90:	2180      	movs	r1, #128	; 0x80
10005e92:	2300      	movs	r3, #0
10005e94:	2200      	movs	r2, #0
10005e96:	0030      	movs	r0, r6
10005e98:	f7ff fc94 	bl	100057c4 <usbd_edpt_xfer>
10005e9c:	bd70      	pop	{r4, r5, r6, pc}
10005e9e:	2100      	movs	r1, #0
10005ea0:	e7f7      	b.n	10005e92 <tud_control_status+0x22>
10005ea2:	46c0      	nop			; (mov r8, r8)
10005ea4:	20001090 	.word	0x20001090

10005ea8 <tud_control_xfer>:
10005ea8:	b5f0      	push	{r4, r5, r6, r7, lr}
10005eaa:	46c6      	mov	lr, r8
10005eac:	b500      	push	{lr}
10005eae:	4680      	mov	r8, r0
10005eb0:	000c      	movs	r4, r1
10005eb2:	0016      	movs	r6, r2
10005eb4:	001d      	movs	r5, r3
10005eb6:	4f18      	ldr	r7, [pc, #96]	; (10005f18 <tud_control_xfer+0x70>)
10005eb8:	2208      	movs	r2, #8
10005eba:	0038      	movs	r0, r7
10005ebc:	f7fe fb76 	bl	100045ac <__wrap___aeabi_memcpy>
10005ec0:	60be      	str	r6, [r7, #8]
10005ec2:	2300      	movs	r3, #0
10005ec4:	81fb      	strh	r3, [r7, #14]
10005ec6:	79a3      	ldrb	r3, [r4, #6]
10005ec8:	79e1      	ldrb	r1, [r4, #7]
10005eca:	0209      	lsls	r1, r1, #8
10005ecc:	4319      	orrs	r1, r3
10005ece:	1c0b      	adds	r3, r1, #0
10005ed0:	42a9      	cmp	r1, r5
10005ed2:	d900      	bls.n	10005ed6 <tud_control_xfer+0x2e>
10005ed4:	1c2b      	adds	r3, r5, #0
10005ed6:	b299      	uxth	r1, r3
10005ed8:	4a0f      	ldr	r2, [pc, #60]	; (10005f18 <tud_control_xfer+0x70>)
10005eda:	8193      	strh	r3, [r2, #12]
10005edc:	79a2      	ldrb	r2, [r4, #6]
10005ede:	79e3      	ldrb	r3, [r4, #7]
10005ee0:	021b      	lsls	r3, r3, #8
10005ee2:	4313      	orrs	r3, r2
10005ee4:	d009      	beq.n	10005efa <tud_control_xfer+0x52>
10005ee6:	2900      	cmp	r1, #0
10005ee8:	d001      	beq.n	10005eee <tud_control_xfer+0x46>
10005eea:	2e00      	cmp	r6, #0
10005eec:	d012      	beq.n	10005f14 <tud_control_xfer+0x6c>
10005eee:	4640      	mov	r0, r8
10005ef0:	f7ff ff92 	bl	10005e18 <_data_stage_xact>
10005ef4:	bc80      	pop	{r7}
10005ef6:	46b8      	mov	r8, r7
10005ef8:	bdf0      	pop	{r4, r5, r6, r7, pc}
10005efa:	2300      	movs	r3, #0
10005efc:	56e3      	ldrsb	r3, [r4, r3]
10005efe:	2b00      	cmp	r3, #0
10005f00:	db06      	blt.n	10005f10 <tud_control_xfer+0x68>
10005f02:	2180      	movs	r1, #128	; 0x80
10005f04:	2300      	movs	r3, #0
10005f06:	2200      	movs	r2, #0
10005f08:	4640      	mov	r0, r8
10005f0a:	f7ff fc5b 	bl	100057c4 <usbd_edpt_xfer>
10005f0e:	e7f1      	b.n	10005ef4 <tud_control_xfer+0x4c>
10005f10:	2100      	movs	r1, #0
10005f12:	e7f7      	b.n	10005f04 <tud_control_xfer+0x5c>
10005f14:	2000      	movs	r0, #0
10005f16:	e7ed      	b.n	10005ef4 <tud_control_xfer+0x4c>
10005f18:	20001090 	.word	0x20001090

10005f1c <usbd_control_reset>:
10005f1c:	b510      	push	{r4, lr}
10005f1e:	2214      	movs	r2, #20
10005f20:	2100      	movs	r1, #0
10005f22:	4802      	ldr	r0, [pc, #8]	; (10005f2c <usbd_control_reset+0x10>)
10005f24:	f7fe fb3c 	bl	100045a0 <__wrap_memset>
10005f28:	bd10      	pop	{r4, pc}
10005f2a:	46c0      	nop			; (mov r8, r8)
10005f2c:	20001090 	.word	0x20001090

10005f30 <usbd_control_set_complete_callback>:
10005f30:	4b01      	ldr	r3, [pc, #4]	; (10005f38 <usbd_control_set_complete_callback+0x8>)
10005f32:	6118      	str	r0, [r3, #16]
10005f34:	4770      	bx	lr
10005f36:	46c0      	nop			; (mov r8, r8)
10005f38:	20001090 	.word	0x20001090

10005f3c <usbd_control_set_request>:
10005f3c:	b510      	push	{r4, lr}
10005f3e:	0001      	movs	r1, r0
10005f40:	4c04      	ldr	r4, [pc, #16]	; (10005f54 <usbd_control_set_request+0x18>)
10005f42:	2208      	movs	r2, #8
10005f44:	0020      	movs	r0, r4
10005f46:	f7fe fb31 	bl	100045ac <__wrap___aeabi_memcpy>
10005f4a:	2300      	movs	r3, #0
10005f4c:	60a3      	str	r3, [r4, #8]
10005f4e:	81e3      	strh	r3, [r4, #14]
10005f50:	81a3      	strh	r3, [r4, #12]
10005f52:	bd10      	pop	{r4, pc}
10005f54:	20001090 	.word	0x20001090

10005f58 <usbd_control_xfer_cb>:
10005f58:	b570      	push	{r4, r5, r6, lr}
10005f5a:	0005      	movs	r5, r0
10005f5c:	001c      	movs	r4, r3
10005f5e:	09c9      	lsrs	r1, r1, #7
10005f60:	4b2d      	ldr	r3, [pc, #180]	; (10006018 <usbd_control_xfer_cb+0xc0>)
10005f62:	781b      	ldrb	r3, [r3, #0]
10005f64:	09db      	lsrs	r3, r3, #7
10005f66:	428b      	cmp	r3, r1
10005f68:	d011      	beq.n	10005f8e <usbd_control_xfer_cb+0x36>
10005f6a:	2c00      	cmp	r4, #0
10005f6c:	d150      	bne.n	10006010 <usbd_control_xfer_cb+0xb8>
10005f6e:	4b2b      	ldr	r3, [pc, #172]	; (1000601c <usbd_control_xfer_cb+0xc4>)
10005f70:	2b00      	cmp	r3, #0
10005f72:	d002      	beq.n	10005f7a <usbd_control_xfer_cb+0x22>
10005f74:	4928      	ldr	r1, [pc, #160]	; (10006018 <usbd_control_xfer_cb+0xc0>)
10005f76:	f7ff f8db 	bl	10005130 <dcd_edpt0_status_complete>
10005f7a:	4b27      	ldr	r3, [pc, #156]	; (10006018 <usbd_control_xfer_cb+0xc0>)
10005f7c:	691b      	ldr	r3, [r3, #16]
10005f7e:	2b00      	cmp	r3, #0
10005f80:	d003      	beq.n	10005f8a <usbd_control_xfer_cb+0x32>
10005f82:	4a25      	ldr	r2, [pc, #148]	; (10006018 <usbd_control_xfer_cb+0xc0>)
10005f84:	2103      	movs	r1, #3
10005f86:	0028      	movs	r0, r5
10005f88:	4798      	blx	r3
10005f8a:	2001      	movs	r0, #1
10005f8c:	bd70      	pop	{r4, r5, r6, pc}
10005f8e:	4b22      	ldr	r3, [pc, #136]	; (10006018 <usbd_control_xfer_cb+0xc0>)
10005f90:	781b      	ldrb	r3, [r3, #0]
10005f92:	b25b      	sxtb	r3, r3
10005f94:	2b00      	cmp	r3, #0
10005f96:	db07      	blt.n	10005fa8 <usbd_control_xfer_cb+0x50>
10005f98:	4b1f      	ldr	r3, [pc, #124]	; (10006018 <usbd_control_xfer_cb+0xc0>)
10005f9a:	6898      	ldr	r0, [r3, #8]
10005f9c:	2800      	cmp	r0, #0
10005f9e:	d039      	beq.n	10006014 <usbd_control_xfer_cb+0xbc>
10005fa0:	0022      	movs	r2, r4
10005fa2:	491f      	ldr	r1, [pc, #124]	; (10006020 <usbd_control_xfer_cb+0xc8>)
10005fa4:	f7fe fb02 	bl	100045ac <__wrap___aeabi_memcpy>
10005fa8:	b2a2      	uxth	r2, r4
10005faa:	491b      	ldr	r1, [pc, #108]	; (10006018 <usbd_control_xfer_cb+0xc0>)
10005fac:	89cb      	ldrh	r3, [r1, #14]
10005fae:	18d3      	adds	r3, r2, r3
10005fb0:	b29b      	uxth	r3, r3
10005fb2:	81cb      	strh	r3, [r1, #14]
10005fb4:	688a      	ldr	r2, [r1, #8]
10005fb6:	1912      	adds	r2, r2, r4
10005fb8:	608a      	str	r2, [r1, #8]
10005fba:	88ca      	ldrh	r2, [r1, #6]
10005fbc:	4293      	cmp	r3, r2
10005fbe:	d001      	beq.n	10005fc4 <usbd_control_xfer_cb+0x6c>
10005fc0:	2c3f      	cmp	r4, #63	; 0x3f
10005fc2:	d821      	bhi.n	10006008 <usbd_control_xfer_cb+0xb0>
10005fc4:	4b14      	ldr	r3, [pc, #80]	; (10006018 <usbd_control_xfer_cb+0xc0>)
10005fc6:	691b      	ldr	r3, [r3, #16]
10005fc8:	2b00      	cmp	r3, #0
10005fca:	d005      	beq.n	10005fd8 <usbd_control_xfer_cb+0x80>
10005fcc:	4a12      	ldr	r2, [pc, #72]	; (10006018 <usbd_control_xfer_cb+0xc0>)
10005fce:	2102      	movs	r1, #2
10005fd0:	0028      	movs	r0, r5
10005fd2:	4798      	blx	r3
10005fd4:	2800      	cmp	r0, #0
10005fd6:	d00d      	beq.n	10005ff4 <usbd_control_xfer_cb+0x9c>
10005fd8:	4b0f      	ldr	r3, [pc, #60]	; (10006018 <usbd_control_xfer_cb+0xc0>)
10005fda:	781b      	ldrb	r3, [r3, #0]
10005fdc:	b25b      	sxtb	r3, r3
10005fde:	2b00      	cmp	r3, #0
10005fe0:	db06      	blt.n	10005ff0 <usbd_control_xfer_cb+0x98>
10005fe2:	2180      	movs	r1, #128	; 0x80
10005fe4:	2300      	movs	r3, #0
10005fe6:	2200      	movs	r2, #0
10005fe8:	0028      	movs	r0, r5
10005fea:	f7ff fbeb 	bl	100057c4 <usbd_edpt_xfer>
10005fee:	e7cd      	b.n	10005f8c <usbd_control_xfer_cb+0x34>
10005ff0:	2100      	movs	r1, #0
10005ff2:	e7f7      	b.n	10005fe4 <usbd_control_xfer_cb+0x8c>
10005ff4:	2100      	movs	r1, #0
10005ff6:	0028      	movs	r0, r5
10005ff8:	f7ff f8e6 	bl	100051c8 <dcd_edpt_stall>
10005ffc:	2180      	movs	r1, #128	; 0x80
10005ffe:	0028      	movs	r0, r5
10006000:	f7ff f8e2 	bl	100051c8 <dcd_edpt_stall>
10006004:	2001      	movs	r0, #1
10006006:	e7c1      	b.n	10005f8c <usbd_control_xfer_cb+0x34>
10006008:	0028      	movs	r0, r5
1000600a:	f7ff ff05 	bl	10005e18 <_data_stage_xact>
1000600e:	e7bd      	b.n	10005f8c <usbd_control_xfer_cb+0x34>
10006010:	2000      	movs	r0, #0
10006012:	e7bb      	b.n	10005f8c <usbd_control_xfer_cb+0x34>
10006014:	2000      	movs	r0, #0
10006016:	e7b9      	b.n	10005f8c <usbd_control_xfer_cb+0x34>
10006018:	20001090 	.word	0x20001090
1000601c:	10005131 	.word	0x10005131
10006020:	200010ac 	.word	0x200010ac

10006024 <_prep_out_transaction>:
10006024:	b570      	push	{r4, r5, r6, lr}
10006026:	0004      	movs	r4, r0
10006028:	0005      	movs	r5, r0
1000602a:	3510      	adds	r5, #16
1000602c:	0028      	movs	r0, r5
1000602e:	f000 fe6f 	bl	10006d10 <tu_fifo_remaining>
10006032:	283f      	cmp	r0, #63	; 0x3f
10006034:	d801      	bhi.n	1000603a <_prep_out_transaction+0x16>
10006036:	2000      	movs	r0, #0
10006038:	bd70      	pop	{r4, r5, r6, pc}
1000603a:	78e1      	ldrb	r1, [r4, #3]
1000603c:	2000      	movs	r0, #0
1000603e:	f7ff fb99 	bl	10005774 <usbd_edpt_claim>
10006042:	2800      	cmp	r0, #0
10006044:	d0f8      	beq.n	10006038 <_prep_out_transaction+0x14>
10006046:	0028      	movs	r0, r5
10006048:	f000 fe62 	bl	10006d10 <tu_fifo_remaining>
1000604c:	283f      	cmp	r0, #63	; 0x3f
1000604e:	d908      	bls.n	10006062 <_prep_out_transaction+0x3e>
10006050:	2392      	movs	r3, #146	; 0x92
10006052:	009b      	lsls	r3, r3, #2
10006054:	18e2      	adds	r2, r4, r3
10006056:	78e1      	ldrb	r1, [r4, #3]
10006058:	2340      	movs	r3, #64	; 0x40
1000605a:	2000      	movs	r0, #0
1000605c:	f7ff fbb2 	bl	100057c4 <usbd_edpt_xfer>
10006060:	e7ea      	b.n	10006038 <_prep_out_transaction+0x14>
10006062:	78e1      	ldrb	r1, [r4, #3]
10006064:	2000      	movs	r0, #0
10006066:	f7ff fb99 	bl	1000579c <usbd_edpt_release>
1000606a:	2000      	movs	r0, #0
1000606c:	e7e4      	b.n	10006038 <_prep_out_transaction+0x14>
	...

10006070 <tud_cdc_n_connected>:
10006070:	b510      	push	{r4, lr}
10006072:	0004      	movs	r4, r0
10006074:	f7ff fa9c 	bl	100055b0 <tud_mounted>
10006078:	2800      	cmp	r0, #0
1000607a:	d10c      	bne.n	10006096 <tud_cdc_n_connected+0x26>
1000607c:	2200      	movs	r2, #0
1000607e:	2a00      	cmp	r2, #0
10006080:	d011      	beq.n	100060a6 <tud_cdc_n_connected+0x36>
10006082:	23b2      	movs	r3, #178	; 0xb2
10006084:	009b      	lsls	r3, r3, #2
10006086:	4363      	muls	r3, r4
10006088:	4809      	ldr	r0, [pc, #36]	; (100060b0 <tud_cdc_n_connected+0x40>)
1000608a:	18c0      	adds	r0, r0, r3
1000608c:	7903      	ldrb	r3, [r0, #4]
1000608e:	07db      	lsls	r3, r3, #31
10006090:	d50b      	bpl.n	100060aa <tud_cdc_n_connected+0x3a>
10006092:	2001      	movs	r0, #1
10006094:	e008      	b.n	100060a8 <tud_cdc_n_connected+0x38>
10006096:	f7ff fa93 	bl	100055c0 <tud_suspended>
1000609a:	2800      	cmp	r0, #0
1000609c:	d101      	bne.n	100060a2 <tud_cdc_n_connected+0x32>
1000609e:	2201      	movs	r2, #1
100060a0:	e7ed      	b.n	1000607e <tud_cdc_n_connected+0xe>
100060a2:	2200      	movs	r2, #0
100060a4:	e7eb      	b.n	1000607e <tud_cdc_n_connected+0xe>
100060a6:	2000      	movs	r0, #0
100060a8:	bd10      	pop	{r4, pc}
100060aa:	2000      	movs	r0, #0
100060ac:	e7fc      	b.n	100060a8 <tud_cdc_n_connected+0x38>
100060ae:	46c0      	nop			; (mov r8, r8)
100060b0:	20000dc8 	.word	0x20000dc8

100060b4 <tud_cdc_n_available>:
100060b4:	b510      	push	{r4, lr}
100060b6:	23b2      	movs	r3, #178	; 0xb2
100060b8:	009b      	lsls	r3, r3, #2
100060ba:	4358      	muls	r0, r3
100060bc:	3010      	adds	r0, #16
100060be:	4b02      	ldr	r3, [pc, #8]	; (100060c8 <tud_cdc_n_available+0x14>)
100060c0:	18c0      	adds	r0, r0, r3
100060c2:	f000 fdf4 	bl	10006cae <tu_fifo_count>
100060c6:	bd10      	pop	{r4, pc}
100060c8:	20000dc8 	.word	0x20000dc8

100060cc <tud_cdc_n_read>:
100060cc:	b570      	push	{r4, r5, r6, lr}
100060ce:	23b2      	movs	r3, #178	; 0xb2
100060d0:	009b      	lsls	r3, r3, #2
100060d2:	4358      	muls	r0, r3
100060d4:	4b06      	ldr	r3, [pc, #24]	; (100060f0 <tud_cdc_n_read+0x24>)
100060d6:	18c5      	adds	r5, r0, r3
100060d8:	b292      	uxth	r2, r2
100060da:	3010      	adds	r0, #16
100060dc:	18c0      	adds	r0, r0, r3
100060de:	f000 fe4e 	bl	10006d7e <tu_fifo_read_n>
100060e2:	0004      	movs	r4, r0
100060e4:	0028      	movs	r0, r5
100060e6:	f7ff ff9d 	bl	10006024 <_prep_out_transaction>
100060ea:	0020      	movs	r0, r4
100060ec:	bd70      	pop	{r4, r5, r6, pc}
100060ee:	46c0      	nop			; (mov r8, r8)
100060f0:	20000dc8 	.word	0x20000dc8

100060f4 <tud_cdc_n_write_flush>:
100060f4:	b570      	push	{r4, r5, r6, lr}
100060f6:	0005      	movs	r5, r0
100060f8:	f7ff fa5a 	bl	100055b0 <tud_mounted>
100060fc:	2800      	cmp	r0, #0
100060fe:	d104      	bne.n	1000610a <tud_cdc_n_write_flush+0x16>
10006100:	2300      	movs	r3, #0
10006102:	2b00      	cmp	r3, #0
10006104:	d109      	bne.n	1000611a <tud_cdc_n_write_flush+0x26>
10006106:	2000      	movs	r0, #0
10006108:	bd70      	pop	{r4, r5, r6, pc}
1000610a:	f7ff fa59 	bl	100055c0 <tud_suspended>
1000610e:	2800      	cmp	r0, #0
10006110:	d101      	bne.n	10006116 <tud_cdc_n_write_flush+0x22>
10006112:	2301      	movs	r3, #1
10006114:	e7f5      	b.n	10006102 <tud_cdc_n_write_flush+0xe>
10006116:	2300      	movs	r3, #0
10006118:	e7f3      	b.n	10006102 <tud_cdc_n_write_flush+0xe>
1000611a:	24b2      	movs	r4, #178	; 0xb2
1000611c:	00a4      	lsls	r4, r4, #2
1000611e:	436c      	muls	r4, r5
10006120:	3420      	adds	r4, #32
10006122:	4b21      	ldr	r3, [pc, #132]	; (100061a8 <tud_cdc_n_write_flush+0xb4>)
10006124:	18e4      	adds	r4, r4, r3
10006126:	3404      	adds	r4, #4
10006128:	0020      	movs	r0, r4
1000612a:	f000 fdc0 	bl	10006cae <tu_fifo_count>
1000612e:	2800      	cmp	r0, #0
10006130:	d101      	bne.n	10006136 <tud_cdc_n_write_flush+0x42>
10006132:	2000      	movs	r0, #0
10006134:	e7e8      	b.n	10006108 <tud_cdc_n_write_flush+0x14>
10006136:	22b2      	movs	r2, #178	; 0xb2
10006138:	0092      	lsls	r2, r2, #2
1000613a:	436a      	muls	r2, r5
1000613c:	4b1a      	ldr	r3, [pc, #104]	; (100061a8 <tud_cdc_n_write_flush+0xb4>)
1000613e:	189b      	adds	r3, r3, r2
10006140:	7899      	ldrb	r1, [r3, #2]
10006142:	2000      	movs	r0, #0
10006144:	f7ff fb16 	bl	10005774 <usbd_edpt_claim>
10006148:	2800      	cmp	r0, #0
1000614a:	d101      	bne.n	10006150 <tud_cdc_n_write_flush+0x5c>
1000614c:	2000      	movs	r0, #0
1000614e:	e7db      	b.n	10006108 <tud_cdc_n_write_flush+0x14>
10006150:	26b2      	movs	r6, #178	; 0xb2
10006152:	00b6      	lsls	r6, r6, #2
10006154:	436e      	muls	r6, r5
10006156:	23a2      	movs	r3, #162	; 0xa2
10006158:	009b      	lsls	r3, r3, #2
1000615a:	469c      	mov	ip, r3
1000615c:	4466      	add	r6, ip
1000615e:	4b12      	ldr	r3, [pc, #72]	; (100061a8 <tud_cdc_n_write_flush+0xb4>)
10006160:	18f6      	adds	r6, r6, r3
10006162:	2240      	movs	r2, #64	; 0x40
10006164:	0031      	movs	r1, r6
10006166:	0020      	movs	r0, r4
10006168:	f000 fe09 	bl	10006d7e <tu_fifo_read_n>
1000616c:	1e04      	subs	r4, r0, #0
1000616e:	d00e      	beq.n	1000618e <tud_cdc_n_write_flush+0x9a>
10006170:	20b2      	movs	r0, #178	; 0xb2
10006172:	0080      	lsls	r0, r0, #2
10006174:	4368      	muls	r0, r5
10006176:	4d0c      	ldr	r5, [pc, #48]	; (100061a8 <tud_cdc_n_write_flush+0xb4>)
10006178:	182d      	adds	r5, r5, r0
1000617a:	78a9      	ldrb	r1, [r5, #2]
1000617c:	0023      	movs	r3, r4
1000617e:	0032      	movs	r2, r6
10006180:	2000      	movs	r0, #0
10006182:	f7ff fb1f 	bl	100057c4 <usbd_edpt_xfer>
10006186:	2800      	cmp	r0, #0
10006188:	d00c      	beq.n	100061a4 <tud_cdc_n_write_flush+0xb0>
1000618a:	0020      	movs	r0, r4
1000618c:	e7bc      	b.n	10006108 <tud_cdc_n_write_flush+0x14>
1000618e:	20b2      	movs	r0, #178	; 0xb2
10006190:	0080      	lsls	r0, r0, #2
10006192:	4368      	muls	r0, r5
10006194:	4d04      	ldr	r5, [pc, #16]	; (100061a8 <tud_cdc_n_write_flush+0xb4>)
10006196:	182d      	adds	r5, r5, r0
10006198:	78a9      	ldrb	r1, [r5, #2]
1000619a:	2000      	movs	r0, #0
1000619c:	f7ff fafe 	bl	1000579c <usbd_edpt_release>
100061a0:	2000      	movs	r0, #0
100061a2:	e7b1      	b.n	10006108 <tud_cdc_n_write_flush+0x14>
100061a4:	2000      	movs	r0, #0
100061a6:	e7af      	b.n	10006108 <tud_cdc_n_write_flush+0x14>
100061a8:	20000dc8 	.word	0x20000dc8

100061ac <tud_cdc_n_write>:
100061ac:	b570      	push	{r4, r5, r6, lr}
100061ae:	0005      	movs	r5, r0
100061b0:	24b2      	movs	r4, #178	; 0xb2
100061b2:	00a4      	lsls	r4, r4, #2
100061b4:	4344      	muls	r4, r0
100061b6:	3420      	adds	r4, #32
100061b8:	4b09      	ldr	r3, [pc, #36]	; (100061e0 <tud_cdc_n_write+0x34>)
100061ba:	18e4      	adds	r4, r4, r3
100061bc:	3404      	adds	r4, #4
100061be:	b292      	uxth	r2, r2
100061c0:	0020      	movs	r0, r4
100061c2:	f000 fe13 	bl	10006dec <tu_fifo_write_n>
100061c6:	0006      	movs	r6, r0
100061c8:	0020      	movs	r0, r4
100061ca:	f000 fd70 	bl	10006cae <tu_fifo_count>
100061ce:	283f      	cmp	r0, #63	; 0x3f
100061d0:	d801      	bhi.n	100061d6 <tud_cdc_n_write+0x2a>
100061d2:	0030      	movs	r0, r6
100061d4:	bd70      	pop	{r4, r5, r6, pc}
100061d6:	0028      	movs	r0, r5
100061d8:	f7ff ff8c 	bl	100060f4 <tud_cdc_n_write_flush>
100061dc:	e7f9      	b.n	100061d2 <tud_cdc_n_write+0x26>
100061de:	46c0      	nop			; (mov r8, r8)
100061e0:	20000dc8 	.word	0x20000dc8

100061e4 <tud_cdc_n_write_available>:
100061e4:	b510      	push	{r4, lr}
100061e6:	23b2      	movs	r3, #178	; 0xb2
100061e8:	009b      	lsls	r3, r3, #2
100061ea:	4358      	muls	r0, r3
100061ec:	3020      	adds	r0, #32
100061ee:	4b03      	ldr	r3, [pc, #12]	; (100061fc <tud_cdc_n_write_available+0x18>)
100061f0:	18c0      	adds	r0, r0, r3
100061f2:	3004      	adds	r0, #4
100061f4:	f000 fd8c 	bl	10006d10 <tu_fifo_remaining>
100061f8:	bd10      	pop	{r4, pc}
100061fa:	46c0      	nop			; (mov r8, r8)
100061fc:	20000dc8 	.word	0x20000dc8

10006200 <cdcd_init>:
10006200:	b5f0      	push	{r4, r5, r6, r7, lr}
10006202:	46ce      	mov	lr, r9
10006204:	4647      	mov	r7, r8
10006206:	b580      	push	{r7, lr}
10006208:	b083      	sub	sp, #12
1000620a:	22b2      	movs	r2, #178	; 0xb2
1000620c:	0092      	lsls	r2, r2, #2
1000620e:	2100      	movs	r1, #0
10006210:	4828      	ldr	r0, [pc, #160]	; (100062b4 <cdcd_init+0xb4>)
10006212:	f7fe f9c5 	bl	100045a0 <__wrap_memset>
10006216:	2600      	movs	r6, #0
10006218:	2e00      	cmp	r6, #0
1000621a:	d004      	beq.n	10006226 <cdcd_init+0x26>
1000621c:	b003      	add	sp, #12
1000621e:	bcc0      	pop	{r6, r7}
10006220:	46b9      	mov	r9, r7
10006222:	46b0      	mov	r8, r6
10006224:	bdf0      	pop	{r4, r5, r6, r7, pc}
10006226:	4f23      	ldr	r7, [pc, #140]	; (100062b4 <cdcd_init+0xb4>)
10006228:	24b2      	movs	r4, #178	; 0xb2
1000622a:	00a4      	lsls	r4, r4, #2
1000622c:	4374      	muls	r4, r6
1000622e:	193d      	adds	r5, r7, r4
10006230:	23ff      	movs	r3, #255	; 0xff
10006232:	716b      	strb	r3, [r5, #5]
10006234:	2300      	movs	r3, #0
10006236:	4698      	mov	r8, r3
10006238:	4a1f      	ldr	r2, [pc, #124]	; (100062b8 <cdcd_init+0xb8>)
1000623a:	80ea      	strh	r2, [r5, #6]
1000623c:	2201      	movs	r2, #1
1000623e:	812a      	strh	r2, [r5, #8]
10006240:	72ab      	strb	r3, [r5, #10]
10006242:	72eb      	strb	r3, [r5, #11]
10006244:	2308      	movs	r3, #8
10006246:	732b      	strb	r3, [r5, #12]
10006248:	0021      	movs	r1, r4
1000624a:	3138      	adds	r1, #56	; 0x38
1000624c:	19c9      	adds	r1, r1, r7
1000624e:	33f8      	adds	r3, #248	; 0xf8
10006250:	4699      	mov	r9, r3
10006252:	0020      	movs	r0, r4
10006254:	3010      	adds	r0, #16
10006256:	19c0      	adds	r0, r0, r7
10006258:	4643      	mov	r3, r8
1000625a:	9300      	str	r3, [sp, #0]
1000625c:	3301      	adds	r3, #1
1000625e:	464a      	mov	r2, r9
10006260:	f000 fce7 	bl	10006c32 <tu_fifo_config>
10006264:	0021      	movs	r1, r4
10006266:	3139      	adds	r1, #57	; 0x39
10006268:	31ff      	adds	r1, #255	; 0xff
1000626a:	19c9      	adds	r1, r1, r7
1000626c:	0020      	movs	r0, r4
1000626e:	3020      	adds	r0, #32
10006270:	19c0      	adds	r0, r0, r7
10006272:	3004      	adds	r0, #4
10006274:	2301      	movs	r3, #1
10006276:	9300      	str	r3, [sp, #0]
10006278:	464a      	mov	r2, r9
1000627a:	f000 fcda 	bl	10006c32 <tu_fifo_config>
1000627e:	238e      	movs	r3, #142	; 0x8e
10006280:	009b      	lsls	r3, r3, #2
10006282:	18e3      	adds	r3, r4, r3
10006284:	4699      	mov	r9, r3
10006286:	44b9      	add	r9, r7
10006288:	4648      	mov	r0, r9
1000628a:	f7fa fd49 	bl	10000d20 <mutex_init>
1000628e:	4643      	mov	r3, r8
10006290:	61eb      	str	r3, [r5, #28]
10006292:	464b      	mov	r3, r9
10006294:	622b      	str	r3, [r5, #32]
10006296:	2390      	movs	r3, #144	; 0x90
10006298:	009b      	lsls	r3, r3, #2
1000629a:	469c      	mov	ip, r3
1000629c:	4464      	add	r4, ip
1000629e:	19e4      	adds	r4, r4, r7
100062a0:	0020      	movs	r0, r4
100062a2:	f7fa fd3d 	bl	10000d20 <mutex_init>
100062a6:	632c      	str	r4, [r5, #48]	; 0x30
100062a8:	4643      	mov	r3, r8
100062aa:	636b      	str	r3, [r5, #52]	; 0x34
100062ac:	3601      	adds	r6, #1
100062ae:	b2f6      	uxtb	r6, r6
100062b0:	e7b2      	b.n	10006218 <cdcd_init+0x18>
100062b2:	46c0      	nop			; (mov r8, r8)
100062b4:	20000dc8 	.word	0x20000dc8
100062b8:	ffffc200 	.word	0xffffc200

100062bc <cdcd_reset>:
100062bc:	b570      	push	{r4, r5, r6, lr}
100062be:	2500      	movs	r5, #0
100062c0:	2d00      	cmp	r5, #0
100062c2:	d000      	beq.n	100062c6 <cdcd_reset+0xa>
100062c4:	bd70      	pop	{r4, r5, r6, pc}
100062c6:	24b2      	movs	r4, #178	; 0xb2
100062c8:	00a4      	lsls	r4, r4, #2
100062ca:	436c      	muls	r4, r5
100062cc:	4e0b      	ldr	r6, [pc, #44]	; (100062fc <cdcd_reset+0x40>)
100062ce:	19a0      	adds	r0, r4, r6
100062d0:	2205      	movs	r2, #5
100062d2:	2100      	movs	r1, #0
100062d4:	f7fe f964 	bl	100045a0 <__wrap_memset>
100062d8:	0020      	movs	r0, r4
100062da:	3010      	adds	r0, #16
100062dc:	1980      	adds	r0, r0, r6
100062de:	f000 fd8a 	bl	10006df6 <tu_fifo_clear>
100062e2:	3420      	adds	r4, #32
100062e4:	19a4      	adds	r4, r4, r6
100062e6:	3404      	adds	r4, #4
100062e8:	0020      	movs	r0, r4
100062ea:	f000 fd84 	bl	10006df6 <tu_fifo_clear>
100062ee:	2101      	movs	r1, #1
100062f0:	0020      	movs	r0, r4
100062f2:	f000 fd9f 	bl	10006e34 <tu_fifo_set_overwritable>
100062f6:	3501      	adds	r5, #1
100062f8:	b2ed      	uxtb	r5, r5
100062fa:	e7e1      	b.n	100062c0 <cdcd_reset+0x4>
100062fc:	20000dc8 	.word	0x20000dc8

10006300 <cdcd_open>:
10006300:	b5f0      	push	{r4, r5, r6, r7, lr}
10006302:	b083      	sub	sp, #12
10006304:	0006      	movs	r6, r0
10006306:	794b      	ldrb	r3, [r1, #5]
10006308:	2b02      	cmp	r3, #2
1000630a:	d150      	bne.n	100063ae <cdcd_open+0xae>
1000630c:	798b      	ldrb	r3, [r1, #6]
1000630e:	2b02      	cmp	r3, #2
10006310:	d151      	bne.n	100063b6 <cdcd_open+0xb6>
10006312:	2300      	movs	r3, #0
10006314:	2b00      	cmp	r3, #0
10006316:	d008      	beq.n	1000632a <cdcd_open+0x2a>
10006318:	2700      	movs	r7, #0
1000631a:	2f00      	cmp	r7, #0
1000631c:	d04d      	beq.n	100063ba <cdcd_open+0xba>
1000631e:	788b      	ldrb	r3, [r1, #2]
10006320:	703b      	strb	r3, [r7, #0]
10006322:	780c      	ldrb	r4, [r1, #0]
10006324:	190c      	adds	r4, r1, r4
10006326:	2509      	movs	r5, #9
10006328:	e011      	b.n	1000634e <cdcd_open+0x4e>
1000632a:	24b2      	movs	r4, #178	; 0xb2
1000632c:	00a4      	lsls	r4, r4, #2
1000632e:	435c      	muls	r4, r3
10006330:	4825      	ldr	r0, [pc, #148]	; (100063c8 <cdcd_open+0xc8>)
10006332:	1900      	adds	r0, r0, r4
10006334:	7880      	ldrb	r0, [r0, #2]
10006336:	2800      	cmp	r0, #0
10006338:	d002      	beq.n	10006340 <cdcd_open+0x40>
1000633a:	3301      	adds	r3, #1
1000633c:	b2db      	uxtb	r3, r3
1000633e:	e7e9      	b.n	10006314 <cdcd_open+0x14>
10006340:	4f21      	ldr	r7, [pc, #132]	; (100063c8 <cdcd_open+0xc8>)
10006342:	19e7      	adds	r7, r4, r7
10006344:	e7e9      	b.n	1000631a <cdcd_open+0x1a>
10006346:	7821      	ldrb	r1, [r4, #0]
10006348:	194d      	adds	r5, r1, r5
1000634a:	b2ad      	uxth	r5, r5
1000634c:	1864      	adds	r4, r4, r1
1000634e:	7863      	ldrb	r3, [r4, #1]
10006350:	2b24      	cmp	r3, #36	; 0x24
10006352:	d101      	bne.n	10006358 <cdcd_open+0x58>
10006354:	4295      	cmp	r5, r2
10006356:	d9f6      	bls.n	10006346 <cdcd_open+0x46>
10006358:	2b05      	cmp	r3, #5
1000635a:	d009      	beq.n	10006370 <cdcd_open+0x70>
1000635c:	7863      	ldrb	r3, [r4, #1]
1000635e:	2b04      	cmp	r3, #4
10006360:	d102      	bne.n	10006368 <cdcd_open+0x68>
10006362:	7963      	ldrb	r3, [r4, #5]
10006364:	2b0a      	cmp	r3, #10
10006366:	d010      	beq.n	1000638a <cdcd_open+0x8a>
10006368:	0038      	movs	r0, r7
1000636a:	f7ff fe5b 	bl	10006024 <_prep_out_transaction>
1000636e:	e01f      	b.n	100063b0 <cdcd_open+0xb0>
10006370:	0021      	movs	r1, r4
10006372:	0030      	movs	r0, r6
10006374:	f7ff f9b2 	bl	100056dc <usbd_edpt_open>
10006378:	2800      	cmp	r0, #0
1000637a:	d020      	beq.n	100063be <cdcd_open+0xbe>
1000637c:	78a3      	ldrb	r3, [r4, #2]
1000637e:	707b      	strb	r3, [r7, #1]
10006380:	7822      	ldrb	r2, [r4, #0]
10006382:	1955      	adds	r5, r2, r5
10006384:	b2ad      	uxth	r5, r5
10006386:	18a4      	adds	r4, r4, r2
10006388:	e7e8      	b.n	1000635c <cdcd_open+0x5c>
1000638a:	7821      	ldrb	r1, [r4, #0]
1000638c:	194d      	adds	r5, r1, r5
1000638e:	b2ad      	uxth	r5, r5
10006390:	1861      	adds	r1, r4, r1
10006392:	1cbb      	adds	r3, r7, #2
10006394:	9301      	str	r3, [sp, #4]
10006396:	1cfb      	adds	r3, r7, #3
10006398:	9300      	str	r3, [sp, #0]
1000639a:	2302      	movs	r3, #2
1000639c:	2202      	movs	r2, #2
1000639e:	0030      	movs	r0, r6
100063a0:	f7ff f9b6 	bl	10005710 <usbd_open_edpt_pair>
100063a4:	2800      	cmp	r0, #0
100063a6:	d00c      	beq.n	100063c2 <cdcd_open+0xc2>
100063a8:	350e      	adds	r5, #14
100063aa:	b2ad      	uxth	r5, r5
100063ac:	e7dc      	b.n	10006368 <cdcd_open+0x68>
100063ae:	2500      	movs	r5, #0
100063b0:	0028      	movs	r0, r5
100063b2:	b003      	add	sp, #12
100063b4:	bdf0      	pop	{r4, r5, r6, r7, pc}
100063b6:	2500      	movs	r5, #0
100063b8:	e7fa      	b.n	100063b0 <cdcd_open+0xb0>
100063ba:	2500      	movs	r5, #0
100063bc:	e7f8      	b.n	100063b0 <cdcd_open+0xb0>
100063be:	2500      	movs	r5, #0
100063c0:	e7f6      	b.n	100063b0 <cdcd_open+0xb0>
100063c2:	2500      	movs	r5, #0
100063c4:	e7f4      	b.n	100063b0 <cdcd_open+0xb0>
100063c6:	46c0      	nop			; (mov r8, r8)
100063c8:	20000dc8 	.word	0x20000dc8

100063cc <cdcd_control_xfer_cb>:
100063cc:	b5f8      	push	{r3, r4, r5, r6, r7, lr}
100063ce:	0014      	movs	r4, r2
100063d0:	7812      	ldrb	r2, [r2, #0]
100063d2:	2360      	movs	r3, #96	; 0x60
100063d4:	4013      	ands	r3, r2
100063d6:	2b20      	cmp	r3, #32
100063d8:	d000      	beq.n	100063dc <cdcd_control_xfer_cb+0x10>
100063da:	e07f      	b.n	100064dc <cdcd_control_xfer_cb+0x110>
100063dc:	4a44      	ldr	r2, [pc, #272]	; (100064f0 <cdcd_control_xfer_cb+0x124>)
100063de:	2500      	movs	r5, #0
100063e0:	2d00      	cmp	r5, #0
100063e2:	d000      	beq.n	100063e6 <cdcd_control_xfer_cb+0x1a>
100063e4:	e07c      	b.n	100064e0 <cdcd_control_xfer_cb+0x114>
100063e6:	7816      	ldrb	r6, [r2, #0]
100063e8:	7927      	ldrb	r7, [r4, #4]
100063ea:	7963      	ldrb	r3, [r4, #5]
100063ec:	021b      	lsls	r3, r3, #8
100063ee:	433b      	orrs	r3, r7
100063f0:	429e      	cmp	r6, r3
100063f2:	d006      	beq.n	10006402 <cdcd_control_xfer_cb+0x36>
100063f4:	3501      	adds	r5, #1
100063f6:	b2ed      	uxtb	r5, r5
100063f8:	23b2      	movs	r3, #178	; 0xb2
100063fa:	009b      	lsls	r3, r3, #2
100063fc:	469c      	mov	ip, r3
100063fe:	4462      	add	r2, ip
10006400:	e7ee      	b.n	100063e0 <cdcd_control_xfer_cb+0x14>
10006402:	7863      	ldrb	r3, [r4, #1]
10006404:	2b22      	cmp	r3, #34	; 0x22
10006406:	d031      	beq.n	1000646c <cdcd_control_xfer_cb+0xa0>
10006408:	d809      	bhi.n	1000641e <cdcd_control_xfer_cb+0x52>
1000640a:	2b20      	cmp	r3, #32
1000640c:	d011      	beq.n	10006432 <cdcd_control_xfer_cb+0x66>
1000640e:	2b21      	cmp	r3, #33	; 0x21
10006410:	d103      	bne.n	1000641a <cdcd_control_xfer_cb+0x4e>
10006412:	2901      	cmp	r1, #1
10006414:	d023      	beq.n	1000645e <cdcd_control_xfer_cb+0x92>
10006416:	2001      	movs	r0, #1
10006418:	e061      	b.n	100064de <cdcd_control_xfer_cb+0x112>
1000641a:	2000      	movs	r0, #0
1000641c:	e05f      	b.n	100064de <cdcd_control_xfer_cb+0x112>
1000641e:	2b23      	cmp	r3, #35	; 0x23
10006420:	d105      	bne.n	1000642e <cdcd_control_xfer_cb+0x62>
10006422:	2901      	cmp	r1, #1
10006424:	d049      	beq.n	100064ba <cdcd_control_xfer_cb+0xee>
10006426:	2903      	cmp	r1, #3
10006428:	d04c      	beq.n	100064c4 <cdcd_control_xfer_cb+0xf8>
1000642a:	2001      	movs	r0, #1
1000642c:	e057      	b.n	100064de <cdcd_control_xfer_cb+0x112>
1000642e:	2000      	movs	r0, #0
10006430:	e055      	b.n	100064de <cdcd_control_xfer_cb+0x112>
10006432:	2901      	cmp	r1, #1
10006434:	d003      	beq.n	1000643e <cdcd_control_xfer_cb+0x72>
10006436:	2903      	cmp	r1, #3
10006438:	d008      	beq.n	1000644c <cdcd_control_xfer_cb+0x80>
1000643a:	2001      	movs	r0, #1
1000643c:	e04f      	b.n	100064de <cdcd_control_xfer_cb+0x112>
1000643e:	3206      	adds	r2, #6
10006440:	2307      	movs	r3, #7
10006442:	0021      	movs	r1, r4
10006444:	f7ff fd30 	bl	10005ea8 <tud_control_xfer>
10006448:	2001      	movs	r0, #1
1000644a:	e048      	b.n	100064de <cdcd_control_xfer_cb+0x112>
1000644c:	4b29      	ldr	r3, [pc, #164]	; (100064f4 <cdcd_control_xfer_cb+0x128>)
1000644e:	2b00      	cmp	r3, #0
10006450:	d048      	beq.n	100064e4 <cdcd_control_xfer_cb+0x118>
10006452:	1d91      	adds	r1, r2, #6
10006454:	0028      	movs	r0, r5
10006456:	f7fe fa75 	bl	10004944 <tud_cdc_line_coding_cb>
1000645a:	2001      	movs	r0, #1
1000645c:	e03f      	b.n	100064de <cdcd_control_xfer_cb+0x112>
1000645e:	3206      	adds	r2, #6
10006460:	2307      	movs	r3, #7
10006462:	0021      	movs	r1, r4
10006464:	f7ff fd20 	bl	10005ea8 <tud_control_xfer>
10006468:	2001      	movs	r0, #1
1000646a:	e038      	b.n	100064de <cdcd_control_xfer_cb+0x112>
1000646c:	2901      	cmp	r1, #1
1000646e:	d003      	beq.n	10006478 <cdcd_control_xfer_cb+0xac>
10006470:	2903      	cmp	r1, #3
10006472:	d006      	beq.n	10006482 <cdcd_control_xfer_cb+0xb6>
10006474:	2001      	movs	r0, #1
10006476:	e032      	b.n	100064de <cdcd_control_xfer_cb+0x112>
10006478:	0021      	movs	r1, r4
1000647a:	f7ff fcf9 	bl	10005e70 <tud_control_status>
1000647e:	2001      	movs	r0, #1
10006480:	e02d      	b.n	100064de <cdcd_control_xfer_cb+0x112>
10006482:	78a1      	ldrb	r1, [r4, #2]
10006484:	78e3      	ldrb	r3, [r4, #3]
10006486:	021b      	lsls	r3, r3, #8
10006488:	430b      	orrs	r3, r1
1000648a:	2001      	movs	r0, #1
1000648c:	0019      	movs	r1, r3
1000648e:	4001      	ands	r1, r0
10006490:	000e      	movs	r6, r1
10006492:	085c      	lsrs	r4, r3, #1
10006494:	4004      	ands	r4, r0
10006496:	7113      	strb	r3, [r2, #4]
10006498:	424b      	negs	r3, r1
1000649a:	4159      	adcs	r1, r3
1000649c:	b2c9      	uxtb	r1, r1
1000649e:	3224      	adds	r2, #36	; 0x24
100064a0:	0010      	movs	r0, r2
100064a2:	f000 fcc7 	bl	10006e34 <tu_fifo_set_overwritable>
100064a6:	4b14      	ldr	r3, [pc, #80]	; (100064f8 <cdcd_control_xfer_cb+0x12c>)
100064a8:	2b00      	cmp	r3, #0
100064aa:	d01d      	beq.n	100064e8 <cdcd_control_xfer_cb+0x11c>
100064ac:	0022      	movs	r2, r4
100064ae:	0031      	movs	r1, r6
100064b0:	0028      	movs	r0, r5
100064b2:	e000      	b.n	100064b6 <cdcd_control_xfer_cb+0xea>
100064b4:	bf00      	nop
100064b6:	2001      	movs	r0, #1
100064b8:	e011      	b.n	100064de <cdcd_control_xfer_cb+0x112>
100064ba:	0021      	movs	r1, r4
100064bc:	f7ff fcd8 	bl	10005e70 <tud_control_status>
100064c0:	2001      	movs	r0, #1
100064c2:	e00c      	b.n	100064de <cdcd_control_xfer_cb+0x112>
100064c4:	4b0d      	ldr	r3, [pc, #52]	; (100064fc <cdcd_control_xfer_cb+0x130>)
100064c6:	2b00      	cmp	r3, #0
100064c8:	d010      	beq.n	100064ec <cdcd_control_xfer_cb+0x120>
100064ca:	78a3      	ldrb	r3, [r4, #2]
100064cc:	78e1      	ldrb	r1, [r4, #3]
100064ce:	0209      	lsls	r1, r1, #8
100064d0:	4319      	orrs	r1, r3
100064d2:	0028      	movs	r0, r5
100064d4:	e000      	b.n	100064d8 <cdcd_control_xfer_cb+0x10c>
100064d6:	bf00      	nop
100064d8:	2001      	movs	r0, #1
100064da:	e000      	b.n	100064de <cdcd_control_xfer_cb+0x112>
100064dc:	2000      	movs	r0, #0
100064de:	bdf8      	pop	{r3, r4, r5, r6, r7, pc}
100064e0:	2000      	movs	r0, #0
100064e2:	e7fc      	b.n	100064de <cdcd_control_xfer_cb+0x112>
100064e4:	2001      	movs	r0, #1
100064e6:	e7fa      	b.n	100064de <cdcd_control_xfer_cb+0x112>
100064e8:	2001      	movs	r0, #1
100064ea:	e7f8      	b.n	100064de <cdcd_control_xfer_cb+0x112>
100064ec:	2001      	movs	r0, #1
100064ee:	e7f6      	b.n	100064de <cdcd_control_xfer_cb+0x112>
100064f0:	20000dc8 	.word	0x20000dc8
100064f4:	10004945 	.word	0x10004945
	...

10006500 <cdcd_xfer_cb>:
10006500:	b5f0      	push	{r4, r5, r6, r7, lr}
10006502:	46d6      	mov	lr, sl
10006504:	b500      	push	{lr}
10006506:	b082      	sub	sp, #8
10006508:	9001      	str	r0, [sp, #4]
1000650a:	000f      	movs	r7, r1
1000650c:	9300      	str	r3, [sp, #0]
1000650e:	2400      	movs	r4, #0
10006510:	2c00      	cmp	r4, #0
10006512:	d00e      	beq.n	10006532 <cdcd_xfer_cb+0x32>
10006514:	2c00      	cmp	r4, #0
10006516:	d000      	beq.n	1000651a <cdcd_xfer_cb+0x1a>
10006518:	e07c      	b.n	10006614 <cdcd_xfer_cb+0x114>
1000651a:	78eb      	ldrb	r3, [r5, #3]
1000651c:	42bb      	cmp	r3, r7
1000651e:	d016      	beq.n	1000654e <cdcd_xfer_cb+0x4e>
10006520:	78ab      	ldrb	r3, [r5, #2]
10006522:	42bb      	cmp	r3, r7
10006524:	d04d      	beq.n	100065c2 <cdcd_xfer_cb+0xc2>
10006526:	2401      	movs	r4, #1
10006528:	0020      	movs	r0, r4
1000652a:	b002      	add	sp, #8
1000652c:	bc80      	pop	{r7}
1000652e:	46ba      	mov	sl, r7
10006530:	bdf0      	pop	{r4, r5, r6, r7, pc}
10006532:	25b2      	movs	r5, #178	; 0xb2
10006534:	00ad      	lsls	r5, r5, #2
10006536:	4365      	muls	r5, r4
10006538:	4b39      	ldr	r3, [pc, #228]	; (10006620 <cdcd_xfer_cb+0x120>)
1000653a:	18ed      	adds	r5, r5, r3
1000653c:	78eb      	ldrb	r3, [r5, #3]
1000653e:	42bb      	cmp	r3, r7
10006540:	d0e8      	beq.n	10006514 <cdcd_xfer_cb+0x14>
10006542:	78ab      	ldrb	r3, [r5, #2]
10006544:	42bb      	cmp	r3, r7
10006546:	d0e5      	beq.n	10006514 <cdcd_xfer_cb+0x14>
10006548:	3401      	adds	r4, #1
1000654a:	b2e4      	uxtb	r4, r4
1000654c:	e7e0      	b.n	10006510 <cdcd_xfer_cb+0x10>
1000654e:	2310      	movs	r3, #16
10006550:	469a      	mov	sl, r3
10006552:	44aa      	add	sl, r5
10006554:	2392      	movs	r3, #146	; 0x92
10006556:	009b      	lsls	r3, r3, #2
10006558:	18e9      	adds	r1, r5, r3
1000655a:	466b      	mov	r3, sp
1000655c:	881a      	ldrh	r2, [r3, #0]
1000655e:	4650      	mov	r0, sl
10006560:	f000 fc44 	bl	10006dec <tu_fifo_write_n>
10006564:	4b2f      	ldr	r3, [pc, #188]	; (10006624 <cdcd_xfer_cb+0x124>)
10006566:	2b00      	cmp	r3, #0
10006568:	d01b      	beq.n	100065a2 <cdcd_xfer_cb+0xa2>
1000656a:	796b      	ldrb	r3, [r5, #5]
1000656c:	2bff      	cmp	r3, #255	; 0xff
1000656e:	d018      	beq.n	100065a2 <cdcd_xfer_cb+0xa2>
10006570:	2600      	movs	r6, #0
10006572:	e000      	b.n	10006576 <cdcd_xfer_cb+0x76>
10006574:	3601      	adds	r6, #1
10006576:	9b00      	ldr	r3, [sp, #0]
10006578:	429e      	cmp	r6, r3
1000657a:	d212      	bcs.n	100065a2 <cdcd_xfer_cb+0xa2>
1000657c:	796a      	ldrb	r2, [r5, #5]
1000657e:	19ab      	adds	r3, r5, r6
10006580:	2192      	movs	r1, #146	; 0x92
10006582:	0089      	lsls	r1, r1, #2
10006584:	468c      	mov	ip, r1
10006586:	4463      	add	r3, ip
10006588:	781b      	ldrb	r3, [r3, #0]
1000658a:	429a      	cmp	r2, r3
1000658c:	d1f2      	bne.n	10006574 <cdcd_xfer_cb+0x74>
1000658e:	4650      	mov	r0, sl
10006590:	f000 fba2 	bl	10006cd8 <tu_fifo_empty>
10006594:	2800      	cmp	r0, #0
10006596:	d1ed      	bne.n	10006574 <cdcd_xfer_cb+0x74>
10006598:	7969      	ldrb	r1, [r5, #5]
1000659a:	0020      	movs	r0, r4
1000659c:	e000      	b.n	100065a0 <cdcd_xfer_cb+0xa0>
1000659e:	bf00      	nop
100065a0:	e7e8      	b.n	10006574 <cdcd_xfer_cb+0x74>
100065a2:	4b21      	ldr	r3, [pc, #132]	; (10006628 <cdcd_xfer_cb+0x128>)
100065a4:	2b00      	cmp	r3, #0
100065a6:	d004      	beq.n	100065b2 <cdcd_xfer_cb+0xb2>
100065a8:	4650      	mov	r0, sl
100065aa:	f000 fb95 	bl	10006cd8 <tu_fifo_empty>
100065ae:	2800      	cmp	r0, #0
100065b0:	d003      	beq.n	100065ba <cdcd_xfer_cb+0xba>
100065b2:	0028      	movs	r0, r5
100065b4:	f7ff fd36 	bl	10006024 <_prep_out_transaction>
100065b8:	e7b2      	b.n	10006520 <cdcd_xfer_cb+0x20>
100065ba:	0020      	movs	r0, r4
100065bc:	f7fe fa80 	bl	10004ac0 <tud_cdc_rx_cb>
100065c0:	e7f7      	b.n	100065b2 <cdcd_xfer_cb+0xb2>
100065c2:	4b1a      	ldr	r3, [pc, #104]	; (1000662c <cdcd_xfer_cb+0x12c>)
100065c4:	2b00      	cmp	r3, #0
100065c6:	d002      	beq.n	100065ce <cdcd_xfer_cb+0xce>
100065c8:	0020      	movs	r0, r4
100065ca:	e000      	b.n	100065ce <cdcd_xfer_cb+0xce>
100065cc:	bf00      	nop
100065ce:	0020      	movs	r0, r4
100065d0:	f7ff fd90 	bl	100060f4 <tud_cdc_n_write_flush>
100065d4:	2800      	cmp	r0, #0
100065d6:	d001      	beq.n	100065dc <cdcd_xfer_cb+0xdc>
100065d8:	2401      	movs	r4, #1
100065da:	e7a5      	b.n	10006528 <cdcd_xfer_cb+0x28>
100065dc:	0028      	movs	r0, r5
100065de:	3024      	adds	r0, #36	; 0x24
100065e0:	f000 fb65 	bl	10006cae <tu_fifo_count>
100065e4:	2800      	cmp	r0, #0
100065e6:	d117      	bne.n	10006618 <cdcd_xfer_cb+0x118>
100065e8:	9b00      	ldr	r3, [sp, #0]
100065ea:	2b00      	cmp	r3, #0
100065ec:	d016      	beq.n	1000661c <cdcd_xfer_cb+0x11c>
100065ee:	069b      	lsls	r3, r3, #26
100065f0:	d001      	beq.n	100065f6 <cdcd_xfer_cb+0xf6>
100065f2:	2401      	movs	r4, #1
100065f4:	e798      	b.n	10006528 <cdcd_xfer_cb+0x28>
100065f6:	78a9      	ldrb	r1, [r5, #2]
100065f8:	9801      	ldr	r0, [sp, #4]
100065fa:	f7ff f8bb 	bl	10005774 <usbd_edpt_claim>
100065fe:	1e04      	subs	r4, r0, #0
10006600:	d101      	bne.n	10006606 <cdcd_xfer_cb+0x106>
10006602:	2401      	movs	r4, #1
10006604:	e790      	b.n	10006528 <cdcd_xfer_cb+0x28>
10006606:	78a9      	ldrb	r1, [r5, #2]
10006608:	2300      	movs	r3, #0
1000660a:	2200      	movs	r2, #0
1000660c:	9801      	ldr	r0, [sp, #4]
1000660e:	f7ff f8d9 	bl	100057c4 <usbd_edpt_xfer>
10006612:	e789      	b.n	10006528 <cdcd_xfer_cb+0x28>
10006614:	2400      	movs	r4, #0
10006616:	e787      	b.n	10006528 <cdcd_xfer_cb+0x28>
10006618:	2401      	movs	r4, #1
1000661a:	e785      	b.n	10006528 <cdcd_xfer_cb+0x28>
1000661c:	2401      	movs	r4, #1
1000661e:	e783      	b.n	10006528 <cdcd_xfer_cb+0x28>
10006620:	20000dc8 	.word	0x20000dc8
10006624:	00000000 	.word	0x00000000
10006628:	10004ac1 	.word	0x10004ac1
1000662c:	00000000 	.word	0x00000000

10006630 <tusb_init>:
10006630:	b510      	push	{r4, lr}
10006632:	2000      	movs	r0, #0
10006634:	f7fe ffd6 	bl	100055e4 <tud_init>
10006638:	bd10      	pop	{r4, pc}

1000663a <tusb_inited>:
1000663a:	b510      	push	{r4, lr}
1000663c:	f7fe ffc8 	bl	100055d0 <tud_inited>
10006640:	2800      	cmp	r0, #0
10006642:	d000      	beq.n	10006646 <tusb_inited+0xc>
10006644:	2001      	movs	r0, #1
10006646:	bd10      	pop	{r4, pc}

10006648 <tu_edpt_claim>:
10006648:	b570      	push	{r4, r5, r6, lr}
1000664a:	0004      	movs	r4, r0
1000664c:	000d      	movs	r5, r1
1000664e:	7803      	ldrb	r3, [r0, #0]
10006650:	07db      	lsls	r3, r3, #31
10006652:	0fde      	lsrs	r6, r3, #31
10006654:	2b00      	cmp	r3, #0
10006656:	d11c      	bne.n	10006692 <tu_edpt_claim+0x4a>
10006658:	7803      	ldrb	r3, [r0, #0]
1000665a:	075b      	lsls	r3, r3, #29
1000665c:	d41a      	bmi.n	10006694 <tu_edpt_claim+0x4c>
1000665e:	2101      	movs	r1, #1
10006660:	4249      	negs	r1, r1
10006662:	0028      	movs	r0, r5
10006664:	f000 fdf8 	bl	10007258 <__mutex_enter_timeout_ms_veneer>
10006668:	7823      	ldrb	r3, [r4, #0]
1000666a:	07db      	lsls	r3, r3, #31
1000666c:	d404      	bmi.n	10006678 <tu_edpt_claim+0x30>
1000666e:	7823      	ldrb	r3, [r4, #0]
10006670:	075b      	lsls	r3, r3, #29
10006672:	d50c      	bpl.n	1000668e <tu_edpt_claim+0x46>
10006674:	2600      	movs	r6, #0
10006676:	e000      	b.n	1000667a <tu_edpt_claim+0x32>
10006678:	2600      	movs	r6, #0
1000667a:	2e00      	cmp	r6, #0
1000667c:	d003      	beq.n	10006686 <tu_edpt_claim+0x3e>
1000667e:	7823      	ldrb	r3, [r4, #0]
10006680:	2204      	movs	r2, #4
10006682:	4313      	orrs	r3, r2
10006684:	7023      	strb	r3, [r4, #0]
10006686:	0028      	movs	r0, r5
10006688:	f000 fdc6 	bl	10007218 <__mutex_exit_veneer>
1000668c:	e002      	b.n	10006694 <tu_edpt_claim+0x4c>
1000668e:	2601      	movs	r6, #1
10006690:	e7f3      	b.n	1000667a <tu_edpt_claim+0x32>
10006692:	2600      	movs	r6, #0
10006694:	0030      	movs	r0, r6
10006696:	bd70      	pop	{r4, r5, r6, pc}

10006698 <tu_edpt_release>:
10006698:	b570      	push	{r4, r5, r6, lr}
1000669a:	0004      	movs	r4, r0
1000669c:	000e      	movs	r6, r1
1000669e:	2101      	movs	r1, #1
100066a0:	4249      	negs	r1, r1
100066a2:	0030      	movs	r0, r6
100066a4:	f000 fdd8 	bl	10007258 <__mutex_enter_timeout_ms_veneer>
100066a8:	7823      	ldrb	r3, [r4, #0]
100066aa:	075b      	lsls	r3, r3, #29
100066ac:	d40b      	bmi.n	100066c6 <tu_edpt_release+0x2e>
100066ae:	2500      	movs	r5, #0
100066b0:	2d00      	cmp	r5, #0
100066b2:	d003      	beq.n	100066bc <tu_edpt_release+0x24>
100066b4:	7823      	ldrb	r3, [r4, #0]
100066b6:	2204      	movs	r2, #4
100066b8:	4393      	bics	r3, r2
100066ba:	7023      	strb	r3, [r4, #0]
100066bc:	0030      	movs	r0, r6
100066be:	f000 fdab 	bl	10007218 <__mutex_exit_veneer>
100066c2:	0028      	movs	r0, r5
100066c4:	bd70      	pop	{r4, r5, r6, pc}
100066c6:	7823      	ldrb	r3, [r4, #0]
100066c8:	07db      	lsls	r3, r3, #31
100066ca:	d501      	bpl.n	100066d0 <tu_edpt_release+0x38>
100066cc:	2500      	movs	r5, #0
100066ce:	e7ef      	b.n	100066b0 <tu_edpt_release+0x18>
100066d0:	2501      	movs	r5, #1
100066d2:	e7ed      	b.n	100066b0 <tu_edpt_release+0x18>

100066d4 <tu_edpt_validate>:
100066d4:	b510      	push	{r4, lr}
100066d6:	7904      	ldrb	r4, [r0, #4]
100066d8:	7943      	ldrb	r3, [r0, #5]
100066da:	021b      	lsls	r3, r3, #8
100066dc:	4323      	orrs	r3, r4
100066de:	055b      	lsls	r3, r3, #21
100066e0:	0d5b      	lsrs	r3, r3, #21
100066e2:	78c2      	ldrb	r2, [r0, #3]
100066e4:	0792      	lsls	r2, r2, #30
100066e6:	0f92      	lsrs	r2, r2, #30
100066e8:	2a02      	cmp	r2, #2
100066ea:	d00f      	beq.n	1000670c <tu_edpt_validate+0x38>
100066ec:	2a03      	cmp	r2, #3
100066ee:	d019      	beq.n	10006724 <tu_edpt_validate+0x50>
100066f0:	2a01      	cmp	r2, #1
100066f2:	d001      	beq.n	100066f8 <tu_edpt_validate+0x24>
100066f4:	2000      	movs	r0, #0
100066f6:	bd10      	pop	{r4, pc}
100066f8:	2902      	cmp	r1, #2
100066fa:	d004      	beq.n	10006706 <tu_edpt_validate+0x32>
100066fc:	4a12      	ldr	r2, [pc, #72]	; (10006748 <tu_edpt_validate+0x74>)
100066fe:	429a      	cmp	r2, r3
10006700:	d31a      	bcc.n	10006738 <tu_edpt_validate+0x64>
10006702:	2001      	movs	r0, #1
10006704:	e7f7      	b.n	100066f6 <tu_edpt_validate+0x22>
10006706:	2280      	movs	r2, #128	; 0x80
10006708:	00d2      	lsls	r2, r2, #3
1000670a:	e7f8      	b.n	100066fe <tu_edpt_validate+0x2a>
1000670c:	2902      	cmp	r1, #2
1000670e:	d003      	beq.n	10006718 <tu_edpt_validate+0x44>
10006710:	2b40      	cmp	r3, #64	; 0x40
10006712:	d815      	bhi.n	10006740 <tu_edpt_validate+0x6c>
10006714:	2001      	movs	r0, #1
10006716:	e7ee      	b.n	100066f6 <tu_edpt_validate+0x22>
10006718:	2280      	movs	r2, #128	; 0x80
1000671a:	0092      	lsls	r2, r2, #2
1000671c:	4293      	cmp	r3, r2
1000671e:	d10d      	bne.n	1000673c <tu_edpt_validate+0x68>
10006720:	2001      	movs	r0, #1
10006722:	e7e8      	b.n	100066f6 <tu_edpt_validate+0x22>
10006724:	2902      	cmp	r1, #2
10006726:	d004      	beq.n	10006732 <tu_edpt_validate+0x5e>
10006728:	2240      	movs	r2, #64	; 0x40
1000672a:	429a      	cmp	r2, r3
1000672c:	d30a      	bcc.n	10006744 <tu_edpt_validate+0x70>
1000672e:	2001      	movs	r0, #1
10006730:	e7e1      	b.n	100066f6 <tu_edpt_validate+0x22>
10006732:	2280      	movs	r2, #128	; 0x80
10006734:	00d2      	lsls	r2, r2, #3
10006736:	e7f8      	b.n	1000672a <tu_edpt_validate+0x56>
10006738:	2000      	movs	r0, #0
1000673a:	e7dc      	b.n	100066f6 <tu_edpt_validate+0x22>
1000673c:	2000      	movs	r0, #0
1000673e:	e7da      	b.n	100066f6 <tu_edpt_validate+0x22>
10006740:	2000      	movs	r0, #0
10006742:	e7d8      	b.n	100066f6 <tu_edpt_validate+0x22>
10006744:	2000      	movs	r0, #0
10006746:	e7d6      	b.n	100066f6 <tu_edpt_validate+0x22>
10006748:	000003ff 	.word	0x000003ff

1000674c <tu_edpt_bind_driver>:
1000674c:	b530      	push	{r4, r5, lr}
1000674e:	188a      	adds	r2, r1, r2
10006750:	e001      	b.n	10006756 <tu_edpt_bind_driver+0xa>
10006752:	780c      	ldrb	r4, [r1, #0]
10006754:	1909      	adds	r1, r1, r4
10006756:	4291      	cmp	r1, r2
10006758:	d20a      	bcs.n	10006770 <tu_edpt_bind_driver+0x24>
1000675a:	784c      	ldrb	r4, [r1, #1]
1000675c:	2c05      	cmp	r4, #5
1000675e:	d1f8      	bne.n	10006752 <tu_edpt_bind_driver+0x6>
10006760:	788d      	ldrb	r5, [r1, #2]
10006762:	347a      	adds	r4, #122	; 0x7a
10006764:	402c      	ands	r4, r5
10006766:	0064      	lsls	r4, r4, #1
10006768:	1904      	adds	r4, r0, r4
1000676a:	09ed      	lsrs	r5, r5, #7
1000676c:	5563      	strb	r3, [r4, r5]
1000676e:	e7f0      	b.n	10006752 <tu_edpt_bind_driver+0x6>
10006770:	bd30      	pop	{r4, r5, pc}

10006772 <advance_index>:
10006772:	0003      	movs	r3, r0
10006774:	188a      	adds	r2, r1, r2
10006776:	b290      	uxth	r0, r2
10006778:	4281      	cmp	r1, r0
1000677a:	d802      	bhi.n	10006782 <advance_index+0x10>
1000677c:	005a      	lsls	r2, r3, #1
1000677e:	4290      	cmp	r0, r2
10006780:	db03      	blt.n	1000678a <advance_index+0x18>
10006782:	005b      	lsls	r3, r3, #1
10006784:	b29b      	uxth	r3, r3
10006786:	1ac0      	subs	r0, r0, r3
10006788:	b280      	uxth	r0, r0
1000678a:	4770      	bx	lr

1000678c <_tu_fifo_peek>:
1000678c:	b570      	push	{r4, r5, r6, lr}
1000678e:	0005      	movs	r5, r0
10006790:	0008      	movs	r0, r1
10006792:	88ac      	ldrh	r4, [r5, #4]
10006794:	429a      	cmp	r2, r3
10006796:	d30b      	bcc.n	100067b0 <_tu_fifo_peek+0x24>
10006798:	1ad1      	subs	r1, r2, r3
1000679a:	b289      	uxth	r1, r1
1000679c:	2900      	cmp	r1, #0
1000679e:	d01e      	beq.n	100067de <_tu_fifo_peek+0x52>
100067a0:	428c      	cmp	r4, r1
100067a2:	d210      	bcs.n	100067c6 <_tu_fifo_peek+0x3a>
100067a4:	4294      	cmp	r4, r2
100067a6:	d809      	bhi.n	100067bc <_tu_fifo_peek+0x30>
100067a8:	1b13      	subs	r3, r2, r4
100067aa:	b29b      	uxth	r3, r3
100067ac:	816b      	strh	r3, [r5, #10]
100067ae:	e00a      	b.n	100067c6 <_tu_fifo_peek+0x3a>
100067b0:	1ad1      	subs	r1, r2, r3
100067b2:	b289      	uxth	r1, r1
100067b4:	0066      	lsls	r6, r4, #1
100067b6:	1989      	adds	r1, r1, r6
100067b8:	b289      	uxth	r1, r1
100067ba:	e7ef      	b.n	1000679c <_tu_fifo_peek+0x10>
100067bc:	18a2      	adds	r2, r4, r2
100067be:	b293      	uxth	r3, r2
100067c0:	e7f4      	b.n	100067ac <_tu_fifo_peek+0x20>
100067c2:	1b1b      	subs	r3, r3, r4
100067c4:	b29b      	uxth	r3, r3
100067c6:	429c      	cmp	r4, r3
100067c8:	d9fb      	bls.n	100067c2 <_tu_fifo_peek+0x36>
100067ca:	6829      	ldr	r1, [r5, #0]
100067cc:	88ea      	ldrh	r2, [r5, #6]
100067ce:	0452      	lsls	r2, r2, #17
100067d0:	0c52      	lsrs	r2, r2, #17
100067d2:	4353      	muls	r3, r2
100067d4:	18c9      	adds	r1, r1, r3
100067d6:	f7fd fee9 	bl	100045ac <__wrap___aeabi_memcpy>
100067da:	2001      	movs	r0, #1
100067dc:	bd70      	pop	{r4, r5, r6, pc}
100067de:	2000      	movs	r0, #0
100067e0:	e7fc      	b.n	100067dc <_tu_fifo_peek+0x50>

100067e2 <_ff_pull_const_addr>:
100067e2:	b5f0      	push	{r4, r5, r6, r7, lr}
100067e4:	b083      	sub	sp, #12
100067e6:	0006      	movs	r6, r0
100067e8:	0893      	lsrs	r3, r2, #2
100067ea:	e00c      	b.n	10006806 <_ff_pull_const_addr+0x24>
100067ec:	780b      	ldrb	r3, [r1, #0]
100067ee:	784d      	ldrb	r5, [r1, #1]
100067f0:	022d      	lsls	r5, r5, #8
100067f2:	431d      	orrs	r5, r3
100067f4:	788c      	ldrb	r4, [r1, #2]
100067f6:	0424      	lsls	r4, r4, #16
100067f8:	4325      	orrs	r5, r4
100067fa:	78cb      	ldrb	r3, [r1, #3]
100067fc:	061b      	lsls	r3, r3, #24
100067fe:	432b      	orrs	r3, r5
10006800:	6033      	str	r3, [r6, #0]
10006802:	3104      	adds	r1, #4
10006804:	003b      	movs	r3, r7
10006806:	1e5f      	subs	r7, r3, #1
10006808:	b2bf      	uxth	r7, r7
1000680a:	2b00      	cmp	r3, #0
1000680c:	d1ee      	bne.n	100067ec <_ff_pull_const_addr+0xa>
1000680e:	3303      	adds	r3, #3
10006810:	0010      	movs	r0, r2
10006812:	4018      	ands	r0, r3
10006814:	421a      	tst	r2, r3
10006816:	d101      	bne.n	1000681c <_ff_pull_const_addr+0x3a>
10006818:	b003      	add	sp, #12
1000681a:	bdf0      	pop	{r4, r5, r6, r7, pc}
1000681c:	2300      	movs	r3, #0
1000681e:	9301      	str	r3, [sp, #4]
10006820:	0002      	movs	r2, r0
10006822:	a801      	add	r0, sp, #4
10006824:	f7fd fec2 	bl	100045ac <__wrap___aeabi_memcpy>
10006828:	9b01      	ldr	r3, [sp, #4]
1000682a:	6033      	str	r3, [r6, #0]
1000682c:	e7f4      	b.n	10006818 <_ff_pull_const_addr+0x36>

1000682e <_ff_pull_n>:
1000682e:	b5f0      	push	{r4, r5, r6, r7, lr}
10006830:	46de      	mov	lr, fp
10006832:	4657      	mov	r7, sl
10006834:	464e      	mov	r6, r9
10006836:	4645      	mov	r5, r8
10006838:	b5e0      	push	{r5, r6, r7, lr}
1000683a:	b083      	sub	sp, #12
1000683c:	0005      	movs	r5, r0
1000683e:	468a      	mov	sl, r1
10006840:	a90c      	add	r1, sp, #48	; 0x30
10006842:	7809      	ldrb	r1, [r1, #0]
10006844:	8884      	ldrh	r4, [r0, #4]
10006846:	1ae0      	subs	r0, r4, r3
10006848:	b280      	uxth	r0, r0
1000684a:	1b1c      	subs	r4, r3, r4
1000684c:	1914      	adds	r4, r2, r4
1000684e:	b2a4      	uxth	r4, r4
10006850:	88ef      	ldrh	r7, [r5, #6]
10006852:	047f      	lsls	r7, r7, #17
10006854:	0c7e      	lsrs	r6, r7, #17
10006856:	0007      	movs	r7, r0
10006858:	4377      	muls	r7, r6
1000685a:	b2bf      	uxth	r7, r7
1000685c:	4374      	muls	r4, r6
1000685e:	b2a4      	uxth	r4, r4
10006860:	46a3      	mov	fp, r4
10006862:	4373      	muls	r3, r6
10006864:	682c      	ldr	r4, [r5, #0]
10006866:	46a0      	mov	r8, r4
10006868:	4498      	add	r8, r3
1000686a:	2900      	cmp	r1, #0
1000686c:	d008      	beq.n	10006880 <_ff_pull_n+0x52>
1000686e:	2901      	cmp	r1, #1
10006870:	d01a      	beq.n	100068a8 <_ff_pull_n+0x7a>
10006872:	b003      	add	sp, #12
10006874:	bcf0      	pop	{r4, r5, r6, r7}
10006876:	46bb      	mov	fp, r7
10006878:	46b2      	mov	sl, r6
1000687a:	46a9      	mov	r9, r5
1000687c:	46a0      	mov	r8, r4
1000687e:	bdf0      	pop	{r4, r5, r6, r7, pc}
10006880:	4290      	cmp	r0, r2
10006882:	d305      	bcc.n	10006890 <_ff_pull_n+0x62>
10006884:	4372      	muls	r2, r6
10006886:	4641      	mov	r1, r8
10006888:	4650      	mov	r0, sl
1000688a:	f7fd fe8f 	bl	100045ac <__wrap___aeabi_memcpy>
1000688e:	e7f0      	b.n	10006872 <_ff_pull_n+0x44>
10006890:	003a      	movs	r2, r7
10006892:	4641      	mov	r1, r8
10006894:	4650      	mov	r0, sl
10006896:	f7fd fe89 	bl	100045ac <__wrap___aeabi_memcpy>
1000689a:	6829      	ldr	r1, [r5, #0]
1000689c:	0038      	movs	r0, r7
1000689e:	4450      	add	r0, sl
100068a0:	465a      	mov	r2, fp
100068a2:	f7fd fe83 	bl	100045ac <__wrap___aeabi_memcpy>
100068a6:	e7e4      	b.n	10006872 <_ff_pull_n+0x44>
100068a8:	4290      	cmp	r0, r2
100068aa:	d306      	bcc.n	100068ba <_ff_pull_n+0x8c>
100068ac:	4372      	muls	r2, r6
100068ae:	b292      	uxth	r2, r2
100068b0:	4641      	mov	r1, r8
100068b2:	4650      	mov	r0, sl
100068b4:	f7ff ff95 	bl	100067e2 <_ff_pull_const_addr>
100068b8:	e7db      	b.n	10006872 <_ff_pull_n+0x44>
100068ba:	2303      	movs	r3, #3
100068bc:	003a      	movs	r2, r7
100068be:	439a      	bics	r2, r3
100068c0:	4691      	mov	r9, r2
100068c2:	4641      	mov	r1, r8
100068c4:	4650      	mov	r0, sl
100068c6:	f7ff ff8c 	bl	100067e2 <_ff_pull_const_addr>
100068ca:	4643      	mov	r3, r8
100068cc:	444b      	add	r3, r9
100068ce:	2103      	movs	r1, #3
100068d0:	003a      	movs	r2, r7
100068d2:	400a      	ands	r2, r1
100068d4:	420f      	tst	r7, r1
100068d6:	d030      	beq.n	1000693a <_ff_pull_n+0x10c>
100068d8:	2104      	movs	r1, #4
100068da:	1a89      	subs	r1, r1, r2
100068dc:	b289      	uxth	r1, r1
100068de:	1c08      	adds	r0, r1, #0
100068e0:	4559      	cmp	r1, fp
100068e2:	d900      	bls.n	100068e6 <_ff_pull_n+0xb8>
100068e4:	4658      	mov	r0, fp
100068e6:	b2c7      	uxtb	r7, r0
100068e8:	21ff      	movs	r1, #255	; 0xff
100068ea:	4001      	ands	r1, r0
100068ec:	4658      	mov	r0, fp
100068ee:	1a44      	subs	r4, r0, r1
100068f0:	b2a1      	uxth	r1, r4
100068f2:	468b      	mov	fp, r1
100068f4:	2100      	movs	r1, #0
100068f6:	9101      	str	r1, [sp, #4]
100068f8:	a801      	add	r0, sp, #4
100068fa:	e004      	b.n	10006906 <_ff_pull_n+0xd8>
100068fc:	781a      	ldrb	r2, [r3, #0]
100068fe:	7002      	strb	r2, [r0, #0]
10006900:	3001      	adds	r0, #1
10006902:	000a      	movs	r2, r1
10006904:	3301      	adds	r3, #1
10006906:	1e51      	subs	r1, r2, #1
10006908:	b2c9      	uxtb	r1, r1
1000690a:	2a00      	cmp	r2, #0
1000690c:	d1f6      	bne.n	100068fc <_ff_pull_n+0xce>
1000690e:	6829      	ldr	r1, [r5, #0]
10006910:	e004      	b.n	1000691c <_ff_pull_n+0xee>
10006912:	780a      	ldrb	r2, [r1, #0]
10006914:	7002      	strb	r2, [r0, #0]
10006916:	3001      	adds	r0, #1
10006918:	001f      	movs	r7, r3
1000691a:	3101      	adds	r1, #1
1000691c:	1e7b      	subs	r3, r7, #1
1000691e:	b2db      	uxtb	r3, r3
10006920:	2f00      	cmp	r7, #0
10006922:	d1f6      	bne.n	10006912 <_ff_pull_n+0xe4>
10006924:	4653      	mov	r3, sl
10006926:	9a01      	ldr	r2, [sp, #4]
10006928:	601a      	str	r2, [r3, #0]
1000692a:	465b      	mov	r3, fp
1000692c:	2b00      	cmp	r3, #0
1000692e:	d0a0      	beq.n	10006872 <_ff_pull_n+0x44>
10006930:	465a      	mov	r2, fp
10006932:	4650      	mov	r0, sl
10006934:	f7ff ff55 	bl	100067e2 <_ff_pull_const_addr>
10006938:	e79b      	b.n	10006872 <_ff_pull_n+0x44>
1000693a:	6829      	ldr	r1, [r5, #0]
1000693c:	e7f5      	b.n	1000692a <_ff_pull_n+0xfc>

1000693e <_tu_fifo_peek_n>:
1000693e:	b5f0      	push	{r4, r5, r6, r7, lr}
10006940:	46c6      	mov	lr, r8
10006942:	b500      	push	{lr}
10006944:	b082      	sub	sp, #8
10006946:	001e      	movs	r6, r3
10006948:	ab08      	add	r3, sp, #32
1000694a:	881b      	ldrh	r3, [r3, #0]
1000694c:	ac09      	add	r4, sp, #36	; 0x24
1000694e:	7827      	ldrb	r7, [r4, #0]
10006950:	8884      	ldrh	r4, [r0, #4]
10006952:	429e      	cmp	r6, r3
10006954:	d30f      	bcc.n	10006976 <_tu_fifo_peek_n+0x38>
10006956:	1af5      	subs	r5, r6, r3
10006958:	b2ad      	uxth	r5, r5
1000695a:	2d00      	cmp	r5, #0
1000695c:	d01f      	beq.n	1000699e <_tu_fifo_peek_n+0x60>
1000695e:	42ac      	cmp	r4, r5
10006960:	d205      	bcs.n	1000696e <_tu_fifo_peek_n+0x30>
10006962:	42b4      	cmp	r4, r6
10006964:	d810      	bhi.n	10006988 <_tu_fifo_peek_n+0x4a>
10006966:	1b33      	subs	r3, r6, r4
10006968:	b29b      	uxth	r3, r3
1000696a:	8143      	strh	r3, [r0, #10]
1000696c:	0025      	movs	r5, r4
1000696e:	4295      	cmp	r5, r2
10006970:	d30f      	bcc.n	10006992 <_tu_fifo_peek_n+0x54>
10006972:	0015      	movs	r5, r2
10006974:	e00d      	b.n	10006992 <_tu_fifo_peek_n+0x54>
10006976:	1af5      	subs	r5, r6, r3
10006978:	b2ad      	uxth	r5, r5
1000697a:	46a8      	mov	r8, r5
1000697c:	0065      	lsls	r5, r4, #1
1000697e:	46ac      	mov	ip, r5
10006980:	4645      	mov	r5, r8
10006982:	4465      	add	r5, ip
10006984:	b2ad      	uxth	r5, r5
10006986:	e7e8      	b.n	1000695a <_tu_fifo_peek_n+0x1c>
10006988:	19a6      	adds	r6, r4, r6
1000698a:	b2b3      	uxth	r3, r6
1000698c:	e7ed      	b.n	1000696a <_tu_fifo_peek_n+0x2c>
1000698e:	1b1b      	subs	r3, r3, r4
10006990:	b29b      	uxth	r3, r3
10006992:	429c      	cmp	r4, r3
10006994:	d9fb      	bls.n	1000698e <_tu_fifo_peek_n+0x50>
10006996:	9700      	str	r7, [sp, #0]
10006998:	002a      	movs	r2, r5
1000699a:	f7ff ff48 	bl	1000682e <_ff_pull_n>
1000699e:	0028      	movs	r0, r5
100069a0:	b002      	add	sp, #8
100069a2:	bc80      	pop	{r7}
100069a4:	46b8      	mov	r8, r7
100069a6:	bdf0      	pop	{r4, r5, r6, r7, pc}

100069a8 <_tu_fifo_read_n>:
100069a8:	b5f0      	push	{r4, r5, r6, r7, lr}
100069aa:	b083      	sub	sp, #12
100069ac:	0004      	movs	r4, r0
100069ae:	000d      	movs	r5, r1
100069b0:	0016      	movs	r6, r2
100069b2:	001f      	movs	r7, r3
100069b4:	6900      	ldr	r0, [r0, #16]
100069b6:	2800      	cmp	r0, #0
100069b8:	d003      	beq.n	100069c2 <_tu_fifo_read_n+0x1a>
100069ba:	2101      	movs	r1, #1
100069bc:	4249      	negs	r1, r1
100069be:	f000 fc4b 	bl	10007258 <__mutex_enter_timeout_ms_veneer>
100069c2:	8923      	ldrh	r3, [r4, #8]
100069c4:	b29b      	uxth	r3, r3
100069c6:	8962      	ldrh	r2, [r4, #10]
100069c8:	9701      	str	r7, [sp, #4]
100069ca:	9200      	str	r2, [sp, #0]
100069cc:	0032      	movs	r2, r6
100069ce:	0029      	movs	r1, r5
100069d0:	0020      	movs	r0, r4
100069d2:	f7ff ffb4 	bl	1000693e <_tu_fifo_peek_n>
100069d6:	0005      	movs	r5, r0
100069d8:	8961      	ldrh	r1, [r4, #10]
100069da:	b289      	uxth	r1, r1
100069dc:	88a0      	ldrh	r0, [r4, #4]
100069de:	002a      	movs	r2, r5
100069e0:	f7ff fec7 	bl	10006772 <advance_index>
100069e4:	8160      	strh	r0, [r4, #10]
100069e6:	6920      	ldr	r0, [r4, #16]
100069e8:	2800      	cmp	r0, #0
100069ea:	d001      	beq.n	100069f0 <_tu_fifo_read_n+0x48>
100069ec:	f000 fc14 	bl	10007218 <__mutex_exit_veneer>
100069f0:	0028      	movs	r0, r5
100069f2:	b003      	add	sp, #12
100069f4:	bdf0      	pop	{r4, r5, r6, r7, pc}

100069f6 <_ff_push_const_addr>:
100069f6:	b570      	push	{r4, r5, r6, lr}
100069f8:	b082      	sub	sp, #8
100069fa:	0016      	movs	r6, r2
100069fc:	0895      	lsrs	r5, r2, #2
100069fe:	e009      	b.n	10006a14 <_ff_push_const_addr+0x1e>
10006a00:	680b      	ldr	r3, [r1, #0]
10006a02:	7003      	strb	r3, [r0, #0]
10006a04:	0a1d      	lsrs	r5, r3, #8
10006a06:	7045      	strb	r5, [r0, #1]
10006a08:	0c1d      	lsrs	r5, r3, #16
10006a0a:	7085      	strb	r5, [r0, #2]
10006a0c:	0e1b      	lsrs	r3, r3, #24
10006a0e:	70c3      	strb	r3, [r0, #3]
10006a10:	3004      	adds	r0, #4
10006a12:	0025      	movs	r5, r4
10006a14:	1e6c      	subs	r4, r5, #1
10006a16:	b2a4      	uxth	r4, r4
10006a18:	2d00      	cmp	r5, #0
10006a1a:	d1f1      	bne.n	10006a00 <_ff_push_const_addr+0xa>
10006a1c:	2303      	movs	r3, #3
10006a1e:	0032      	movs	r2, r6
10006a20:	401a      	ands	r2, r3
10006a22:	421e      	tst	r6, r3
10006a24:	d101      	bne.n	10006a2a <_ff_push_const_addr+0x34>
10006a26:	b002      	add	sp, #8
10006a28:	bd70      	pop	{r4, r5, r6, pc}
10006a2a:	680b      	ldr	r3, [r1, #0]
10006a2c:	9301      	str	r3, [sp, #4]
10006a2e:	a901      	add	r1, sp, #4
10006a30:	f7fd fdbc 	bl	100045ac <__wrap___aeabi_memcpy>
10006a34:	e7f7      	b.n	10006a26 <_ff_push_const_addr+0x30>

10006a36 <_ff_push_n>:
10006a36:	b5f0      	push	{r4, r5, r6, r7, lr}
10006a38:	46de      	mov	lr, fp
10006a3a:	4657      	mov	r7, sl
10006a3c:	464e      	mov	r6, r9
10006a3e:	4645      	mov	r5, r8
10006a40:	b5e0      	push	{r5, r6, r7, lr}
10006a42:	b083      	sub	sp, #12
10006a44:	0005      	movs	r5, r0
10006a46:	468a      	mov	sl, r1
10006a48:	a90c      	add	r1, sp, #48	; 0x30
10006a4a:	7808      	ldrb	r0, [r1, #0]
10006a4c:	88ac      	ldrh	r4, [r5, #4]
10006a4e:	1ae1      	subs	r1, r4, r3
10006a50:	b289      	uxth	r1, r1
10006a52:	1b1c      	subs	r4, r3, r4
10006a54:	1914      	adds	r4, r2, r4
10006a56:	b2a4      	uxth	r4, r4
10006a58:	88ef      	ldrh	r7, [r5, #6]
10006a5a:	047f      	lsls	r7, r7, #17
10006a5c:	0c7e      	lsrs	r6, r7, #17
10006a5e:	000f      	movs	r7, r1
10006a60:	4377      	muls	r7, r6
10006a62:	b2bf      	uxth	r7, r7
10006a64:	4374      	muls	r4, r6
10006a66:	b2a4      	uxth	r4, r4
10006a68:	46a3      	mov	fp, r4
10006a6a:	4373      	muls	r3, r6
10006a6c:	682c      	ldr	r4, [r5, #0]
10006a6e:	46a0      	mov	r8, r4
10006a70:	4498      	add	r8, r3
10006a72:	2800      	cmp	r0, #0
10006a74:	d008      	beq.n	10006a88 <_ff_push_n+0x52>
10006a76:	2801      	cmp	r0, #1
10006a78:	d01a      	beq.n	10006ab0 <_ff_push_n+0x7a>
10006a7a:	b003      	add	sp, #12
10006a7c:	bcf0      	pop	{r4, r5, r6, r7}
10006a7e:	46bb      	mov	fp, r7
10006a80:	46b2      	mov	sl, r6
10006a82:	46a9      	mov	r9, r5
10006a84:	46a0      	mov	r8, r4
10006a86:	bdf0      	pop	{r4, r5, r6, r7, pc}
10006a88:	4291      	cmp	r1, r2
10006a8a:	d305      	bcc.n	10006a98 <_ff_push_n+0x62>
10006a8c:	4372      	muls	r2, r6
10006a8e:	4651      	mov	r1, sl
10006a90:	4640      	mov	r0, r8
10006a92:	f7fd fd8b 	bl	100045ac <__wrap___aeabi_memcpy>
10006a96:	e7f0      	b.n	10006a7a <_ff_push_n+0x44>
10006a98:	003a      	movs	r2, r7
10006a9a:	4651      	mov	r1, sl
10006a9c:	4640      	mov	r0, r8
10006a9e:	f7fd fd85 	bl	100045ac <__wrap___aeabi_memcpy>
10006aa2:	6828      	ldr	r0, [r5, #0]
10006aa4:	0039      	movs	r1, r7
10006aa6:	4451      	add	r1, sl
10006aa8:	465a      	mov	r2, fp
10006aaa:	f7fd fd7f 	bl	100045ac <__wrap___aeabi_memcpy>
10006aae:	e7e4      	b.n	10006a7a <_ff_push_n+0x44>
10006ab0:	4291      	cmp	r1, r2
10006ab2:	d306      	bcc.n	10006ac2 <_ff_push_n+0x8c>
10006ab4:	4372      	muls	r2, r6
10006ab6:	b292      	uxth	r2, r2
10006ab8:	4651      	mov	r1, sl
10006aba:	4640      	mov	r0, r8
10006abc:	f7ff ff9b 	bl	100069f6 <_ff_push_const_addr>
10006ac0:	e7db      	b.n	10006a7a <_ff_push_n+0x44>
10006ac2:	2303      	movs	r3, #3
10006ac4:	003a      	movs	r2, r7
10006ac6:	439a      	bics	r2, r3
10006ac8:	4691      	mov	r9, r2
10006aca:	4651      	mov	r1, sl
10006acc:	4640      	mov	r0, r8
10006ace:	f7ff ff92 	bl	100069f6 <_ff_push_const_addr>
10006ad2:	4643      	mov	r3, r8
10006ad4:	444b      	add	r3, r9
10006ad6:	2103      	movs	r1, #3
10006ad8:	003a      	movs	r2, r7
10006ada:	400a      	ands	r2, r1
10006adc:	420f      	tst	r7, r1
10006ade:	d02e      	beq.n	10006b3e <_ff_push_n+0x108>
10006ae0:	2104      	movs	r1, #4
10006ae2:	1a89      	subs	r1, r1, r2
10006ae4:	b289      	uxth	r1, r1
10006ae6:	1c08      	adds	r0, r1, #0
10006ae8:	4559      	cmp	r1, fp
10006aea:	d900      	bls.n	10006aee <_ff_push_n+0xb8>
10006aec:	4658      	mov	r0, fp
10006aee:	b2c7      	uxtb	r7, r0
10006af0:	21ff      	movs	r1, #255	; 0xff
10006af2:	4001      	ands	r1, r0
10006af4:	4658      	mov	r0, fp
10006af6:	1a44      	subs	r4, r0, r1
10006af8:	b2a1      	uxth	r1, r4
10006afa:	468b      	mov	fp, r1
10006afc:	4651      	mov	r1, sl
10006afe:	6809      	ldr	r1, [r1, #0]
10006b00:	9101      	str	r1, [sp, #4]
10006b02:	a901      	add	r1, sp, #4
10006b04:	e004      	b.n	10006b10 <_ff_push_n+0xda>
10006b06:	780a      	ldrb	r2, [r1, #0]
10006b08:	701a      	strb	r2, [r3, #0]
10006b0a:	3101      	adds	r1, #1
10006b0c:	0002      	movs	r2, r0
10006b0e:	3301      	adds	r3, #1
10006b10:	1e50      	subs	r0, r2, #1
10006b12:	b2c0      	uxtb	r0, r0
10006b14:	2a00      	cmp	r2, #0
10006b16:	d1f6      	bne.n	10006b06 <_ff_push_n+0xd0>
10006b18:	6828      	ldr	r0, [r5, #0]
10006b1a:	e004      	b.n	10006b26 <_ff_push_n+0xf0>
10006b1c:	780a      	ldrb	r2, [r1, #0]
10006b1e:	7002      	strb	r2, [r0, #0]
10006b20:	3101      	adds	r1, #1
10006b22:	001f      	movs	r7, r3
10006b24:	3001      	adds	r0, #1
10006b26:	1e7b      	subs	r3, r7, #1
10006b28:	b2db      	uxtb	r3, r3
10006b2a:	2f00      	cmp	r7, #0
10006b2c:	d1f6      	bne.n	10006b1c <_ff_push_n+0xe6>
10006b2e:	465b      	mov	r3, fp
10006b30:	2b00      	cmp	r3, #0
10006b32:	d0a2      	beq.n	10006a7a <_ff_push_n+0x44>
10006b34:	465a      	mov	r2, fp
10006b36:	4651      	mov	r1, sl
10006b38:	f7ff ff5d 	bl	100069f6 <_ff_push_const_addr>
10006b3c:	e79d      	b.n	10006a7a <_ff_push_n+0x44>
10006b3e:	6828      	ldr	r0, [r5, #0]
10006b40:	e7f5      	b.n	10006b2e <_ff_push_n+0xf8>

10006b42 <_tu_fifo_write_n>:
10006b42:	b5f0      	push	{r4, r5, r6, r7, lr}
10006b44:	b085      	sub	sp, #20
10006b46:	0006      	movs	r6, r0
10006b48:	9103      	str	r1, [sp, #12]
10006b4a:	1e15      	subs	r5, r2, #0
10006b4c:	9302      	str	r3, [sp, #8]
10006b4e:	d100      	bne.n	10006b52 <_tu_fifo_write_n+0x10>
10006b50:	e06d      	b.n	10006c2e <_tu_fifo_write_n+0xec>
10006b52:	68c0      	ldr	r0, [r0, #12]
10006b54:	2800      	cmp	r0, #0
10006b56:	d003      	beq.n	10006b60 <_tu_fifo_write_n+0x1e>
10006b58:	2101      	movs	r1, #1
10006b5a:	4249      	negs	r1, r1
10006b5c:	f000 fb7c 	bl	10007258 <__mutex_enter_timeout_ms_veneer>
10006b60:	8934      	ldrh	r4, [r6, #8]
10006b62:	b2a4      	uxth	r4, r4
10006b64:	8971      	ldrh	r1, [r6, #10]
10006b66:	b289      	uxth	r1, r1
10006b68:	79f3      	ldrb	r3, [r6, #7]
10006b6a:	09db      	lsrs	r3, r3, #7
10006b6c:	d11a      	bne.n	10006ba4 <_tu_fifo_write_n+0x62>
10006b6e:	88b3      	ldrh	r3, [r6, #4]
10006b70:	428c      	cmp	r4, r1
10006b72:	d30f      	bcc.n	10006b94 <_tu_fifo_write_n+0x52>
10006b74:	1a61      	subs	r1, r4, r1
10006b76:	b289      	uxth	r1, r1
10006b78:	428b      	cmp	r3, r1
10006b7a:	d911      	bls.n	10006ba0 <_tu_fifo_write_n+0x5e>
10006b7c:	1a5b      	subs	r3, r3, r1
10006b7e:	b29b      	uxth	r3, r3
10006b80:	1c2f      	adds	r7, r5, #0
10006b82:	429d      	cmp	r5, r3
10006b84:	d900      	bls.n	10006b88 <_tu_fifo_write_n+0x46>
10006b86:	1c1f      	adds	r7, r3, #0
10006b88:	b2bf      	uxth	r7, r7
10006b8a:	2f00      	cmp	r7, #0
10006b8c:	d047      	beq.n	10006c1e <_tu_fifo_write_n+0xdc>
10006b8e:	88b2      	ldrh	r2, [r6, #4]
10006b90:	0023      	movs	r3, r4
10006b92:	e035      	b.n	10006c00 <_tu_fifo_write_n+0xbe>
10006b94:	1a61      	subs	r1, r4, r1
10006b96:	b289      	uxth	r1, r1
10006b98:	005a      	lsls	r2, r3, #1
10006b9a:	1889      	adds	r1, r1, r2
10006b9c:	b289      	uxth	r1, r1
10006b9e:	e7eb      	b.n	10006b78 <_tu_fifo_write_n+0x36>
10006ba0:	2300      	movs	r3, #0
10006ba2:	e7ed      	b.n	10006b80 <_tu_fifo_write_n+0x3e>
10006ba4:	88b7      	ldrh	r7, [r6, #4]
10006ba6:	42af      	cmp	r7, r5
10006ba8:	d80e      	bhi.n	10006bc8 <_tu_fifo_write_n+0x86>
10006baa:	9b02      	ldr	r3, [sp, #8]
10006bac:	2b00      	cmp	r3, #0
10006bae:	d121      	bne.n	10006bf4 <_tu_fifo_write_n+0xb2>
10006bb0:	1bed      	subs	r5, r5, r7
10006bb2:	88f3      	ldrh	r3, [r6, #6]
10006bb4:	045b      	lsls	r3, r3, #17
10006bb6:	0c5a      	lsrs	r2, r3, #17
10006bb8:	436a      	muls	r2, r5
10006bba:	9b03      	ldr	r3, [sp, #12]
10006bbc:	469c      	mov	ip, r3
10006bbe:	4494      	add	ip, r2
10006bc0:	4663      	mov	r3, ip
10006bc2:	9303      	str	r3, [sp, #12]
10006bc4:	000c      	movs	r4, r1
10006bc6:	e7e0      	b.n	10006b8a <_tu_fifo_write_n+0x48>
10006bc8:	428c      	cmp	r4, r1
10006bca:	d30d      	bcc.n	10006be8 <_tu_fifo_write_n+0xa6>
10006bcc:	1a63      	subs	r3, r4, r1
10006bce:	b29b      	uxth	r3, r3
10006bd0:	195b      	adds	r3, r3, r5
10006bd2:	007a      	lsls	r2, r7, #1
10006bd4:	4293      	cmp	r3, r2
10006bd6:	db0f      	blt.n	10006bf8 <_tu_fifo_write_n+0xb6>
10006bd8:	1b7a      	subs	r2, r7, r5
10006bda:	b292      	uxth	r2, r2
10006bdc:	0038      	movs	r0, r7
10006bde:	f7ff fdc8 	bl	10006772 <advance_index>
10006be2:	0004      	movs	r4, r0
10006be4:	002f      	movs	r7, r5
10006be6:	e7d0      	b.n	10006b8a <_tu_fifo_write_n+0x48>
10006be8:	1a63      	subs	r3, r4, r1
10006bea:	b29b      	uxth	r3, r3
10006bec:	007a      	lsls	r2, r7, #1
10006bee:	189b      	adds	r3, r3, r2
10006bf0:	b29b      	uxth	r3, r3
10006bf2:	e7ed      	b.n	10006bd0 <_tu_fifo_write_n+0x8e>
10006bf4:	000c      	movs	r4, r1
10006bf6:	e7c8      	b.n	10006b8a <_tu_fifo_write_n+0x48>
10006bf8:	002f      	movs	r7, r5
10006bfa:	e7c6      	b.n	10006b8a <_tu_fifo_write_n+0x48>
10006bfc:	1a9b      	subs	r3, r3, r2
10006bfe:	b29b      	uxth	r3, r3
10006c00:	429a      	cmp	r2, r3
10006c02:	d9fb      	bls.n	10006bfc <_tu_fifo_write_n+0xba>
10006c04:	9a02      	ldr	r2, [sp, #8]
10006c06:	9200      	str	r2, [sp, #0]
10006c08:	003a      	movs	r2, r7
10006c0a:	9903      	ldr	r1, [sp, #12]
10006c0c:	0030      	movs	r0, r6
10006c0e:	f7ff ff12 	bl	10006a36 <_ff_push_n>
10006c12:	88b0      	ldrh	r0, [r6, #4]
10006c14:	003a      	movs	r2, r7
10006c16:	0021      	movs	r1, r4
10006c18:	f7ff fdab 	bl	10006772 <advance_index>
10006c1c:	8130      	strh	r0, [r6, #8]
10006c1e:	68f0      	ldr	r0, [r6, #12]
10006c20:	2800      	cmp	r0, #0
10006c22:	d001      	beq.n	10006c28 <_tu_fifo_write_n+0xe6>
10006c24:	f000 faf8 	bl	10007218 <__mutex_exit_veneer>
10006c28:	0038      	movs	r0, r7
10006c2a:	b005      	add	sp, #20
10006c2c:	bdf0      	pop	{r4, r5, r6, r7, pc}
10006c2e:	0017      	movs	r7, r2
10006c30:	e7fa      	b.n	10006c28 <_tu_fifo_write_n+0xe6>

10006c32 <tu_fifo_config>:
10006c32:	b5f0      	push	{r4, r5, r6, r7, lr}
10006c34:	b083      	sub	sp, #12
10006c36:	0004      	movs	r4, r0
10006c38:	9101      	str	r1, [sp, #4]
10006c3a:	0016      	movs	r6, r2
10006c3c:	001d      	movs	r5, r3
10006c3e:	ab08      	add	r3, sp, #32
10006c40:	781f      	ldrb	r7, [r3, #0]
10006c42:	2380      	movs	r3, #128	; 0x80
10006c44:	021b      	lsls	r3, r3, #8
10006c46:	429a      	cmp	r2, r3
10006c48:	d82d      	bhi.n	10006ca6 <tu_fifo_config+0x74>
10006c4a:	68c0      	ldr	r0, [r0, #12]
10006c4c:	2800      	cmp	r0, #0
10006c4e:	d003      	beq.n	10006c58 <tu_fifo_config+0x26>
10006c50:	2101      	movs	r1, #1
10006c52:	4249      	negs	r1, r1
10006c54:	f000 fb00 	bl	10007258 <__mutex_enter_timeout_ms_veneer>
10006c58:	6920      	ldr	r0, [r4, #16]
10006c5a:	2800      	cmp	r0, #0
10006c5c:	d003      	beq.n	10006c66 <tu_fifo_config+0x34>
10006c5e:	2101      	movs	r1, #1
10006c60:	4249      	negs	r1, r1
10006c62:	f000 faf9 	bl	10007258 <__mutex_enter_timeout_ms_veneer>
10006c66:	9b01      	ldr	r3, [sp, #4]
10006c68:	6023      	str	r3, [r4, #0]
10006c6a:	80a6      	strh	r6, [r4, #4]
10006c6c:	046d      	lsls	r5, r5, #17
10006c6e:	0c6b      	lsrs	r3, r5, #17
10006c70:	88e2      	ldrh	r2, [r4, #6]
10006c72:	0bd2      	lsrs	r2, r2, #15
10006c74:	03d5      	lsls	r5, r2, #15
10006c76:	431d      	orrs	r5, r3
10006c78:	80e5      	strh	r5, [r4, #6]
10006c7a:	01fb      	lsls	r3, r7, #7
10006c7c:	79e2      	ldrb	r2, [r4, #7]
10006c7e:	277f      	movs	r7, #127	; 0x7f
10006c80:	4017      	ands	r7, r2
10006c82:	431f      	orrs	r7, r3
10006c84:	71e7      	strb	r7, [r4, #7]
10006c86:	2300      	movs	r3, #0
10006c88:	8163      	strh	r3, [r4, #10]
10006c8a:	8123      	strh	r3, [r4, #8]
10006c8c:	68e0      	ldr	r0, [r4, #12]
10006c8e:	2800      	cmp	r0, #0
10006c90:	d001      	beq.n	10006c96 <tu_fifo_config+0x64>
10006c92:	f000 fac1 	bl	10007218 <__mutex_exit_veneer>
10006c96:	6920      	ldr	r0, [r4, #16]
10006c98:	2800      	cmp	r0, #0
10006c9a:	d006      	beq.n	10006caa <tu_fifo_config+0x78>
10006c9c:	f000 fabc 	bl	10007218 <__mutex_exit_veneer>
10006ca0:	2001      	movs	r0, #1
10006ca2:	b003      	add	sp, #12
10006ca4:	bdf0      	pop	{r4, r5, r6, r7, pc}
10006ca6:	2000      	movs	r0, #0
10006ca8:	e7fb      	b.n	10006ca2 <tu_fifo_config+0x70>
10006caa:	2001      	movs	r0, #1
10006cac:	e7f9      	b.n	10006ca2 <tu_fifo_config+0x70>

10006cae <tu_fifo_count>:
10006cae:	8881      	ldrh	r1, [r0, #4]
10006cb0:	8903      	ldrh	r3, [r0, #8]
10006cb2:	b29b      	uxth	r3, r3
10006cb4:	8942      	ldrh	r2, [r0, #10]
10006cb6:	b292      	uxth	r2, r2
10006cb8:	4293      	cmp	r3, r2
10006cba:	d307      	bcc.n	10006ccc <tu_fifo_count+0x1e>
10006cbc:	1a9b      	subs	r3, r3, r2
10006cbe:	b29b      	uxth	r3, r3
10006cc0:	1c08      	adds	r0, r1, #0
10006cc2:	4299      	cmp	r1, r3
10006cc4:	d900      	bls.n	10006cc8 <tu_fifo_count+0x1a>
10006cc6:	1c18      	adds	r0, r3, #0
10006cc8:	b280      	uxth	r0, r0
10006cca:	4770      	bx	lr
10006ccc:	1a9b      	subs	r3, r3, r2
10006cce:	b29b      	uxth	r3, r3
10006cd0:	004a      	lsls	r2, r1, #1
10006cd2:	189b      	adds	r3, r3, r2
10006cd4:	b29b      	uxth	r3, r3
10006cd6:	e7f3      	b.n	10006cc0 <tu_fifo_count+0x12>

10006cd8 <tu_fifo_empty>:
10006cd8:	0003      	movs	r3, r0
10006cda:	8900      	ldrh	r0, [r0, #8]
10006cdc:	895b      	ldrh	r3, [r3, #10]
10006cde:	1ac0      	subs	r0, r0, r3
10006ce0:	4243      	negs	r3, r0
10006ce2:	4158      	adcs	r0, r3
10006ce4:	b2c0      	uxtb	r0, r0
10006ce6:	4770      	bx	lr

10006ce8 <tu_fifo_full>:
10006ce8:	8881      	ldrh	r1, [r0, #4]
10006cea:	8903      	ldrh	r3, [r0, #8]
10006cec:	b29b      	uxth	r3, r3
10006cee:	8942      	ldrh	r2, [r0, #10]
10006cf0:	b292      	uxth	r2, r2
10006cf2:	4293      	cmp	r3, r2
10006cf4:	d306      	bcc.n	10006d04 <tu_fifo_full+0x1c>
10006cf6:	1a9b      	subs	r3, r3, r2
10006cf8:	b29b      	uxth	r3, r3
10006cfa:	2000      	movs	r0, #0
10006cfc:	428b      	cmp	r3, r1
10006cfe:	4140      	adcs	r0, r0
10006d00:	b2c0      	uxtb	r0, r0
10006d02:	4770      	bx	lr
10006d04:	1a9b      	subs	r3, r3, r2
10006d06:	b29b      	uxth	r3, r3
10006d08:	004a      	lsls	r2, r1, #1
10006d0a:	189b      	adds	r3, r3, r2
10006d0c:	b29b      	uxth	r3, r3
10006d0e:	e7f4      	b.n	10006cfa <tu_fifo_full+0x12>

10006d10 <tu_fifo_remaining>:
10006d10:	8882      	ldrh	r2, [r0, #4]
10006d12:	8903      	ldrh	r3, [r0, #8]
10006d14:	b29b      	uxth	r3, r3
10006d16:	8940      	ldrh	r0, [r0, #10]
10006d18:	b280      	uxth	r0, r0
10006d1a:	4283      	cmp	r3, r0
10006d1c:	d306      	bcc.n	10006d2c <tu_fifo_remaining+0x1c>
10006d1e:	1a1b      	subs	r3, r3, r0
10006d20:	b29b      	uxth	r3, r3
10006d22:	429a      	cmp	r2, r3
10006d24:	d908      	bls.n	10006d38 <tu_fifo_remaining+0x28>
10006d26:	1ad3      	subs	r3, r2, r3
10006d28:	b298      	uxth	r0, r3
10006d2a:	4770      	bx	lr
10006d2c:	1a1b      	subs	r3, r3, r0
10006d2e:	b29b      	uxth	r3, r3
10006d30:	0050      	lsls	r0, r2, #1
10006d32:	181b      	adds	r3, r3, r0
10006d34:	b29b      	uxth	r3, r3
10006d36:	e7f4      	b.n	10006d22 <tu_fifo_remaining+0x12>
10006d38:	2000      	movs	r0, #0
10006d3a:	e7f6      	b.n	10006d2a <tu_fifo_remaining+0x1a>

10006d3c <tu_fifo_read>:
10006d3c:	b570      	push	{r4, r5, r6, lr}
10006d3e:	0004      	movs	r4, r0
10006d40:	000d      	movs	r5, r1
10006d42:	6900      	ldr	r0, [r0, #16]
10006d44:	2800      	cmp	r0, #0
10006d46:	d003      	beq.n	10006d50 <tu_fifo_read+0x14>
10006d48:	2101      	movs	r1, #1
10006d4a:	4249      	negs	r1, r1
10006d4c:	f000 fa84 	bl	10007258 <__mutex_enter_timeout_ms_veneer>
10006d50:	8922      	ldrh	r2, [r4, #8]
10006d52:	b292      	uxth	r2, r2
10006d54:	8963      	ldrh	r3, [r4, #10]
10006d56:	b29b      	uxth	r3, r3
10006d58:	0029      	movs	r1, r5
10006d5a:	0020      	movs	r0, r4
10006d5c:	f7ff fd16 	bl	1000678c <_tu_fifo_peek>
10006d60:	0005      	movs	r5, r0
10006d62:	8961      	ldrh	r1, [r4, #10]
10006d64:	b289      	uxth	r1, r1
10006d66:	b282      	uxth	r2, r0
10006d68:	88a0      	ldrh	r0, [r4, #4]
10006d6a:	f7ff fd02 	bl	10006772 <advance_index>
10006d6e:	8160      	strh	r0, [r4, #10]
10006d70:	6920      	ldr	r0, [r4, #16]
10006d72:	2800      	cmp	r0, #0
10006d74:	d001      	beq.n	10006d7a <tu_fifo_read+0x3e>
10006d76:	f000 fa4f 	bl	10007218 <__mutex_exit_veneer>
10006d7a:	0028      	movs	r0, r5
10006d7c:	bd70      	pop	{r4, r5, r6, pc}

10006d7e <tu_fifo_read_n>:
10006d7e:	b510      	push	{r4, lr}
10006d80:	2300      	movs	r3, #0
10006d82:	f7ff fe11 	bl	100069a8 <_tu_fifo_read_n>
10006d86:	bd10      	pop	{r4, pc}

10006d88 <tu_fifo_write>:
10006d88:	b5f8      	push	{r3, r4, r5, r6, r7, lr}
10006d8a:	0004      	movs	r4, r0
10006d8c:	000e      	movs	r6, r1
10006d8e:	68c0      	ldr	r0, [r0, #12]
10006d90:	2800      	cmp	r0, #0
10006d92:	d003      	beq.n	10006d9c <tu_fifo_write+0x14>
10006d94:	2101      	movs	r1, #1
10006d96:	4249      	negs	r1, r1
10006d98:	f000 fa5e 	bl	10007258 <__mutex_enter_timeout_ms_veneer>
10006d9c:	8925      	ldrh	r5, [r4, #8]
10006d9e:	b2ad      	uxth	r5, r5
10006da0:	0020      	movs	r0, r4
10006da2:	f7ff ffa1 	bl	10006ce8 <tu_fifo_full>
10006da6:	2800      	cmp	r0, #0
10006da8:	d002      	beq.n	10006db0 <tu_fifo_write+0x28>
10006daa:	79e7      	ldrb	r7, [r4, #7]
10006dac:	09ff      	lsrs	r7, r7, #7
10006dae:	d016      	beq.n	10006dde <tu_fifo_write+0x56>
10006db0:	88a2      	ldrh	r2, [r4, #4]
10006db2:	002b      	movs	r3, r5
10006db4:	e001      	b.n	10006dba <tu_fifo_write+0x32>
10006db6:	1a9b      	subs	r3, r3, r2
10006db8:	b29b      	uxth	r3, r3
10006dba:	429a      	cmp	r2, r3
10006dbc:	d9fb      	bls.n	10006db6 <tu_fifo_write+0x2e>
10006dbe:	88e2      	ldrh	r2, [r4, #6]
10006dc0:	0452      	lsls	r2, r2, #17
10006dc2:	0c52      	lsrs	r2, r2, #17
10006dc4:	4353      	muls	r3, r2
10006dc6:	6821      	ldr	r1, [r4, #0]
10006dc8:	18c8      	adds	r0, r1, r3
10006dca:	0031      	movs	r1, r6
10006dcc:	f7fd fbee 	bl	100045ac <__wrap___aeabi_memcpy>
10006dd0:	88a0      	ldrh	r0, [r4, #4]
10006dd2:	2201      	movs	r2, #1
10006dd4:	0029      	movs	r1, r5
10006dd6:	f7ff fccc 	bl	10006772 <advance_index>
10006dda:	8120      	strh	r0, [r4, #8]
10006ddc:	2701      	movs	r7, #1
10006dde:	68e0      	ldr	r0, [r4, #12]
10006de0:	2800      	cmp	r0, #0
10006de2:	d001      	beq.n	10006de8 <tu_fifo_write+0x60>
10006de4:	f000 fa18 	bl	10007218 <__mutex_exit_veneer>
10006de8:	0038      	movs	r0, r7
10006dea:	bdf8      	pop	{r3, r4, r5, r6, r7, pc}

10006dec <tu_fifo_write_n>:
10006dec:	b510      	push	{r4, lr}
10006dee:	2300      	movs	r3, #0
10006df0:	f7ff fea7 	bl	10006b42 <_tu_fifo_write_n>
10006df4:	bd10      	pop	{r4, pc}

10006df6 <tu_fifo_clear>:
10006df6:	b510      	push	{r4, lr}
10006df8:	0004      	movs	r4, r0
10006dfa:	68c0      	ldr	r0, [r0, #12]
10006dfc:	2800      	cmp	r0, #0
10006dfe:	d003      	beq.n	10006e08 <tu_fifo_clear+0x12>
10006e00:	2101      	movs	r1, #1
10006e02:	4249      	negs	r1, r1
10006e04:	f000 fa28 	bl	10007258 <__mutex_enter_timeout_ms_veneer>
10006e08:	6920      	ldr	r0, [r4, #16]
10006e0a:	2800      	cmp	r0, #0
10006e0c:	d003      	beq.n	10006e16 <tu_fifo_clear+0x20>
10006e0e:	2101      	movs	r1, #1
10006e10:	4249      	negs	r1, r1
10006e12:	f000 fa21 	bl	10007258 <__mutex_enter_timeout_ms_veneer>
10006e16:	2300      	movs	r3, #0
10006e18:	8163      	strh	r3, [r4, #10]
10006e1a:	8123      	strh	r3, [r4, #8]
10006e1c:	68e0      	ldr	r0, [r4, #12]
10006e1e:	2800      	cmp	r0, #0
10006e20:	d001      	beq.n	10006e26 <tu_fifo_clear+0x30>
10006e22:	f000 f9f9 	bl	10007218 <__mutex_exit_veneer>
10006e26:	6920      	ldr	r0, [r4, #16]
10006e28:	2800      	cmp	r0, #0
10006e2a:	d001      	beq.n	10006e30 <tu_fifo_clear+0x3a>
10006e2c:	f000 f9f4 	bl	10007218 <__mutex_exit_veneer>
10006e30:	2001      	movs	r0, #1
10006e32:	bd10      	pop	{r4, pc}

10006e34 <tu_fifo_set_overwritable>:
10006e34:	b570      	push	{r4, r5, r6, lr}
10006e36:	0004      	movs	r4, r0
10006e38:	000d      	movs	r5, r1
10006e3a:	68c0      	ldr	r0, [r0, #12]
10006e3c:	2800      	cmp	r0, #0
10006e3e:	d003      	beq.n	10006e48 <tu_fifo_set_overwritable+0x14>
10006e40:	2101      	movs	r1, #1
10006e42:	4249      	negs	r1, r1
10006e44:	f000 fa08 	bl	10007258 <__mutex_enter_timeout_ms_veneer>
10006e48:	6920      	ldr	r0, [r4, #16]
10006e4a:	2800      	cmp	r0, #0
10006e4c:	d003      	beq.n	10006e56 <tu_fifo_set_overwritable+0x22>
10006e4e:	2101      	movs	r1, #1
10006e50:	4249      	negs	r1, r1
10006e52:	f000 fa01 	bl	10007258 <__mutex_enter_timeout_ms_veneer>
10006e56:	01ed      	lsls	r5, r5, #7
10006e58:	79e3      	ldrb	r3, [r4, #7]
10006e5a:	217f      	movs	r1, #127	; 0x7f
10006e5c:	4019      	ands	r1, r3
10006e5e:	4329      	orrs	r1, r5
10006e60:	71e1      	strb	r1, [r4, #7]
10006e62:	68e0      	ldr	r0, [r4, #12]
10006e64:	2800      	cmp	r0, #0
10006e66:	d001      	beq.n	10006e6c <tu_fifo_set_overwritable+0x38>
10006e68:	f000 f9d6 	bl	10007218 <__mutex_exit_veneer>
10006e6c:	6920      	ldr	r0, [r4, #16]
10006e6e:	2800      	cmp	r0, #0
10006e70:	d001      	beq.n	10006e76 <tu_fifo_set_overwritable+0x42>
10006e72:	f000 f9d1 	bl	10007218 <__mutex_exit_veneer>
10006e76:	2001      	movs	r0, #1
10006e78:	bd70      	pop	{r4, r5, r6, pc}
	...

10006e7c <_pio_can_add_program_at_offset>:
10006e7c:	2305      	movs	r3, #5
10006e7e:	56cb      	ldrsb	r3, [r1, r3]
10006e80:	2b00      	cmp	r3, #0
10006e82:	db01      	blt.n	10006e88 <_pio_can_add_program_at_offset+0xc>
10006e84:	4293      	cmp	r3, r2
10006e86:	d111      	bne.n	10006eac <_pio_can_add_program_at_offset+0x30>
10006e88:	4b09      	ldr	r3, [pc, #36]	; (10006eb0 <_pio_can_add_program_at_offset+0x34>)
10006e8a:	469c      	mov	ip, r3
10006e8c:	4460      	add	r0, ip
10006e8e:	4243      	negs	r3, r0
10006e90:	4158      	adcs	r0, r3
10006e92:	0080      	lsls	r0, r0, #2
10006e94:	4b07      	ldr	r3, [pc, #28]	; (10006eb4 <_pio_can_add_program_at_offset+0x38>)
10006e96:	58c0      	ldr	r0, [r0, r3]
10006e98:	7909      	ldrb	r1, [r1, #4]
10006e9a:	2301      	movs	r3, #1
10006e9c:	408b      	lsls	r3, r1
10006e9e:	3b01      	subs	r3, #1
10006ea0:	4093      	lsls	r3, r2
10006ea2:	4018      	ands	r0, r3
10006ea4:	4243      	negs	r3, r0
10006ea6:	4158      	adcs	r0, r3
10006ea8:	b2c0      	uxtb	r0, r0
10006eaa:	4770      	bx	lr
10006eac:	2000      	movs	r0, #0
10006eae:	e7fc      	b.n	10006eaa <_pio_can_add_program_at_offset+0x2e>
10006eb0:	afd00000 	.word	0xafd00000
10006eb4:	20001208 	.word	0x20001208

10006eb8 <_pio_find_offset_for_program>:
10006eb8:	b570      	push	{r4, r5, r6, lr}
10006eba:	790a      	ldrb	r2, [r1, #4]
10006ebc:	2a20      	cmp	r2, #32
10006ebe:	d819      	bhi.n	10006ef4 <_pio_find_offset_for_program+0x3c>
10006ec0:	4b17      	ldr	r3, [pc, #92]	; (10006f20 <_pio_find_offset_for_program+0x68>)
10006ec2:	469c      	mov	ip, r3
10006ec4:	4460      	add	r0, ip
10006ec6:	4243      	negs	r3, r0
10006ec8:	4158      	adcs	r0, r3
10006eca:	0080      	lsls	r0, r0, #2
10006ecc:	4b15      	ldr	r3, [pc, #84]	; (10006f24 <_pio_find_offset_for_program+0x6c>)
10006ece:	58c4      	ldr	r4, [r0, r3]
10006ed0:	2301      	movs	r3, #1
10006ed2:	4093      	lsls	r3, r2
10006ed4:	3b01      	subs	r3, #1
10006ed6:	7949      	ldrb	r1, [r1, #5]
10006ed8:	b249      	sxtb	r1, r1
10006eda:	2900      	cmp	r1, #0
10006edc:	db10      	blt.n	10006f00 <_pio_find_offset_for_program+0x48>
10006ede:	0008      	movs	r0, r1
10006ee0:	2520      	movs	r5, #32
10006ee2:	1aaa      	subs	r2, r5, r2
10006ee4:	4291      	cmp	r1, r2
10006ee6:	dc18      	bgt.n	10006f1a <_pio_find_offset_for_program+0x62>
10006ee8:	408b      	lsls	r3, r1
10006eea:	421c      	tst	r4, r3
10006eec:	d001      	beq.n	10006ef2 <_pio_find_offset_for_program+0x3a>
10006eee:	2001      	movs	r0, #1
10006ef0:	4240      	negs	r0, r0
10006ef2:	bd70      	pop	{r4, r5, r6, pc}
10006ef4:	4b0c      	ldr	r3, [pc, #48]	; (10006f28 <_pio_find_offset_for_program+0x70>)
10006ef6:	4a0d      	ldr	r2, [pc, #52]	; (10006f2c <_pio_find_offset_for_program+0x74>)
10006ef8:	2140      	movs	r1, #64	; 0x40
10006efa:	480d      	ldr	r0, [pc, #52]	; (10006f30 <_pio_find_offset_for_program+0x78>)
10006efc:	f7fb faac 	bl	10002458 <__assert_func>
10006f00:	2020      	movs	r0, #32
10006f02:	1a80      	subs	r0, r0, r2
10006f04:	2800      	cmp	r0, #0
10006f06:	db05      	blt.n	10006f14 <_pio_find_offset_for_program+0x5c>
10006f08:	001a      	movs	r2, r3
10006f0a:	4082      	lsls	r2, r0
10006f0c:	4214      	tst	r4, r2
10006f0e:	d0f0      	beq.n	10006ef2 <_pio_find_offset_for_program+0x3a>
10006f10:	3801      	subs	r0, #1
10006f12:	e7f7      	b.n	10006f04 <_pio_find_offset_for_program+0x4c>
10006f14:	2001      	movs	r0, #1
10006f16:	4240      	negs	r0, r0
10006f18:	e7eb      	b.n	10006ef2 <_pio_find_offset_for_program+0x3a>
10006f1a:	2001      	movs	r0, #1
10006f1c:	4240      	negs	r0, r0
10006f1e:	e7e8      	b.n	10006ef2 <_pio_find_offset_for_program+0x3a>
10006f20:	afd00000 	.word	0xafd00000
10006f24:	20001208 	.word	0x20001208
10006f28:	10008998 	.word	0x10008998
10006f2c:	10008a44 	.word	0x10008a44
10006f30:	100089c4 	.word	0x100089c4

10006f34 <_pio_add_program_at_offset>:
10006f34:	b570      	push	{r4, r5, r6, lr}
10006f36:	0005      	movs	r5, r0
10006f38:	000c      	movs	r4, r1
10006f3a:	0016      	movs	r6, r2
10006f3c:	f7ff ff9e 	bl	10006e7c <_pio_can_add_program_at_offset>
10006f40:	2800      	cmp	r0, #0
10006f42:	d001      	beq.n	10006f48 <_pio_add_program_at_offset+0x14>
10006f44:	2000      	movs	r0, #0
10006f46:	e007      	b.n	10006f58 <_pio_add_program_at_offset+0x24>
10006f48:	4815      	ldr	r0, [pc, #84]	; (10006fa0 <_pio_add_program_at_offset+0x6c>)
10006f4a:	f7fb fb1f 	bl	1000258c <panic>
10006f4e:	1983      	adds	r3, r0, r6
10006f50:	3312      	adds	r3, #18
10006f52:	009b      	lsls	r3, r3, #2
10006f54:	515a      	str	r2, [r3, r5]
10006f56:	3001      	adds	r0, #1
10006f58:	7923      	ldrb	r3, [r4, #4]
10006f5a:	4283      	cmp	r3, r0
10006f5c:	d90f      	bls.n	10006f7e <_pio_add_program_at_offset+0x4a>
10006f5e:	7823      	ldrb	r3, [r4, #0]
10006f60:	7861      	ldrb	r1, [r4, #1]
10006f62:	0209      	lsls	r1, r1, #8
10006f64:	4319      	orrs	r1, r3
10006f66:	78a2      	ldrb	r2, [r4, #2]
10006f68:	0412      	lsls	r2, r2, #16
10006f6a:	4311      	orrs	r1, r2
10006f6c:	78e3      	ldrb	r3, [r4, #3]
10006f6e:	061b      	lsls	r3, r3, #24
10006f70:	430b      	orrs	r3, r1
10006f72:	0042      	lsls	r2, r0, #1
10006f74:	5a9a      	ldrh	r2, [r3, r2]
10006f76:	0b53      	lsrs	r3, r2, #13
10006f78:	d1e9      	bne.n	10006f4e <_pio_add_program_at_offset+0x1a>
10006f7a:	1992      	adds	r2, r2, r6
10006f7c:	e7e7      	b.n	10006f4e <_pio_add_program_at_offset+0x1a>
10006f7e:	2201      	movs	r2, #1
10006f80:	409a      	lsls	r2, r3
10006f82:	0013      	movs	r3, r2
10006f84:	3b01      	subs	r3, #1
10006f86:	4a07      	ldr	r2, [pc, #28]	; (10006fa4 <_pio_add_program_at_offset+0x70>)
10006f88:	4694      	mov	ip, r2
10006f8a:	4465      	add	r5, ip
10006f8c:	426a      	negs	r2, r5
10006f8e:	4155      	adcs	r5, r2
10006f90:	40b3      	lsls	r3, r6
10006f92:	4a05      	ldr	r2, [pc, #20]	; (10006fa8 <_pio_add_program_at_offset+0x74>)
10006f94:	00ad      	lsls	r5, r5, #2
10006f96:	58a9      	ldr	r1, [r5, r2]
10006f98:	430b      	orrs	r3, r1
10006f9a:	50ab      	str	r3, [r5, r2]
10006f9c:	bd70      	pop	{r4, r5, r6, pc}
10006f9e:	46c0      	nop			; (mov r8, r8)
10006fa0:	10008a0c 	.word	0x10008a0c
10006fa4:	afd00000 	.word	0xafd00000
10006fa8:	20001208 	.word	0x20001208

10006fac <pio_claim_unused_sm>:
10006fac:	b510      	push	{r4, lr}
10006fae:	b082      	sub	sp, #8
10006fb0:	4b0a      	ldr	r3, [pc, #40]	; (10006fdc <pio_claim_unused_sm+0x30>)
10006fb2:	469c      	mov	ip, r3
10006fb4:	4460      	add	r0, ip
10006fb6:	4243      	negs	r3, r0
10006fb8:	4158      	adcs	r0, r3
10006fba:	0084      	lsls	r4, r0, #2
10006fbc:	1ce3      	adds	r3, r4, #3
10006fbe:	4a08      	ldr	r2, [pc, #32]	; (10006fe0 <pio_claim_unused_sm+0x34>)
10006fc0:	9200      	str	r2, [sp, #0]
10006fc2:	0022      	movs	r2, r4
10006fc4:	4807      	ldr	r0, [pc, #28]	; (10006fe4 <pio_claim_unused_sm+0x38>)
10006fc6:	f7f9 fafa 	bl	100005be <hw_claim_unused_from_range>
10006fca:	4284      	cmp	r4, r0
10006fcc:	dc02      	bgt.n	10006fd4 <pio_claim_unused_sm+0x28>
10006fce:	1b00      	subs	r0, r0, r4
10006fd0:	b002      	add	sp, #8
10006fd2:	bd10      	pop	{r4, pc}
10006fd4:	2001      	movs	r0, #1
10006fd6:	4240      	negs	r0, r0
10006fd8:	e7fa      	b.n	10006fd0 <pio_claim_unused_sm+0x24>
10006fda:	46c0      	nop			; (mov r8, r8)
10006fdc:	afd00000 	.word	0xafd00000
10006fe0:	10008a20 	.word	0x10008a20
10006fe4:	20001a25 	.word	0x20001a25

10006fe8 <pio_add_program>:
10006fe8:	b5f8      	push	{r3, r4, r5, r6, r7, lr}
10006fea:	0005      	movs	r5, r0
10006fec:	000e      	movs	r6, r1
10006fee:	f7f9 fab7 	bl	10000560 <hw_claim_lock>
10006ff2:	0007      	movs	r7, r0
10006ff4:	0031      	movs	r1, r6
10006ff6:	0028      	movs	r0, r5
10006ff8:	f7ff ff5e 	bl	10006eb8 <_pio_find_offset_for_program>
10006ffc:	1e04      	subs	r4, r0, #0
10006ffe:	db09      	blt.n	10007014 <pio_add_program+0x2c>
10007000:	0002      	movs	r2, r0
10007002:	0031      	movs	r1, r6
10007004:	0028      	movs	r0, r5
10007006:	f7ff ff95 	bl	10006f34 <_pio_add_program_at_offset>
1000700a:	0038      	movs	r0, r7
1000700c:	f7f9 fab4 	bl	10000578 <hw_claim_unlock>
10007010:	0020      	movs	r0, r4
10007012:	bdf8      	pop	{r3, r4, r5, r6, r7, pc}
10007014:	4801      	ldr	r0, [pc, #4]	; (1000701c <pio_add_program+0x34>)
10007016:	f7fb fab9 	bl	1000258c <panic>
1000701a:	46c0      	nop			; (mov r8, r8)
1000701c:	10008a0c 	.word	0x10008a0c

10007020 <pio_sm_set_consecutive_pindirs>:
10007020:	b5f0      	push	{r4, r5, r6, r7, lr}
10007022:	46c6      	mov	lr, r8
10007024:	b500      	push	{lr}
10007026:	ac06      	add	r4, sp, #24
10007028:	7825      	ldrb	r5, [r4, #0]
1000702a:	004c      	lsls	r4, r1, #1
1000702c:	1866      	adds	r6, r4, r1
1000702e:	00f6      	lsls	r6, r6, #3
10007030:	1986      	adds	r6, r0, r6
10007032:	0037      	movs	r7, r6
10007034:	37dc      	adds	r7, #220	; 0xdc
10007036:	683f      	ldr	r7, [r7, #0]
10007038:	46bc      	mov	ip, r7
1000703a:	36cc      	adds	r6, #204	; 0xcc
1000703c:	6836      	ldr	r6, [r6, #0]
1000703e:	46b0      	mov	r8, r6
10007040:	1864      	adds	r4, r4, r1
10007042:	00e4      	lsls	r4, r4, #3
10007044:	34c8      	adds	r4, #200	; 0xc8
10007046:	1904      	adds	r4, r0, r4
10007048:	3404      	adds	r4, #4
1000704a:	26c0      	movs	r6, #192	; 0xc0
1000704c:	01b6      	lsls	r6, r6, #6
1000704e:	4334      	orrs	r4, r6
10007050:	2680      	movs	r6, #128	; 0x80
10007052:	02b6      	lsls	r6, r6, #10
10007054:	6026      	str	r6, [r4, #0]
10007056:	2d00      	cmp	r5, #0
10007058:	d001      	beq.n	1000705e <pio_sm_set_consecutive_pindirs+0x3e>
1000705a:	261f      	movs	r6, #31
1000705c:	e014      	b.n	10007088 <pio_sm_set_consecutive_pindirs+0x68>
1000705e:	2600      	movs	r6, #0
10007060:	e012      	b.n	10007088 <pio_sm_set_consecutive_pindirs+0x68>
10007062:	0154      	lsls	r4, r2, #5
10007064:	25a0      	movs	r5, #160	; 0xa0
10007066:	056d      	lsls	r5, r5, #21
10007068:	4325      	orrs	r5, r4
1000706a:	004c      	lsls	r4, r1, #1
1000706c:	1864      	adds	r4, r4, r1
1000706e:	00e4      	lsls	r4, r4, #3
10007070:	1904      	adds	r4, r0, r4
10007072:	0027      	movs	r7, r4
10007074:	37dc      	adds	r7, #220	; 0xdc
10007076:	603d      	str	r5, [r7, #0]
10007078:	4d11      	ldr	r5, [pc, #68]	; (100070c0 <pio_sm_set_consecutive_pindirs+0xa0>)
1000707a:	4335      	orrs	r5, r6
1000707c:	34d8      	adds	r4, #216	; 0xd8
1000707e:	6025      	str	r5, [r4, #0]
10007080:	3b05      	subs	r3, #5
10007082:	3205      	adds	r2, #5
10007084:	241f      	movs	r4, #31
10007086:	4022      	ands	r2, r4
10007088:	2b05      	cmp	r3, #5
1000708a:	d8ea      	bhi.n	10007062 <pio_sm_set_consecutive_pindirs+0x42>
1000708c:	069b      	lsls	r3, r3, #26
1000708e:	0152      	lsls	r2, r2, #5
10007090:	4313      	orrs	r3, r2
10007092:	004c      	lsls	r4, r1, #1
10007094:	1862      	adds	r2, r4, r1
10007096:	00d2      	lsls	r2, r2, #3
10007098:	1882      	adds	r2, r0, r2
1000709a:	0015      	movs	r5, r2
1000709c:	35dc      	adds	r5, #220	; 0xdc
1000709e:	602b      	str	r3, [r5, #0]
100070a0:	4b07      	ldr	r3, [pc, #28]	; (100070c0 <pio_sm_set_consecutive_pindirs+0xa0>)
100070a2:	431e      	orrs	r6, r3
100070a4:	32d8      	adds	r2, #216	; 0xd8
100070a6:	6016      	str	r6, [r2, #0]
100070a8:	4663      	mov	r3, ip
100070aa:	602b      	str	r3, [r5, #0]
100070ac:	1861      	adds	r1, r4, r1
100070ae:	00c9      	lsls	r1, r1, #3
100070b0:	1840      	adds	r0, r0, r1
100070b2:	30cc      	adds	r0, #204	; 0xcc
100070b4:	4643      	mov	r3, r8
100070b6:	6003      	str	r3, [r0, #0]
100070b8:	bc80      	pop	{r7}
100070ba:	46b8      	mov	r8, r7
100070bc:	bdf0      	pop	{r4, r5, r6, r7, pc}
100070be:	46c0      	nop			; (mov r8, r8)
100070c0:	0000e080 	.word	0x0000e080

100070c4 <pio_sm_init>:
100070c4:	b570      	push	{r4, r5, r6, lr}
100070c6:	b08a      	sub	sp, #40	; 0x28
100070c8:	0004      	movs	r4, r0
100070ca:	000d      	movs	r5, r1
100070cc:	0016      	movs	r6, r2
100070ce:	6802      	ldr	r2, [r0, #0]
100070d0:	2101      	movs	r1, #1
100070d2:	40a9      	lsls	r1, r5
100070d4:	438a      	bics	r2, r1
100070d6:	6002      	str	r2, [r0, #0]
100070d8:	2b00      	cmp	r3, #0
100070da:	d034      	beq.n	10007146 <pio_sm_init+0x82>
100070dc:	0069      	lsls	r1, r5, #1
100070de:	1949      	adds	r1, r1, r5
100070e0:	00c9      	lsls	r1, r1, #3
100070e2:	1841      	adds	r1, r0, r1
100070e4:	000a      	movs	r2, r1
100070e6:	32c8      	adds	r2, #200	; 0xc8
100070e8:	6818      	ldr	r0, [r3, #0]
100070ea:	6010      	str	r0, [r2, #0]
100070ec:	3204      	adds	r2, #4
100070ee:	6858      	ldr	r0, [r3, #4]
100070f0:	6010      	str	r0, [r2, #0]
100070f2:	3204      	adds	r2, #4
100070f4:	6898      	ldr	r0, [r3, #8]
100070f6:	6010      	str	r0, [r2, #0]
100070f8:	68db      	ldr	r3, [r3, #12]
100070fa:	31dc      	adds	r1, #220	; 0xdc
100070fc:	600b      	str	r3, [r1, #0]
100070fe:	0069      	lsls	r1, r5, #1
10007100:	194b      	adds	r3, r1, r5
10007102:	00db      	lsls	r3, r3, #3
10007104:	33d0      	adds	r3, #208	; 0xd0
10007106:	18e3      	adds	r3, r4, r3
10007108:	2280      	movs	r2, #128	; 0x80
1000710a:	0152      	lsls	r2, r2, #5
1000710c:	4313      	orrs	r3, r2
1000710e:	2280      	movs	r2, #128	; 0x80
10007110:	0612      	lsls	r2, r2, #24
10007112:	601a      	str	r2, [r3, #0]
10007114:	601a      	str	r2, [r3, #0]
10007116:	4b23      	ldr	r3, [pc, #140]	; (100071a4 <pio_sm_init+0xe0>)
10007118:	40ab      	lsls	r3, r5
1000711a:	60a3      	str	r3, [r4, #8]
1000711c:	1d2b      	adds	r3, r5, #4
1000711e:	2201      	movs	r2, #1
10007120:	0010      	movs	r0, r2
10007122:	4098      	lsls	r0, r3
10007124:	2380      	movs	r3, #128	; 0x80
10007126:	019b      	lsls	r3, r3, #6
10007128:	4323      	orrs	r3, r4
1000712a:	6018      	str	r0, [r3, #0]
1000712c:	0028      	movs	r0, r5
1000712e:	3008      	adds	r0, #8
10007130:	4082      	lsls	r2, r0
10007132:	601a      	str	r2, [r3, #0]
10007134:	221f      	movs	r2, #31
10007136:	4016      	ands	r6, r2
10007138:	1949      	adds	r1, r1, r5
1000713a:	00c9      	lsls	r1, r1, #3
1000713c:	1864      	adds	r4, r4, r1
1000713e:	34d8      	adds	r4, #216	; 0xd8
10007140:	6026      	str	r6, [r4, #0]
10007142:	b00a      	add	sp, #40	; 0x28
10007144:	bd70      	pop	{r4, r5, r6, pc}
10007146:	2210      	movs	r2, #16
10007148:	2100      	movs	r1, #0
1000714a:	a806      	add	r0, sp, #24
1000714c:	f7fd fa28 	bl	100045a0 <__wrap_memset>
10007150:	2380      	movs	r3, #128	; 0x80
10007152:	025b      	lsls	r3, r3, #9
10007154:	9306      	str	r3, [sp, #24]
10007156:	23f8      	movs	r3, #248	; 0xf8
10007158:	025b      	lsls	r3, r3, #9
1000715a:	9307      	str	r3, [sp, #28]
1000715c:	2380      	movs	r3, #128	; 0x80
1000715e:	02db      	lsls	r3, r3, #11
10007160:	9308      	str	r3, [sp, #32]
10007162:	23c0      	movs	r3, #192	; 0xc0
10007164:	031b      	lsls	r3, r3, #12
10007166:	9308      	str	r3, [sp, #32]
10007168:	2210      	movs	r2, #16
1000716a:	a906      	add	r1, sp, #24
1000716c:	a802      	add	r0, sp, #8
1000716e:	f7fd fa1d 	bl	100045ac <__wrap___aeabi_memcpy>
10007172:	006b      	lsls	r3, r5, #1
10007174:	195b      	adds	r3, r3, r5
10007176:	00db      	lsls	r3, r3, #3
10007178:	18e3      	adds	r3, r4, r3
1000717a:	001a      	movs	r2, r3
1000717c:	32c8      	adds	r2, #200	; 0xc8
1000717e:	9902      	ldr	r1, [sp, #8]
10007180:	6011      	str	r1, [r2, #0]
10007182:	9a03      	ldr	r2, [sp, #12]
10007184:	9201      	str	r2, [sp, #4]
10007186:	001a      	movs	r2, r3
10007188:	32cc      	adds	r2, #204	; 0xcc
1000718a:	9901      	ldr	r1, [sp, #4]
1000718c:	6011      	str	r1, [r2, #0]
1000718e:	9a04      	ldr	r2, [sp, #16]
10007190:	9201      	str	r2, [sp, #4]
10007192:	001a      	movs	r2, r3
10007194:	32d0      	adds	r2, #208	; 0xd0
10007196:	9901      	ldr	r1, [sp, #4]
10007198:	6011      	str	r1, [r2, #0]
1000719a:	9a05      	ldr	r2, [sp, #20]
1000719c:	33dc      	adds	r3, #220	; 0xdc
1000719e:	601a      	str	r2, [r3, #0]
100071a0:	e7ad      	b.n	100070fe <pio_sm_init+0x3a>
100071a2:	46c0      	nop			; (mov r8, r8)
100071a4:	01010101 	.word	0x01010101

100071a8 <strlen>:
100071a8:	b510      	push	{r4, lr}
100071aa:	0783      	lsls	r3, r0, #30
100071ac:	d00a      	beq.n	100071c4 <strlen+0x1c>
100071ae:	0003      	movs	r3, r0
100071b0:	2103      	movs	r1, #3
100071b2:	e002      	b.n	100071ba <strlen+0x12>
100071b4:	3301      	adds	r3, #1
100071b6:	420b      	tst	r3, r1
100071b8:	d005      	beq.n	100071c6 <strlen+0x1e>
100071ba:	781a      	ldrb	r2, [r3, #0]
100071bc:	2a00      	cmp	r2, #0
100071be:	d1f9      	bne.n	100071b4 <strlen+0xc>
100071c0:	1a18      	subs	r0, r3, r0
100071c2:	bd10      	pop	{r4, pc}
100071c4:	0003      	movs	r3, r0
100071c6:	6819      	ldr	r1, [r3, #0]
100071c8:	4a0c      	ldr	r2, [pc, #48]	; (100071fc <strlen+0x54>)
100071ca:	4c0d      	ldr	r4, [pc, #52]	; (10007200 <strlen+0x58>)
100071cc:	188a      	adds	r2, r1, r2
100071ce:	438a      	bics	r2, r1
100071d0:	4222      	tst	r2, r4
100071d2:	d10f      	bne.n	100071f4 <strlen+0x4c>
100071d4:	6859      	ldr	r1, [r3, #4]
100071d6:	4a09      	ldr	r2, [pc, #36]	; (100071fc <strlen+0x54>)
100071d8:	3304      	adds	r3, #4
100071da:	188a      	adds	r2, r1, r2
100071dc:	438a      	bics	r2, r1
100071de:	4222      	tst	r2, r4
100071e0:	d108      	bne.n	100071f4 <strlen+0x4c>
100071e2:	6859      	ldr	r1, [r3, #4]
100071e4:	4a05      	ldr	r2, [pc, #20]	; (100071fc <strlen+0x54>)
100071e6:	3304      	adds	r3, #4
100071e8:	188a      	adds	r2, r1, r2
100071ea:	438a      	bics	r2, r1
100071ec:	4222      	tst	r2, r4
100071ee:	d0f1      	beq.n	100071d4 <strlen+0x2c>
100071f0:	e000      	b.n	100071f4 <strlen+0x4c>
100071f2:	3301      	adds	r3, #1
100071f4:	781a      	ldrb	r2, [r3, #0]
100071f6:	2a00      	cmp	r2, #0
100071f8:	d1fb      	bne.n	100071f2 <strlen+0x4a>
100071fa:	e7e1      	b.n	100071c0 <strlen+0x18>
100071fc:	fefefeff 	.word	0xfefefeff
10007200:	80808080 	.word	0x80808080

10007204 <_fini>:
10007204:	b5f8      	push	{r3, r4, r5, r6, r7, lr}
10007206:	46c0      	nop			; (mov r8, r8)

10007208 <__flash_do_cmd_veneer>:
10007208:	b401      	push	{r0}
1000720a:	4802      	ldr	r0, [pc, #8]	; (10007214 <__flash_do_cmd_veneer+0xc>)
1000720c:	4684      	mov	ip, r0
1000720e:	bc01      	pop	{r0}
10007210:	4760      	bx	ip
10007212:	bf00      	nop
10007214:	200002e5 	.word	0x200002e5

10007218 <__mutex_exit_veneer>:
10007218:	b401      	push	{r0}
1000721a:	4802      	ldr	r0, [pc, #8]	; (10007224 <__mutex_exit_veneer+0xc>)
1000721c:	4684      	mov	ip, r0
1000721e:	bc01      	pop	{r0}
10007220:	4760      	bx	ip
10007222:	bf00      	nop
10007224:	20000231 	.word	0x20000231

10007228 <____aeabi_ldiv0_veneer>:
10007228:	b401      	push	{r0}
1000722a:	4802      	ldr	r0, [pc, #8]	; (10007234 <____aeabi_ldiv0_veneer+0xc>)
1000722c:	4684      	mov	ip, r0
1000722e:	bc01      	pop	{r0}
10007230:	4760      	bx	ip
10007232:	bf00      	nop
10007234:	20000b09 	.word	0x20000b09

10007238 <____aeabi_idiv0_veneer>:
10007238:	b401      	push	{r0}
1000723a:	4802      	ldr	r0, [pc, #8]	; (10007244 <____aeabi_idiv0_veneer+0xc>)
1000723c:	4684      	mov	ip, r0
1000723e:	bc01      	pop	{r0}
10007240:	4760      	bx	ip
10007242:	bf00      	nop
10007244:	20000b09 	.word	0x20000b09

10007248 <__mutex_try_enter_veneer>:
10007248:	b401      	push	{r0}
1000724a:	4802      	ldr	r0, [pc, #8]	; (10007254 <__mutex_try_enter_veneer+0xc>)
1000724c:	4684      	mov	ip, r0
1000724e:	bc01      	pop	{r0}
10007250:	4760      	bx	ip
10007252:	bf00      	nop
10007254:	200000c1 	.word	0x200000c1

10007258 <__mutex_enter_timeout_ms_veneer>:
10007258:	b401      	push	{r0}
1000725a:	4802      	ldr	r0, [pc, #8]	; (10007264 <__mutex_enter_timeout_ms_veneer+0xc>)
1000725c:	4684      	mov	ip, r0
1000725e:	bc01      	pop	{r0}
10007260:	4760      	bx	ip
10007262:	bf00      	nop
10007264:	200001c9 	.word	0x200001c9

10007268 <__e15_is_critical_frame_period_veneer>:
10007268:	b401      	push	{r0}
1000726a:	4802      	ldr	r0, [pc, #8]	; (10007274 <__e15_is_critical_frame_period_veneer+0xc>)
1000726c:	4684      	mov	ip, r0
1000726e:	bc01      	pop	{r0}
10007270:	4760      	bx	ip
10007272:	bf00      	nop
10007274:	20000699 	.word	0x20000699

10007278 <__dcd_event_handler_veneer>:
10007278:	b401      	push	{r0}
1000727a:	4802      	ldr	r0, [pc, #8]	; (10007284 <__dcd_event_handler_veneer+0xc>)
1000727c:	4684      	mov	ip, r0
1000727e:	bc01      	pop	{r0}
10007280:	4760      	bx	ip
10007282:	bf00      	nop
10007284:	2000091d 	.word	0x2000091d

10007288 <__mutex_try_enter_block_until_veneer>:
10007288:	b401      	push	{r0}
1000728a:	4802      	ldr	r0, [pc, #8]	; (10007294 <__mutex_try_enter_block_until_veneer+0xc>)
1000728c:	4684      	mov	ip, r0
1000728e:	bc01      	pop	{r0}
10007290:	4760      	bx	ip
10007292:	bf00      	nop
10007294:	20000195 	.word	0x20000195

10007298 <__hw_endpoint_start_next_buffer_veneer>:
10007298:	b401      	push	{r0}
1000729a:	4802      	ldr	r0, [pc, #8]	; (100072a4 <__hw_endpoint_start_next_buffer_veneer+0xc>)
1000729c:	4684      	mov	ip, r0
1000729e:	bc01      	pop	{r0}
100072a0:	4760      	bx	ip
100072a2:	bf00      	nop
100072a4:	20000845 	.word	0x20000845

100072a8 <__hw_endpoint_reset_transfer_veneer>:
100072a8:	b401      	push	{r0}
100072aa:	4802      	ldr	r0, [pc, #8]	; (100072b4 <__hw_endpoint_reset_transfer_veneer+0xc>)
100072ac:	4684      	mov	ip, r0
100072ae:	bc01      	pop	{r0}
100072b0:	4760      	bx	ip
100072b2:	bf00      	nop
100072b4:	200007e1 	.word	0x200007e1

100072b8 <__reset_non_control_endpoints_veneer>:
100072b8:	b401      	push	{r0}
100072ba:	4802      	ldr	r0, [pc, #8]	; (100072c4 <__reset_non_control_endpoints_veneer+0xc>)
100072bc:	4684      	mov	ip, r0
100072be:	bc01      	pop	{r0}
100072c0:	4760      	bx	ip
100072c2:	bf00      	nop
100072c4:	200003bd 	.word	0x200003bd

100072c8 <___hw_endpoint_buffer_control_update32_veneer>:
100072c8:	b401      	push	{r0}
100072ca:	4802      	ldr	r0, [pc, #8]	; (100072d4 <___hw_endpoint_buffer_control_update32_veneer+0xc>)
100072cc:	4684      	mov	ip, r0
100072ce:	bc01      	pop	{r0}
100072d0:	4760      	bx	ip
100072d2:	bf00      	nop
100072d4:	200007ed 	.word	0x200007ed

100072d8 <__e15_is_bulkin_ep_veneer>:
100072d8:	b401      	push	{r0}
100072da:	4802      	ldr	r0, [pc, #8]	; (100072e4 <__e15_is_bulkin_ep_veneer+0xc>)
100072dc:	4684      	mov	ip, r0
100072de:	bc01      	pop	{r0}
100072e0:	4760      	bx	ip
100072e2:	bf00      	nop
100072e4:	2000066d 	.word	0x2000066d

Disassembly of section .data:

200000c0 <mutex_try_enter>:
200000c0:	0003      	movs	r3, r0
200000c2:	6800      	ldr	r0, [r0, #0]
200000c4:	f3ef 8c10 	mrs	ip, PRIMASK
200000c8:	b672      	cpsid	i
200000ca:	6802      	ldr	r2, [r0, #0]
200000cc:	2a00      	cmp	r2, #0
200000ce:	d0fc      	beq.n	200000ca <mutex_try_enter+0xa>
200000d0:	f3bf 8f5f 	dmb	sy
200000d4:	2204      	movs	r2, #4
200000d6:	569a      	ldrsb	r2, [r3, r2]
200000d8:	2a00      	cmp	r2, #0
200000da:	db0b      	blt.n	200000f4 <mutex_try_enter+0x34>
200000dc:	2900      	cmp	r1, #0
200000de:	d010      	beq.n	20000102 <mutex_try_enter+0x42>
200000e0:	600a      	str	r2, [r1, #0]
200000e2:	2000      	movs	r0, #0
200000e4:	681b      	ldr	r3, [r3, #0]
200000e6:	f3bf 8f5f 	dmb	sy
200000ea:	2200      	movs	r2, #0
200000ec:	601a      	str	r2, [r3, #0]
200000ee:	f38c 8810 	msr	PRIMASK, ip
200000f2:	4770      	bx	lr
200000f4:	22d0      	movs	r2, #208	; 0xd0
200000f6:	0612      	lsls	r2, r2, #24
200000f8:	7812      	ldrb	r2, [r2, #0]
200000fa:	b252      	sxtb	r2, r2
200000fc:	711a      	strb	r2, [r3, #4]
200000fe:	2001      	movs	r0, #1
20000100:	e7f0      	b.n	200000e4 <mutex_try_enter+0x24>
20000102:	2000      	movs	r0, #0
20000104:	e7ee      	b.n	200000e4 <mutex_try_enter+0x24>
	...

20000108 <mutex_enter_block_until>:
20000108:	b5f8      	push	{r3, r4, r5, r6, r7, lr}
2000010a:	46ce      	mov	lr, r9
2000010c:	4647      	mov	r7, r8
2000010e:	b580      	push	{r7, lr}
20000110:	0004      	movs	r4, r0
20000112:	0017      	movs	r7, r2
20000114:	4698      	mov	r8, r3
20000116:	6803      	ldr	r3, [r0, #0]
20000118:	2b00      	cmp	r3, #0
2000011a:	d020      	beq.n	2000015e <mutex_enter_block_until+0x56>
2000011c:	23d0      	movs	r3, #208	; 0xd0
2000011e:	061b      	lsls	r3, r3, #24
20000120:	781b      	ldrb	r3, [r3, #0]
20000122:	b25b      	sxtb	r3, r3
20000124:	4699      	mov	r9, r3
20000126:	6826      	ldr	r6, [r4, #0]
20000128:	f3ef 8c10 	mrs	ip, PRIMASK
2000012c:	b672      	cpsid	i
2000012e:	6835      	ldr	r5, [r6, #0]
20000130:	2d00      	cmp	r5, #0
20000132:	d0fc      	beq.n	2000012e <mutex_enter_block_until+0x26>
20000134:	f3bf 8f5f 	dmb	sy
20000138:	2504      	movs	r5, #4
2000013a:	5765      	ldrsb	r5, [r4, r5]
2000013c:	2d00      	cmp	r5, #0
2000013e:	db14      	blt.n	2000016a <mutex_enter_block_until+0x62>
20000140:	6823      	ldr	r3, [r4, #0]
20000142:	f3bf 8f5f 	dmb	sy
20000146:	2200      	movs	r2, #0
20000148:	601a      	str	r2, [r3, #0]
2000014a:	f38c 8810 	msr	PRIMASK, ip
2000014e:	0038      	movs	r0, r7
20000150:	4641      	mov	r1, r8
20000152:	f000 fce5 	bl	20000b20 <__best_effort_wfe_or_timeout_veneer>
20000156:	2800      	cmp	r0, #0
20000158:	d0e5      	beq.n	20000126 <mutex_enter_block_until+0x1e>
2000015a:	2000      	movs	r0, #0
2000015c:	e00f      	b.n	2000017e <mutex_enter_block_until+0x76>
2000015e:	4b0a      	ldr	r3, [pc, #40]	; (20000188 <mutex_enter_block_until+0x80>)
20000160:	4a0a      	ldr	r2, [pc, #40]	; (2000018c <mutex_enter_block_until+0x84>)
20000162:	2185      	movs	r1, #133	; 0x85
20000164:	480a      	ldr	r0, [pc, #40]	; (20000190 <mutex_enter_block_until+0x88>)
20000166:	f000 fce3 	bl	20000b30 <____assert_func_veneer>
2000016a:	464b      	mov	r3, r9
2000016c:	7123      	strb	r3, [r4, #4]
2000016e:	6823      	ldr	r3, [r4, #0]
20000170:	f3bf 8f5f 	dmb	sy
20000174:	2200      	movs	r2, #0
20000176:	601a      	str	r2, [r3, #0]
20000178:	f38c 8810 	msr	PRIMASK, ip
2000017c:	2001      	movs	r0, #1
2000017e:	bcc0      	pop	{r6, r7}
20000180:	46b9      	mov	r9, r7
20000182:	46b0      	mov	r8, r6
20000184:	bdf8      	pop	{r3, r4, r5, r6, r7, pc}
20000186:	46c0      	nop			; (mov r8, r8)
20000188:	100076d4 	.word	0x100076d4
2000018c:	10007798 	.word	0x10007798
20000190:	10007690 	.word	0x10007690

20000194 <mutex_try_enter_block_until>:
20000194:	b570      	push	{r4, r5, r6, lr}
20000196:	b082      	sub	sp, #8
20000198:	0006      	movs	r6, r0
2000019a:	0015      	movs	r5, r2
2000019c:	001c      	movs	r4, r3
2000019e:	a901      	add	r1, sp, #4
200001a0:	f7ff ff8e 	bl	200000c0 <mutex_try_enter>
200001a4:	2800      	cmp	r0, #0
200001a6:	d107      	bne.n	200001b8 <mutex_try_enter_block_until+0x24>
200001a8:	9b01      	ldr	r3, [sp, #4]
200001aa:	b25b      	sxtb	r3, r3
200001ac:	22d0      	movs	r2, #208	; 0xd0
200001ae:	0612      	lsls	r2, r2, #24
200001b0:	7812      	ldrb	r2, [r2, #0]
200001b2:	b252      	sxtb	r2, r2
200001b4:	4293      	cmp	r3, r2
200001b6:	d101      	bne.n	200001bc <mutex_try_enter_block_until+0x28>
200001b8:	b002      	add	sp, #8
200001ba:	bd70      	pop	{r4, r5, r6, pc}
200001bc:	002a      	movs	r2, r5
200001be:	0023      	movs	r3, r4
200001c0:	0030      	movs	r0, r6
200001c2:	f7ff ffa1 	bl	20000108 <mutex_enter_block_until>
200001c6:	e7f7      	b.n	200001b8 <mutex_try_enter_block_until+0x24>

200001c8 <mutex_enter_timeout_ms>:
200001c8:	b5f8      	push	{r3, r4, r5, r6, r7, lr}
200001ca:	0006      	movs	r6, r0
200001cc:	000f      	movs	r7, r1
200001ce:	f000 fc9f 	bl	20000b10 <__time_us_64_veneer>
200001d2:	0004      	movs	r4, r0
200001d4:	1e0d      	subs	r5, r1, #0
200001d6:	db12      	blt.n	200001fe <mutex_enter_timeout_ms+0x36>
200001d8:	22fa      	movs	r2, #250	; 0xfa
200001da:	0092      	lsls	r2, r2, #2
200001dc:	2300      	movs	r3, #0
200001de:	0038      	movs	r0, r7
200001e0:	2100      	movs	r1, #0
200001e2:	f000 fcc5 	bl	20000b70 <____wrap___aeabi_lmul_veneer>
200001e6:	0022      	movs	r2, r4
200001e8:	002b      	movs	r3, r5
200001ea:	1812      	adds	r2, r2, r0
200001ec:	414b      	adcs	r3, r1
200001ee:	2b00      	cmp	r3, #0
200001f0:	db0b      	blt.n	2000020a <mutex_enter_timeout_ms+0x42>
200001f2:	2b00      	cmp	r3, #0
200001f4:	db0d      	blt.n	20000212 <mutex_enter_timeout_ms+0x4a>
200001f6:	0030      	movs	r0, r6
200001f8:	f7ff ff86 	bl	20000108 <mutex_enter_block_until>
200001fc:	bdf8      	pop	{r3, r4, r5, r6, r7, pc}
200001fe:	4b08      	ldr	r3, [pc, #32]	; (20000220 <mutex_enter_timeout_ms+0x58>)
20000200:	4a08      	ldr	r2, [pc, #32]	; (20000224 <mutex_enter_timeout_ms+0x5c>)
20000202:	213f      	movs	r1, #63	; 0x3f
20000204:	4808      	ldr	r0, [pc, #32]	; (20000228 <mutex_enter_timeout_ms+0x60>)
20000206:	f000 fc93 	bl	20000b30 <____assert_func_veneer>
2000020a:	2201      	movs	r2, #1
2000020c:	4252      	negs	r2, r2
2000020e:	4b07      	ldr	r3, [pc, #28]	; (2000022c <mutex_enter_timeout_ms+0x64>)
20000210:	e7ef      	b.n	200001f2 <mutex_enter_timeout_ms+0x2a>
20000212:	4b03      	ldr	r3, [pc, #12]	; (20000220 <mutex_enter_timeout_ms+0x58>)
20000214:	4a03      	ldr	r2, [pc, #12]	; (20000224 <mutex_enter_timeout_ms+0x5c>)
20000216:	213f      	movs	r1, #63	; 0x3f
20000218:	4803      	ldr	r0, [pc, #12]	; (20000228 <mutex_enter_timeout_ms+0x60>)
2000021a:	f000 fc89 	bl	20000b30 <____assert_func_veneer>
2000021e:	46c0      	nop			; (mov r8, r8)
20000220:	100076e8 	.word	0x100076e8
20000224:	100077b0 	.word	0x100077b0
20000228:	10007704 	.word	0x10007704
2000022c:	7fffffff 	.word	0x7fffffff

20000230 <mutex_exit>:
20000230:	b510      	push	{r4, lr}
20000232:	6802      	ldr	r2, [r0, #0]
20000234:	f3ef 8110 	mrs	r1, PRIMASK
20000238:	b672      	cpsid	i
2000023a:	6813      	ldr	r3, [r2, #0]
2000023c:	2b00      	cmp	r3, #0
2000023e:	d0fc      	beq.n	2000023a <mutex_exit+0xa>
20000240:	f3bf 8f5f 	dmb	sy
20000244:	2304      	movs	r3, #4
20000246:	56c3      	ldrsb	r3, [r0, r3]
20000248:	2b00      	cmp	r3, #0
2000024a:	db0a      	blt.n	20000262 <mutex_exit+0x32>
2000024c:	23ff      	movs	r3, #255	; 0xff
2000024e:	7103      	strb	r3, [r0, #4]
20000250:	6803      	ldr	r3, [r0, #0]
20000252:	f3bf 8f5f 	dmb	sy
20000256:	2200      	movs	r2, #0
20000258:	601a      	str	r2, [r3, #0]
2000025a:	f381 8810 	msr	PRIMASK, r1
2000025e:	bf40      	sev
20000260:	bd10      	pop	{r4, pc}
20000262:	4b03      	ldr	r3, [pc, #12]	; (20000270 <mutex_exit+0x40>)
20000264:	4a03      	ldr	r2, [pc, #12]	; (20000274 <mutex_exit+0x44>)
20000266:	21b4      	movs	r1, #180	; 0xb4
20000268:	4803      	ldr	r0, [pc, #12]	; (20000278 <mutex_exit+0x48>)
2000026a:	f000 fc61 	bl	20000b30 <____assert_func_veneer>
2000026e:	46c0      	nop			; (mov r8, r8)
20000270:	10007754 	.word	0x10007754
20000274:	1000778c 	.word	0x1000778c
20000278:	10007690 	.word	0x10007690

2000027c <flash_init_boot2_copyout>:
2000027c:	4b09      	ldr	r3, [pc, #36]	; (200002a4 <flash_init_boot2_copyout+0x28>)
2000027e:	781b      	ldrb	r3, [r3, #0]
20000280:	2b00      	cmp	r3, #0
20000282:	d008      	beq.n	20000296 <flash_init_boot2_copyout+0x1a>
20000284:	e00c      	b.n	200002a0 <flash_init_boot2_copyout+0x24>
20000286:	009a      	lsls	r2, r3, #2
20000288:	2180      	movs	r1, #128	; 0x80
2000028a:	0549      	lsls	r1, r1, #21
2000028c:	1851      	adds	r1, r2, r1
2000028e:	6808      	ldr	r0, [r1, #0]
20000290:	4905      	ldr	r1, [pc, #20]	; (200002a8 <flash_init_boot2_copyout+0x2c>)
20000292:	5050      	str	r0, [r2, r1]
20000294:	3301      	adds	r3, #1
20000296:	2b3f      	cmp	r3, #63	; 0x3f
20000298:	ddf5      	ble.n	20000286 <flash_init_boot2_copyout+0xa>
2000029a:	4b02      	ldr	r3, [pc, #8]	; (200002a4 <flash_init_boot2_copyout+0x28>)
2000029c:	2201      	movs	r2, #1
2000029e:	701a      	strb	r2, [r3, #0]
200002a0:	4770      	bx	lr
200002a2:	46c0      	nop			; (mov r8, r8)
200002a4:	20001a23 	.word	0x20001a23
200002a8:	20001220 	.word	0x20001220

200002ac <flash_enable_xip_via_boot2>:
200002ac:	b510      	push	{r4, lr}
200002ae:	4b02      	ldr	r3, [pc, #8]	; (200002b8 <flash_enable_xip_via_boot2+0xc>)
200002b0:	3301      	adds	r3, #1
200002b2:	4798      	blx	r3
200002b4:	bd10      	pop	{r4, pc}
200002b6:	46c0      	nop			; (mov r8, r8)
200002b8:	20001220 	.word	0x20001220

200002bc <flash_cs_force>:
200002bc:	2800      	cmp	r0, #0
200002be:	d00a      	beq.n	200002d6 <flash_cs_force+0x1a>
200002c0:	2303      	movs	r3, #3
200002c2:	021b      	lsls	r3, r3, #8
200002c4:	4a05      	ldr	r2, [pc, #20]	; (200002dc <flash_cs_force+0x20>)
200002c6:	6812      	ldr	r2, [r2, #0]
200002c8:	4053      	eors	r3, r2
200002ca:	22c0      	movs	r2, #192	; 0xc0
200002cc:	0092      	lsls	r2, r2, #2
200002ce:	4013      	ands	r3, r2
200002d0:	4a03      	ldr	r2, [pc, #12]	; (200002e0 <flash_cs_force+0x24>)
200002d2:	6013      	str	r3, [r2, #0]
200002d4:	4770      	bx	lr
200002d6:	2302      	movs	r3, #2
200002d8:	e7f3      	b.n	200002c2 <flash_cs_force+0x6>
200002da:	46c0      	nop			; (mov r8, r8)
200002dc:	4001800c 	.word	0x4001800c
200002e0:	4001900c 	.word	0x4001900c

200002e4 <flash_do_cmd>:
200002e4:	b5f0      	push	{r4, r5, r6, r7, lr}
200002e6:	46d6      	mov	lr, sl
200002e8:	464f      	mov	r7, r9
200002ea:	4646      	mov	r6, r8
200002ec:	b5c0      	push	{r6, r7, lr}
200002ee:	0007      	movs	r7, r0
200002f0:	000e      	movs	r6, r1
200002f2:	0015      	movs	r5, r2
200002f4:	2318      	movs	r3, #24
200002f6:	469a      	mov	sl, r3
200002f8:	881b      	ldrh	r3, [r3, #0]
200002fa:	2214      	movs	r2, #20
200002fc:	4690      	mov	r8, r2
200002fe:	8810      	ldrh	r0, [r2, #0]
20000300:	4928      	ldr	r1, [pc, #160]	; (200003a4 <flash_do_cmd+0xc0>)
20000302:	4798      	blx	r3
20000304:	4681      	mov	r9, r0
20000306:	4653      	mov	r3, sl
20000308:	881b      	ldrh	r3, [r3, #0]
2000030a:	4642      	mov	r2, r8
2000030c:	8810      	ldrh	r0, [r2, #0]
2000030e:	4926      	ldr	r1, [pc, #152]	; (200003a8 <flash_do_cmd+0xc4>)
20000310:	4798      	blx	r3
20000312:	0004      	movs	r4, r0
20000314:	4653      	mov	r3, sl
20000316:	881b      	ldrh	r3, [r3, #0]
20000318:	4642      	mov	r2, r8
2000031a:	8810      	ldrh	r0, [r2, #0]
2000031c:	4923      	ldr	r1, [pc, #140]	; (200003ac <flash_do_cmd+0xc8>)
2000031e:	4798      	blx	r3
20000320:	4680      	mov	r8, r0
20000322:	464b      	mov	r3, r9
20000324:	2b00      	cmp	r3, #0
20000326:	d00c      	beq.n	20000342 <flash_do_cmd+0x5e>
20000328:	2c00      	cmp	r4, #0
2000032a:	d00a      	beq.n	20000342 <flash_do_cmd+0x5e>
2000032c:	2800      	cmp	r0, #0
2000032e:	d008      	beq.n	20000342 <flash_do_cmd+0x5e>
20000330:	f7ff ffa4 	bl	2000027c <flash_init_boot2_copyout>
20000334:	47c8      	blx	r9
20000336:	47a0      	blx	r4
20000338:	2000      	movs	r0, #0
2000033a:	f7ff ffbf 	bl	200002bc <flash_cs_force>
2000033e:	002a      	movs	r2, r5
20000340:	e00f      	b.n	20000362 <flash_do_cmd+0x7e>
20000342:	4b1b      	ldr	r3, [pc, #108]	; (200003b0 <flash_do_cmd+0xcc>)
20000344:	4a1b      	ldr	r2, [pc, #108]	; (200003b4 <flash_do_cmd+0xd0>)
20000346:	2180      	movs	r1, #128	; 0x80
20000348:	481b      	ldr	r0, [pc, #108]	; (200003b8 <flash_do_cmd+0xd4>)
2000034a:	f000 fbf1 	bl	20000b30 <____assert_func_veneer>
2000034e:	2b00      	cmp	r3, #0
20000350:	d007      	beq.n	20000362 <flash_do_cmd+0x7e>
20000352:	2a00      	cmp	r2, #0
20000354:	d005      	beq.n	20000362 <flash_do_cmd+0x7e>
20000356:	23c0      	movs	r3, #192	; 0xc0
20000358:	055b      	lsls	r3, r3, #21
2000035a:	6e1b      	ldr	r3, [r3, #96]	; 0x60
2000035c:	7033      	strb	r3, [r6, #0]
2000035e:	3a01      	subs	r2, #1
20000360:	3601      	adds	r6, #1
20000362:	002b      	movs	r3, r5
20000364:	4313      	orrs	r3, r2
20000366:	d012      	beq.n	2000038e <flash_do_cmd+0xaa>
20000368:	23c0      	movs	r3, #192	; 0xc0
2000036a:	055b      	lsls	r3, r3, #21
2000036c:	6a9c      	ldr	r4, [r3, #40]	; 0x28
2000036e:	2308      	movs	r3, #8
20000370:	4023      	ands	r3, r4
20000372:	07a1      	lsls	r1, r4, #30
20000374:	d5eb      	bpl.n	2000034e <flash_do_cmd+0x6a>
20000376:	2d00      	cmp	r5, #0
20000378:	d0e9      	beq.n	2000034e <flash_do_cmd+0x6a>
2000037a:	1b51      	subs	r1, r2, r5
2000037c:	290d      	cmp	r1, #13
2000037e:	d8e6      	bhi.n	2000034e <flash_do_cmd+0x6a>
20000380:	7838      	ldrb	r0, [r7, #0]
20000382:	21c0      	movs	r1, #192	; 0xc0
20000384:	0549      	lsls	r1, r1, #21
20000386:	6608      	str	r0, [r1, #96]	; 0x60
20000388:	3d01      	subs	r5, #1
2000038a:	3701      	adds	r7, #1
2000038c:	e7df      	b.n	2000034e <flash_do_cmd+0x6a>
2000038e:	2001      	movs	r0, #1
20000390:	f7ff ff94 	bl	200002bc <flash_cs_force>
20000394:	47c0      	blx	r8
20000396:	f7ff ff89 	bl	200002ac <flash_enable_xip_via_boot2>
2000039a:	bce0      	pop	{r5, r6, r7}
2000039c:	46ba      	mov	sl, r7
2000039e:	46b1      	mov	r9, r6
200003a0:	46a8      	mov	r8, r5
200003a2:	bdf0      	pop	{r4, r5, r6, r7, pc}
200003a4:	00004649 	.word	0x00004649
200003a8:	00005845 	.word	0x00005845
200003ac:	00004346 	.word	0x00004346
200003b0:	1000865c 	.word	0x1000865c
200003b4:	1000869c 	.word	0x1000869c
200003b8:	10008564 	.word	0x10008564

200003bc <reset_non_control_endpoints>:
200003bc:	b510      	push	{r4, lr}
200003be:	2300      	movs	r3, #0
200003c0:	e008      	b.n	200003d4 <reset_non_control_endpoints+0x18>
200003c2:	3301      	adds	r3, #1
200003c4:	00da      	lsls	r2, r3, #3
200003c6:	2100      	movs	r1, #0
200003c8:	4808      	ldr	r0, [pc, #32]	; (200003ec <reset_non_control_endpoints+0x30>)
200003ca:	5011      	str	r1, [r2, r0]
200003cc:	4684      	mov	ip, r0
200003ce:	4462      	add	r2, ip
200003d0:	6051      	str	r1, [r2, #4]
200003d2:	b2db      	uxtb	r3, r3
200003d4:	2b0e      	cmp	r3, #14
200003d6:	d9f4      	bls.n	200003c2 <reset_non_control_endpoints+0x6>
200003d8:	22f0      	movs	r2, #240	; 0xf0
200003da:	0092      	lsls	r2, r2, #2
200003dc:	2100      	movs	r1, #0
200003de:	4804      	ldr	r0, [pc, #16]	; (200003f0 <reset_non_control_endpoints+0x34>)
200003e0:	f000 fbb6 	bl	20000b50 <____wrap_memset_veneer>
200003e4:	4b03      	ldr	r3, [pc, #12]	; (200003f4 <reset_non_control_endpoints+0x38>)
200003e6:	4a04      	ldr	r2, [pc, #16]	; (200003f8 <reset_non_control_endpoints+0x3c>)
200003e8:	601a      	str	r2, [r3, #0]
200003ea:	bd10      	pop	{r4, pc}
200003ec:	50100000 	.word	0x50100000
200003f0:	20001408 	.word	0x20001408
200003f4:	200017cc 	.word	0x200017cc
200003f8:	50100180 	.word	0x50100180

200003fc <hw_handle_buff_status>:
200003fc:	b5f0      	push	{r4, r5, r6, r7, lr}
200003fe:	46ce      	mov	lr, r9
20000400:	4647      	mov	r7, r8
20000402:	b580      	push	{r7, lr}
20000404:	b085      	sub	sp, #20
20000406:	4b23      	ldr	r3, [pc, #140]	; (20000494 <hw_handle_buff_status+0x98>)
20000408:	6d9f      	ldr	r7, [r3, #88]	; 0x58
2000040a:	2400      	movs	r4, #0
2000040c:	2601      	movs	r6, #1
2000040e:	e003      	b.n	20000418 <hw_handle_buff_status+0x1c>
20000410:	43b7      	bics	r7, r6
20000412:	0076      	lsls	r6, r6, #1
20000414:	3401      	adds	r4, #1
20000416:	b2e4      	uxtb	r4, r4
20000418:	2f00      	cmp	r7, #0
2000041a:	d036      	beq.n	2000048a <hw_handle_buff_status+0x8e>
2000041c:	2c1f      	cmp	r4, #31
2000041e:	d834      	bhi.n	2000048a <hw_handle_buff_status+0x8e>
20000420:	423e      	tst	r6, r7
20000422:	d0f6      	beq.n	20000412 <hw_handle_buff_status+0x16>
20000424:	4b1c      	ldr	r3, [pc, #112]	; (20000498 <hw_handle_buff_status+0x9c>)
20000426:	659e      	str	r6, [r3, #88]	; 0x58
20000428:	0863      	lsrs	r3, r4, #1
2000042a:	4699      	mov	r9, r3
2000042c:	2301      	movs	r3, #1
2000042e:	4063      	eors	r3, r4
20000430:	2201      	movs	r2, #1
20000432:	401a      	ands	r2, r3
20000434:	4690      	mov	r8, r2
20000436:	464b      	mov	r3, r9
20000438:	005d      	lsls	r5, r3, #1
2000043a:	4445      	add	r5, r8
2000043c:	016d      	lsls	r5, r5, #5
2000043e:	4b17      	ldr	r3, [pc, #92]	; (2000049c <hw_handle_buff_status+0xa0>)
20000440:	18ed      	adds	r5, r5, r3
20000442:	0028      	movs	r0, r5
20000444:	f000 fa42 	bl	200008cc <hw_endpoint_xfer_continue>
20000448:	2800      	cmp	r0, #0
2000044a:	d0e1      	beq.n	20000410 <hw_handle_buff_status+0x14>
2000044c:	464b      	mov	r3, r9
2000044e:	005b      	lsls	r3, r3, #1
20000450:	4443      	add	r3, r8
20000452:	015b      	lsls	r3, r3, #5
20000454:	4a11      	ldr	r2, [pc, #68]	; (2000049c <hw_handle_buff_status+0xa0>)
20000456:	18d3      	adds	r3, r2, r3
20000458:	789a      	ldrb	r2, [r3, #2]
2000045a:	4691      	mov	r9, r2
2000045c:	8adb      	ldrh	r3, [r3, #22]
2000045e:	4698      	mov	r8, r3
20000460:	220c      	movs	r2, #12
20000462:	2100      	movs	r1, #0
20000464:	a801      	add	r0, sp, #4
20000466:	f000 fb73 	bl	20000b50 <____wrap_memset_veneer>
2000046a:	2307      	movs	r3, #7
2000046c:	466a      	mov	r2, sp
2000046e:	7153      	strb	r3, [r2, #5]
20000470:	466b      	mov	r3, sp
20000472:	464a      	mov	r2, r9
20000474:	721a      	strb	r2, [r3, #8]
20000476:	4643      	mov	r3, r8
20000478:	9303      	str	r3, [sp, #12]
2000047a:	2101      	movs	r1, #1
2000047c:	a801      	add	r0, sp, #4
2000047e:	f000 fa4d 	bl	2000091c <dcd_event_handler>
20000482:	0028      	movs	r0, r5
20000484:	f000 f9ac 	bl	200007e0 <hw_endpoint_reset_transfer>
20000488:	e7c2      	b.n	20000410 <hw_handle_buff_status+0x14>
2000048a:	b005      	add	sp, #20
2000048c:	bcc0      	pop	{r6, r7}
2000048e:	46b9      	mov	r9, r7
20000490:	46b0      	mov	r8, r6
20000492:	bdf0      	pop	{r4, r5, r6, r7, pc}
20000494:	50110000 	.word	0x50110000
20000498:	50113000 	.word	0x50113000
2000049c:	200013c8 	.word	0x200013c8

200004a0 <dcd_rp2040_irq>:
200004a0:	b5f0      	push	{r4, r5, r6, r7, lr}
200004a2:	b085      	sub	sp, #20
200004a4:	4a68      	ldr	r2, [pc, #416]	; (20000648 <dcd_rp2040_irq+0x1a8>)
200004a6:	2398      	movs	r3, #152	; 0x98
200004a8:	58d5      	ldr	r5, [r2, r3]
200004aa:	2380      	movs	r3, #128	; 0x80
200004ac:	029b      	lsls	r3, r3, #10
200004ae:	002c      	movs	r4, r5
200004b0:	401c      	ands	r4, r3
200004b2:	421d      	tst	r5, r3
200004b4:	d04a      	beq.n	2000054c <dcd_rp2040_irq+0xac>
200004b6:	4b65      	ldr	r3, [pc, #404]	; (2000064c <dcd_rp2040_irq+0x1ac>)
200004b8:	6a9a      	ldr	r2, [r3, #40]	; 0x28
200004ba:	4b65      	ldr	r3, [pc, #404]	; (20000650 <dcd_rp2040_irq+0x1b0>)
200004bc:	601a      	str	r2, [r3, #0]
200004be:	2400      	movs	r4, #0
200004c0:	2600      	movs	r6, #0
200004c2:	e009      	b.n	200004d8 <dcd_rp2040_irq+0x38>
200004c4:	4b63      	ldr	r3, [pc, #396]	; (20000654 <dcd_rp2040_irq+0x1b4>)
200004c6:	1899      	adds	r1, r3, r2
200004c8:	313c      	adds	r1, #60	; 0x3c
200004ca:	2300      	movs	r3, #0
200004cc:	700b      	strb	r3, [r1, #0]
200004ce:	f000 f9b9 	bl	20000844 <hw_endpoint_start_next_buffer>
200004d2:	003e      	movs	r6, r7
200004d4:	3401      	adds	r4, #1
200004d6:	b2e4      	uxtb	r4, r4
200004d8:	2c0f      	cmp	r4, #15
200004da:	d817      	bhi.n	2000050c <dcd_rp2040_irq+0x6c>
200004dc:	01a2      	lsls	r2, r4, #6
200004de:	0010      	movs	r0, r2
200004e0:	3020      	adds	r0, #32
200004e2:	4b5c      	ldr	r3, [pc, #368]	; (20000654 <dcd_rp2040_irq+0x1b4>)
200004e4:	18c0      	adds	r0, r0, r3
200004e6:	189b      	adds	r3, r3, r2
200004e8:	333b      	adds	r3, #59	; 0x3b
200004ea:	781b      	ldrb	r3, [r3, #0]
200004ec:	2b02      	cmp	r3, #2
200004ee:	d1f1      	bne.n	200004d4 <dcd_rp2040_irq+0x34>
200004f0:	4b58      	ldr	r3, [pc, #352]	; (20000654 <dcd_rp2040_irq+0x1b4>)
200004f2:	189b      	adds	r3, r3, r2
200004f4:	333a      	adds	r3, #58	; 0x3a
200004f6:	781f      	ldrb	r7, [r3, #0]
200004f8:	2f00      	cmp	r7, #0
200004fa:	d0eb      	beq.n	200004d4 <dcd_rp2040_irq+0x34>
200004fc:	4b55      	ldr	r3, [pc, #340]	; (20000654 <dcd_rp2040_irq+0x1b4>)
200004fe:	189b      	adds	r3, r3, r2
20000500:	333c      	adds	r3, #60	; 0x3c
20000502:	781b      	ldrb	r3, [r3, #0]
20000504:	2b00      	cmp	r3, #0
20000506:	d1dd      	bne.n	200004c4 <dcd_rp2040_irq+0x24>
20000508:	003e      	movs	r6, r7
2000050a:	e7e3      	b.n	200004d4 <dcd_rp2040_irq+0x34>
2000050c:	2e00      	cmp	r6, #0
2000050e:	d108      	bne.n	20000522 <dcd_rp2040_irq+0x82>
20000510:	4b51      	ldr	r3, [pc, #324]	; (20000658 <dcd_rp2040_irq+0x1b8>)
20000512:	781b      	ldrb	r3, [r3, #0]
20000514:	2b00      	cmp	r3, #0
20000516:	d104      	bne.n	20000522 <dcd_rp2040_irq+0x82>
20000518:	4a50      	ldr	r2, [pc, #320]	; (2000065c <dcd_rp2040_irq+0x1bc>)
2000051a:	3390      	adds	r3, #144	; 0x90
2000051c:	2180      	movs	r1, #128	; 0x80
2000051e:	0289      	lsls	r1, r1, #10
20000520:	50d1      	str	r1, [r2, r3]
20000522:	4b49      	ldr	r3, [pc, #292]	; (20000648 <dcd_rp2040_irq+0x1a8>)
20000524:	6c9c      	ldr	r4, [r3, #72]	; 0x48
20000526:	0564      	lsls	r4, r4, #21
20000528:	0d64      	lsrs	r4, r4, #21
2000052a:	220c      	movs	r2, #12
2000052c:	2100      	movs	r1, #0
2000052e:	a801      	add	r0, sp, #4
20000530:	f000 fb0e 	bl	20000b50 <____wrap_memset_veneer>
20000534:	2300      	movs	r3, #0
20000536:	466a      	mov	r2, sp
20000538:	7113      	strb	r3, [r2, #4]
2000053a:	3303      	adds	r3, #3
2000053c:	7153      	strb	r3, [r2, #5]
2000053e:	9402      	str	r4, [sp, #8]
20000540:	2101      	movs	r1, #1
20000542:	a801      	add	r0, sp, #4
20000544:	f000 f9ea 	bl	2000091c <dcd_event_handler>
20000548:	2480      	movs	r4, #128	; 0x80
2000054a:	02a4      	lsls	r4, r4, #10
2000054c:	06eb      	lsls	r3, r5, #27
2000054e:	d409      	bmi.n	20000564 <dcd_rp2040_irq+0xc4>
20000550:	03eb      	lsls	r3, r5, #15
20000552:	d529      	bpl.n	200005a8 <dcd_rp2040_irq+0x108>
20000554:	2380      	movs	r3, #128	; 0x80
20000556:	025b      	lsls	r3, r3, #9
20000558:	431c      	orrs	r4, r3
2000055a:	ab01      	add	r3, sp, #4
2000055c:	4a40      	ldr	r2, [pc, #256]	; (20000660 <dcd_rp2040_irq+0x1c0>)
2000055e:	801a      	strh	r2, [r3, #0]
20000560:	2600      	movs	r6, #0
20000562:	e00b      	b.n	2000057c <dcd_rp2040_irq+0xdc>
20000564:	2310      	movs	r3, #16
20000566:	431c      	orrs	r4, r3
20000568:	f7ff ff48 	bl	200003fc <hw_handle_buff_status>
2000056c:	e7f0      	b.n	20000550 <dcd_rp2040_irq+0xb0>
2000056e:	ab01      	add	r3, sp, #4
20000570:	5d98      	ldrb	r0, [r3, r6]
20000572:	f000 faf5 	bl	20000b60 <__hw_endpoint_get_by_addr_veneer>
20000576:	2301      	movs	r3, #1
20000578:	70c3      	strb	r3, [r0, #3]
2000057a:	3601      	adds	r6, #1
2000057c:	2e01      	cmp	r6, #1
2000057e:	d9f6      	bls.n	2000056e <dcd_rp2040_irq+0xce>
20000580:	ae01      	add	r6, sp, #4
20000582:	220c      	movs	r2, #12
20000584:	2100      	movs	r1, #0
20000586:	0030      	movs	r0, r6
20000588:	f000 fae2 	bl	20000b50 <____wrap_memset_veneer>
2000058c:	2306      	movs	r3, #6
2000058e:	7073      	strb	r3, [r6, #1]
20000590:	4a34      	ldr	r2, [pc, #208]	; (20000664 <dcd_rp2040_irq+0x1c4>)
20000592:	ab02      	add	r3, sp, #8
20000594:	ca03      	ldmia	r2!, {r0, r1}
20000596:	c303      	stmia	r3!, {r0, r1}
20000598:	2101      	movs	r1, #1
2000059a:	0030      	movs	r0, r6
2000059c:	f000 f9be 	bl	2000091c <dcd_event_handler>
200005a0:	4b2e      	ldr	r3, [pc, #184]	; (2000065c <dcd_rp2040_irq+0x1bc>)
200005a2:	2280      	movs	r2, #128	; 0x80
200005a4:	0292      	lsls	r2, r2, #10
200005a6:	651a      	str	r2, [r3, #80]	; 0x50
200005a8:	04eb      	lsls	r3, r5, #19
200005aa:	d407      	bmi.n	200005bc <dcd_rp2040_irq+0x11c>
200005ac:	046b      	lsls	r3, r5, #17
200005ae:	d41e      	bmi.n	200005ee <dcd_rp2040_irq+0x14e>
200005b0:	042b      	lsls	r3, r5, #16
200005b2:	d42f      	bmi.n	20000614 <dcd_rp2040_irq+0x174>
200005b4:	42ac      	cmp	r4, r5
200005b6:	d141      	bne.n	2000063c <dcd_rp2040_irq+0x19c>
200005b8:	b005      	add	sp, #20
200005ba:	bdf0      	pop	{r4, r5, r6, r7, pc}
200005bc:	2380      	movs	r3, #128	; 0x80
200005be:	015b      	lsls	r3, r3, #5
200005c0:	431c      	orrs	r4, r3
200005c2:	4b21      	ldr	r3, [pc, #132]	; (20000648 <dcd_rp2040_irq+0x1a8>)
200005c4:	2200      	movs	r2, #0
200005c6:	601a      	str	r2, [r3, #0]
200005c8:	f7ff fef8 	bl	200003bc <reset_non_control_endpoints>
200005cc:	ae01      	add	r6, sp, #4
200005ce:	220c      	movs	r2, #12
200005d0:	2100      	movs	r1, #0
200005d2:	0030      	movs	r0, r6
200005d4:	f000 fabc 	bl	20000b50 <____wrap_memset_veneer>
200005d8:	2301      	movs	r3, #1
200005da:	7073      	strb	r3, [r6, #1]
200005dc:	2101      	movs	r1, #1
200005de:	0030      	movs	r0, r6
200005e0:	f000 f99c 	bl	2000091c <dcd_event_handler>
200005e4:	4b1d      	ldr	r3, [pc, #116]	; (2000065c <dcd_rp2040_irq+0x1bc>)
200005e6:	2280      	movs	r2, #128	; 0x80
200005e8:	0312      	lsls	r2, r2, #12
200005ea:	651a      	str	r2, [r3, #80]	; 0x50
200005ec:	e7de      	b.n	200005ac <dcd_rp2040_irq+0x10c>
200005ee:	2380      	movs	r3, #128	; 0x80
200005f0:	01db      	lsls	r3, r3, #7
200005f2:	431c      	orrs	r4, r3
200005f4:	ae01      	add	r6, sp, #4
200005f6:	220c      	movs	r2, #12
200005f8:	2100      	movs	r1, #0
200005fa:	0030      	movs	r0, r6
200005fc:	f000 faa8 	bl	20000b50 <____wrap_memset_veneer>
20000600:	2304      	movs	r3, #4
20000602:	7073      	strb	r3, [r6, #1]
20000604:	2101      	movs	r1, #1
20000606:	0030      	movs	r0, r6
20000608:	f000 f988 	bl	2000091c <dcd_event_handler>
2000060c:	4b13      	ldr	r3, [pc, #76]	; (2000065c <dcd_rp2040_irq+0x1bc>)
2000060e:	2210      	movs	r2, #16
20000610:	651a      	str	r2, [r3, #80]	; 0x50
20000612:	e7cd      	b.n	200005b0 <dcd_rp2040_irq+0x110>
20000614:	2380      	movs	r3, #128	; 0x80
20000616:	021b      	lsls	r3, r3, #8
20000618:	431c      	orrs	r4, r3
2000061a:	ae01      	add	r6, sp, #4
2000061c:	220c      	movs	r2, #12
2000061e:	2100      	movs	r1, #0
20000620:	0030      	movs	r0, r6
20000622:	f000 fa95 	bl	20000b50 <____wrap_memset_veneer>
20000626:	2305      	movs	r3, #5
20000628:	7073      	strb	r3, [r6, #1]
2000062a:	2101      	movs	r1, #1
2000062c:	0030      	movs	r0, r6
2000062e:	f000 f975 	bl	2000091c <dcd_event_handler>
20000632:	4b0a      	ldr	r3, [pc, #40]	; (2000065c <dcd_rp2040_irq+0x1bc>)
20000634:	2280      	movs	r2, #128	; 0x80
20000636:	0112      	lsls	r2, r2, #4
20000638:	651a      	str	r2, [r3, #80]	; 0x50
2000063a:	e7bb      	b.n	200005b4 <dcd_rp2040_irq+0x114>
2000063c:	0021      	movs	r1, r4
2000063e:	4069      	eors	r1, r5
20000640:	4809      	ldr	r0, [pc, #36]	; (20000668 <dcd_rp2040_irq+0x1c8>)
20000642:	f000 faa5 	bl	20000b90 <__panic_veneer>
20000646:	46c0      	nop			; (mov r8, r8)
20000648:	50110000 	.word	0x50110000
2000064c:	40054000 	.word	0x40054000
20000650:	200013c0 	.word	0x200013c0
20000654:	200013c8 	.word	0x200013c8
20000658:	20001a22 	.word	0x20001a22
2000065c:	50113000 	.word	0x50113000
20000660:	ffff8000 	.word	0xffff8000
20000664:	50100000 	.word	0x50100000
20000668:	10008770 	.word	0x10008770

2000066c <e15_is_bulkin_ep>:
2000066c:	4b09      	ldr	r3, [pc, #36]	; (20000694 <e15_is_bulkin_ep+0x28>)
2000066e:	6c1b      	ldr	r3, [r3, #64]	; 0x40
20000670:	079b      	lsls	r3, r3, #30
20000672:	d40c      	bmi.n	2000068e <e15_is_bulkin_ep+0x22>
20000674:	7883      	ldrb	r3, [r0, #2]
20000676:	09db      	lsrs	r3, r3, #7
20000678:	2b01      	cmp	r3, #1
2000067a:	d001      	beq.n	20000680 <e15_is_bulkin_ep+0x14>
2000067c:	2000      	movs	r0, #0
2000067e:	e007      	b.n	20000690 <e15_is_bulkin_ep+0x24>
20000680:	7ec3      	ldrb	r3, [r0, #27]
20000682:	2b02      	cmp	r3, #2
20000684:	d001      	beq.n	2000068a <e15_is_bulkin_ep+0x1e>
20000686:	2000      	movs	r0, #0
20000688:	e002      	b.n	20000690 <e15_is_bulkin_ep+0x24>
2000068a:	2001      	movs	r0, #1
2000068c:	e000      	b.n	20000690 <e15_is_bulkin_ep+0x24>
2000068e:	2000      	movs	r0, #0
20000690:	4770      	bx	lr
20000692:	46c0      	nop			; (mov r8, r8)
20000694:	50110000 	.word	0x50110000

20000698 <e15_is_critical_frame_period>:
20000698:	b510      	push	{r4, lr}
2000069a:	f7ff ffe7 	bl	2000066c <e15_is_bulkin_ep>
2000069e:	2800      	cmp	r0, #0
200006a0:	d009      	beq.n	200006b6 <e15_is_critical_frame_period+0x1e>
200006a2:	4b06      	ldr	r3, [pc, #24]	; (200006bc <e15_is_critical_frame_period+0x24>)
200006a4:	6a9b      	ldr	r3, [r3, #40]	; 0x28
200006a6:	4a06      	ldr	r2, [pc, #24]	; (200006c0 <e15_is_critical_frame_period+0x28>)
200006a8:	6812      	ldr	r2, [r2, #0]
200006aa:	1a9b      	subs	r3, r3, r2
200006ac:	4a05      	ldr	r2, [pc, #20]	; (200006c4 <e15_is_critical_frame_period+0x2c>)
200006ae:	4694      	mov	ip, r2
200006b0:	4463      	add	r3, ip
200006b2:	2bc6      	cmp	r3, #198	; 0xc6
200006b4:	d800      	bhi.n	200006b8 <e15_is_critical_frame_period+0x20>
200006b6:	bd10      	pop	{r4, pc}
200006b8:	2000      	movs	r0, #0
200006ba:	e7fc      	b.n	200006b6 <e15_is_critical_frame_period+0x1e>
200006bc:	40054000 	.word	0x40054000
200006c0:	200013c0 	.word	0x200013c0
200006c4:	fffffce0 	.word	0xfffffce0

200006c8 <prepare_ep_buffer>:
200006c8:	b5f8      	push	{r3, r4, r5, r6, r7, lr}
200006ca:	0004      	movs	r4, r0
200006cc:	000f      	movs	r7, r1
200006ce:	8a83      	ldrh	r3, [r0, #20]
200006d0:	8b02      	ldrh	r2, [r0, #24]
200006d2:	1c1e      	adds	r6, r3, #0
200006d4:	4293      	cmp	r3, r2
200006d6:	d900      	bls.n	200006da <prepare_ep_buffer+0x12>
200006d8:	1c16      	adds	r6, r2, #0
200006da:	b2b6      	uxth	r6, r6
200006dc:	1b9b      	subs	r3, r3, r6
200006de:	82a3      	strh	r3, [r4, #20]
200006e0:	2580      	movs	r5, #128	; 0x80
200006e2:	00ed      	lsls	r5, r5, #3
200006e4:	4335      	orrs	r5, r6
200006e6:	78e3      	ldrb	r3, [r4, #3]
200006e8:	2b00      	cmp	r3, #0
200006ea:	d013      	beq.n	20000714 <prepare_ep_buffer+0x4c>
200006ec:	2280      	movs	r2, #128	; 0x80
200006ee:	0192      	lsls	r2, r2, #6
200006f0:	4315      	orrs	r5, r2
200006f2:	2201      	movs	r2, #1
200006f4:	4053      	eors	r3, r2
200006f6:	70e3      	strb	r3, [r4, #3]
200006f8:	7863      	ldrb	r3, [r4, #1]
200006fa:	2b00      	cmp	r3, #0
200006fc:	d00c      	beq.n	20000718 <prepare_ep_buffer+0x50>
200006fe:	8aa3      	ldrh	r3, [r4, #20]
20000700:	2b00      	cmp	r3, #0
20000702:	d102      	bne.n	2000070a <prepare_ep_buffer+0x42>
20000704:	2380      	movs	r3, #128	; 0x80
20000706:	01db      	lsls	r3, r3, #7
20000708:	431d      	orrs	r5, r3
2000070a:	2f00      	cmp	r7, #0
2000070c:	d000      	beq.n	20000710 <prepare_ep_buffer+0x48>
2000070e:	042d      	lsls	r5, r5, #16
20000710:	0028      	movs	r0, r5
20000712:	bdf8      	pop	{r3, r4, r5, r6, r7, pc}
20000714:	2200      	movs	r2, #0
20000716:	e7eb      	b.n	200006f0 <prepare_ep_buffer+0x28>
20000718:	01b8      	lsls	r0, r7, #6
2000071a:	68e3      	ldr	r3, [r4, #12]
2000071c:	469c      	mov	ip, r3
2000071e:	4460      	add	r0, ip
20000720:	0032      	movs	r2, r6
20000722:	6921      	ldr	r1, [r4, #16]
20000724:	f000 fa2c 	bl	20000b80 <____wrap_memcpy_veneer>
20000728:	6923      	ldr	r3, [r4, #16]
2000072a:	469c      	mov	ip, r3
2000072c:	4466      	add	r6, ip
2000072e:	6126      	str	r6, [r4, #16]
20000730:	2380      	movs	r3, #128	; 0x80
20000732:	021b      	lsls	r3, r3, #8
20000734:	431d      	orrs	r5, r3
20000736:	e7e2      	b.n	200006fe <prepare_ep_buffer+0x36>

20000738 <sync_ep_buffer>:
20000738:	b570      	push	{r4, r5, r6, lr}
2000073a:	0004      	movs	r4, r0
2000073c:	6883      	ldr	r3, [r0, #8]
2000073e:	681b      	ldr	r3, [r3, #0]
20000740:	2900      	cmp	r1, #0
20000742:	d000      	beq.n	20000746 <sync_ep_buffer+0xe>
20000744:	0c1b      	lsrs	r3, r3, #16
20000746:	059d      	lsls	r5, r3, #22
20000748:	0dad      	lsrs	r5, r5, #22
2000074a:	7862      	ldrb	r2, [r4, #1]
2000074c:	2a00      	cmp	r2, #0
2000074e:	d112      	bne.n	20000776 <sync_ep_buffer+0x3e>
20000750:	041b      	lsls	r3, r3, #16
20000752:	d409      	bmi.n	20000768 <sync_ep_buffer+0x30>
20000754:	8ae3      	ldrh	r3, [r4, #22]
20000756:	195b      	adds	r3, r3, r5
20000758:	82e3      	strh	r3, [r4, #22]
2000075a:	8b23      	ldrh	r3, [r4, #24]
2000075c:	42ab      	cmp	r3, r5
2000075e:	d901      	bls.n	20000764 <sync_ep_buffer+0x2c>
20000760:	2300      	movs	r3, #0
20000762:	82a3      	strh	r3, [r4, #20]
20000764:	0028      	movs	r0, r5
20000766:	bd70      	pop	{r4, r5, r6, pc}
20000768:	2181      	movs	r1, #129	; 0x81
2000076a:	4b0f      	ldr	r3, [pc, #60]	; (200007a8 <sync_ep_buffer+0x70>)
2000076c:	4a0f      	ldr	r2, [pc, #60]	; (200007ac <sync_ep_buffer+0x74>)
2000076e:	0049      	lsls	r1, r1, #1
20000770:	480f      	ldr	r0, [pc, #60]	; (200007b0 <sync_ep_buffer+0x78>)
20000772:	f000 f9dd 	bl	20000b30 <____assert_func_veneer>
20000776:	041b      	lsls	r3, r3, #16
20000778:	d50e      	bpl.n	20000798 <sync_ep_buffer+0x60>
2000077a:	0189      	lsls	r1, r1, #6
2000077c:	68e3      	ldr	r3, [r4, #12]
2000077e:	469c      	mov	ip, r3
20000780:	4461      	add	r1, ip
20000782:	002a      	movs	r2, r5
20000784:	6920      	ldr	r0, [r4, #16]
20000786:	f000 f9fb 	bl	20000b80 <____wrap_memcpy_veneer>
2000078a:	8ae3      	ldrh	r3, [r4, #22]
2000078c:	195b      	adds	r3, r3, r5
2000078e:	82e3      	strh	r3, [r4, #22]
20000790:	6923      	ldr	r3, [r4, #16]
20000792:	195b      	adds	r3, r3, r5
20000794:	6123      	str	r3, [r4, #16]
20000796:	e7e0      	b.n	2000075a <sync_ep_buffer+0x22>
20000798:	210a      	movs	r1, #10
2000079a:	4b06      	ldr	r3, [pc, #24]	; (200007b4 <sync_ep_buffer+0x7c>)
2000079c:	4a03      	ldr	r2, [pc, #12]	; (200007ac <sync_ep_buffer+0x74>)
2000079e:	31ff      	adds	r1, #255	; 0xff
200007a0:	4803      	ldr	r0, [pc, #12]	; (200007b0 <sync_ep_buffer+0x78>)
200007a2:	f000 f9c5 	bl	20000b30 <____assert_func_veneer>
200007a6:	46c0      	nop			; (mov r8, r8)
200007a8:	100087f0 	.word	0x100087f0
200007ac:	100088e4 	.word	0x100088e4
200007b0:	10008810 	.word	0x10008810
200007b4:	10008870 	.word	0x10008870

200007b8 <_hw_endpoint_xfer_sync>:
200007b8:	b510      	push	{r4, lr}
200007ba:	0004      	movs	r4, r0
200007bc:	6883      	ldr	r3, [r0, #8]
200007be:	681b      	ldr	r3, [r3, #0]
200007c0:	2100      	movs	r1, #0
200007c2:	f7ff ffb9 	bl	20000738 <sync_ep_buffer>
200007c6:	6863      	ldr	r3, [r4, #4]
200007c8:	681b      	ldr	r3, [r3, #0]
200007ca:	005b      	lsls	r3, r3, #1
200007cc:	d502      	bpl.n	200007d4 <_hw_endpoint_xfer_sync+0x1c>
200007ce:	8b23      	ldrh	r3, [r4, #24]
200007d0:	4283      	cmp	r3, r0
200007d2:	d000      	beq.n	200007d6 <_hw_endpoint_xfer_sync+0x1e>
200007d4:	bd10      	pop	{r4, pc}
200007d6:	2101      	movs	r1, #1
200007d8:	0020      	movs	r0, r4
200007da:	f7ff ffad 	bl	20000738 <sync_ep_buffer>
200007de:	e7f9      	b.n	200007d4 <_hw_endpoint_xfer_sync+0x1c>

200007e0 <hw_endpoint_reset_transfer>:
200007e0:	2300      	movs	r3, #0
200007e2:	7683      	strb	r3, [r0, #26]
200007e4:	8283      	strh	r3, [r0, #20]
200007e6:	82c3      	strh	r3, [r0, #22]
200007e8:	6103      	str	r3, [r0, #16]
200007ea:	4770      	bx	lr

200007ec <_hw_endpoint_buffer_control_update32>:
200007ec:	b510      	push	{r4, lr}
200007ee:	2900      	cmp	r1, #0
200007f0:	d002      	beq.n	200007f8 <_hw_endpoint_buffer_control_update32+0xc>
200007f2:	6883      	ldr	r3, [r0, #8]
200007f4:	681b      	ldr	r3, [r3, #0]
200007f6:	4019      	ands	r1, r3
200007f8:	2a00      	cmp	r2, #0
200007fa:	d00f      	beq.n	2000081c <_hw_endpoint_buffer_control_update32+0x30>
200007fc:	4311      	orrs	r1, r2
200007fe:	0553      	lsls	r3, r2, #21
20000800:	d50c      	bpl.n	2000081c <_hw_endpoint_buffer_control_update32+0x30>
20000802:	6882      	ldr	r2, [r0, #8]
20000804:	6813      	ldr	r3, [r2, #0]
20000806:	055b      	lsls	r3, r3, #21
20000808:	d40b      	bmi.n	20000822 <_hw_endpoint_buffer_control_update32+0x36>
2000080a:	4b0b      	ldr	r3, [pc, #44]	; (20000838 <_hw_endpoint_buffer_control_update32+0x4c>)
2000080c:	400b      	ands	r3, r1
2000080e:	6013      	str	r3, [r2, #0]
20000810:	e7ff      	b.n	20000812 <_hw_endpoint_buffer_control_update32+0x26>
20000812:	e7ff      	b.n	20000814 <_hw_endpoint_buffer_control_update32+0x28>
20000814:	e7ff      	b.n	20000816 <_hw_endpoint_buffer_control_update32+0x2a>
20000816:	e7ff      	b.n	20000818 <_hw_endpoint_buffer_control_update32+0x2c>
20000818:	e7ff      	b.n	2000081a <_hw_endpoint_buffer_control_update32+0x2e>
2000081a:	e7ff      	b.n	2000081c <_hw_endpoint_buffer_control_update32+0x30>
2000081c:	6883      	ldr	r3, [r0, #8]
2000081e:	6019      	str	r1, [r3, #0]
20000820:	bd10      	pop	{r4, pc}
20000822:	7883      	ldrb	r3, [r0, #2]
20000824:	217f      	movs	r1, #127	; 0x7f
20000826:	4019      	ands	r1, r3
20000828:	09db      	lsrs	r3, r3, #7
2000082a:	009b      	lsls	r3, r3, #2
2000082c:	4a03      	ldr	r2, [pc, #12]	; (2000083c <_hw_endpoint_buffer_control_update32+0x50>)
2000082e:	589a      	ldr	r2, [r3, r2]
20000830:	4803      	ldr	r0, [pc, #12]	; (20000840 <_hw_endpoint_buffer_control_update32+0x54>)
20000832:	f000 f9ad 	bl	20000b90 <__panic_veneer>
20000836:	46c0      	nop			; (mov r8, r8)
20000838:	fffffbff 	.word	0xfffffbff
2000083c:	20000c58 	.word	0x20000c58
20000840:	10008890 	.word	0x10008890

20000844 <hw_endpoint_start_next_buffer>:
20000844:	b570      	push	{r4, r5, r6, lr}
20000846:	0004      	movs	r4, r0
20000848:	6843      	ldr	r3, [r0, #4]
2000084a:	681e      	ldr	r6, [r3, #0]
2000084c:	2100      	movs	r1, #0
2000084e:	f7ff ff3b 	bl	200006c8 <prepare_ep_buffer>
20000852:	2580      	movs	r5, #128	; 0x80
20000854:	016d      	lsls	r5, r5, #5
20000856:	4305      	orrs	r5, r0
20000858:	4b19      	ldr	r3, [pc, #100]	; (200008c0 <hw_endpoint_start_next_buffer+0x7c>)
2000085a:	6c1b      	ldr	r3, [r3, #64]	; 0x40
2000085c:	2202      	movs	r2, #2
2000085e:	0011      	movs	r1, r2
20000860:	4019      	ands	r1, r3
20000862:	421a      	tst	r2, r3
20000864:	d102      	bne.n	2000086c <hw_endpoint_start_next_buffer+0x28>
20000866:	78a3      	ldrb	r3, [r4, #2]
20000868:	09db      	lsrs	r3, r3, #7
2000086a:	d006      	beq.n	2000087a <hw_endpoint_start_next_buffer+0x36>
2000086c:	2900      	cmp	r1, #0
2000086e:	d006      	beq.n	2000087e <hw_endpoint_start_next_buffer+0x3a>
20000870:	78a3      	ldrb	r3, [r4, #2]
20000872:	065b      	lsls	r3, r3, #25
20000874:	d116      	bne.n	200008a4 <hw_endpoint_start_next_buffer+0x60>
20000876:	2300      	movs	r3, #0
20000878:	e002      	b.n	20000880 <hw_endpoint_start_next_buffer+0x3c>
2000087a:	2301      	movs	r3, #1
2000087c:	e000      	b.n	20000880 <hw_endpoint_start_next_buffer+0x3c>
2000087e:	2300      	movs	r3, #0
20000880:	8aa2      	ldrh	r2, [r4, #20]
20000882:	2a00      	cmp	r2, #0
20000884:	d001      	beq.n	2000088a <hw_endpoint_start_next_buffer+0x46>
20000886:	2b00      	cmp	r3, #0
20000888:	d00e      	beq.n	200008a8 <hw_endpoint_start_next_buffer+0x64>
2000088a:	4b0e      	ldr	r3, [pc, #56]	; (200008c4 <hw_endpoint_start_next_buffer+0x80>)
2000088c:	401e      	ands	r6, r3
2000088e:	2380      	movs	r3, #128	; 0x80
20000890:	059b      	lsls	r3, r3, #22
20000892:	4333      	orrs	r3, r6
20000894:	6862      	ldr	r2, [r4, #4]
20000896:	6013      	str	r3, [r2, #0]
20000898:	002a      	movs	r2, r5
2000089a:	2100      	movs	r1, #0
2000089c:	0020      	movs	r0, r4
2000089e:	f7ff ffa5 	bl	200007ec <_hw_endpoint_buffer_control_update32>
200008a2:	bd70      	pop	{r4, r5, r6, pc}
200008a4:	2301      	movs	r3, #1
200008a6:	e7eb      	b.n	20000880 <hw_endpoint_start_next_buffer+0x3c>
200008a8:	2101      	movs	r1, #1
200008aa:	0020      	movs	r0, r4
200008ac:	f7ff ff0c 	bl	200006c8 <prepare_ep_buffer>
200008b0:	4305      	orrs	r5, r0
200008b2:	4b05      	ldr	r3, [pc, #20]	; (200008c8 <hw_endpoint_start_next_buffer+0x84>)
200008b4:	401e      	ands	r6, r3
200008b6:	23a0      	movs	r3, #160	; 0xa0
200008b8:	05db      	lsls	r3, r3, #23
200008ba:	4333      	orrs	r3, r6
200008bc:	e7ea      	b.n	20000894 <hw_endpoint_start_next_buffer+0x50>
200008be:	46c0      	nop			; (mov r8, r8)
200008c0:	50110000 	.word	0x50110000
200008c4:	afffffff 	.word	0xafffffff
200008c8:	dfffffff 	.word	0xdfffffff

200008cc <hw_endpoint_xfer_continue>:
200008cc:	b570      	push	{r4, r5, r6, lr}
200008ce:	0004      	movs	r4, r0
200008d0:	7e85      	ldrb	r5, [r0, #26]
200008d2:	2d00      	cmp	r5, #0
200008d4:	d006      	beq.n	200008e4 <hw_endpoint_xfer_continue+0x18>
200008d6:	f7ff ff6f 	bl	200007b8 <_hw_endpoint_xfer_sync>
200008da:	8aa3      	ldrh	r3, [r4, #20]
200008dc:	2b00      	cmp	r3, #0
200008de:	d10b      	bne.n	200008f8 <hw_endpoint_xfer_continue+0x2c>
200008e0:	0028      	movs	r0, r5
200008e2:	bd70      	pop	{r4, r5, r6, pc}
200008e4:	7883      	ldrb	r3, [r0, #2]
200008e6:	217f      	movs	r1, #127	; 0x7f
200008e8:	4019      	ands	r1, r3
200008ea:	09db      	lsrs	r3, r3, #7
200008ec:	009b      	lsls	r3, r3, #2
200008ee:	4a09      	ldr	r2, [pc, #36]	; (20000914 <hw_endpoint_xfer_continue+0x48>)
200008f0:	589a      	ldr	r2, [r3, r2]
200008f2:	4809      	ldr	r0, [pc, #36]	; (20000918 <hw_endpoint_xfer_continue+0x4c>)
200008f4:	f000 f94c 	bl	20000b90 <__panic_veneer>
200008f8:	0020      	movs	r0, r4
200008fa:	f7ff fecd 	bl	20000698 <e15_is_critical_frame_period>
200008fe:	1e05      	subs	r5, r0, #0
20000900:	d003      	beq.n	2000090a <hw_endpoint_xfer_continue+0x3e>
20000902:	2301      	movs	r3, #1
20000904:	7723      	strb	r3, [r4, #28]
20000906:	2500      	movs	r5, #0
20000908:	e7ea      	b.n	200008e0 <hw_endpoint_xfer_continue+0x14>
2000090a:	0020      	movs	r0, r4
2000090c:	f7ff ff9a 	bl	20000844 <hw_endpoint_start_next_buffer>
20000910:	e7e6      	b.n	200008e0 <hw_endpoint_xfer_continue+0x14>
20000912:	46c0      	nop			; (mov r8, r8)
20000914:	20000c58 	.word	0x20000c58
20000918:	100088b0 	.word	0x100088b0

2000091c <dcd_event_handler>:
2000091c:	b530      	push	{r4, r5, lr}
2000091e:	b085      	sub	sp, #20
20000920:	0005      	movs	r5, r0
20000922:	7843      	ldrb	r3, [r0, #1]
20000924:	2b04      	cmp	r3, #4
20000926:	d055      	beq.n	200009d4 <dcd_event_handler+0xb8>
20000928:	d806      	bhi.n	20000938 <dcd_event_handler+0x1c>
2000092a:	2b02      	cmp	r3, #2
2000092c:	d029      	beq.n	20000982 <dcd_event_handler+0x66>
2000092e:	2b03      	cmp	r3, #3
20000930:	d000      	beq.n	20000934 <dcd_event_handler+0x18>
20000932:	e0c3      	b.n	20000abc <dcd_event_handler+0x1a0>
20000934:	2400      	movs	r4, #0
20000936:	e07d      	b.n	20000a34 <dcd_event_handler+0x118>
20000938:	2b05      	cmp	r3, #5
2000093a:	d000      	beq.n	2000093e <dcd_event_handler+0x22>
2000093c:	e0be      	b.n	20000abc <dcd_event_handler+0x1a0>
2000093e:	4b6c      	ldr	r3, [pc, #432]	; (20000af0 <dcd_event_handler+0x1d4>)
20000940:	781b      	ldrb	r3, [r3, #0]
20000942:	07db      	lsls	r3, r3, #31
20000944:	d544      	bpl.n	200009d0 <dcd_event_handler+0xb4>
20000946:	4a6a      	ldr	r2, [pc, #424]	; (20000af0 <dcd_event_handler+0x1d4>)
20000948:	7813      	ldrb	r3, [r2, #0]
2000094a:	2104      	movs	r1, #4
2000094c:	438b      	bics	r3, r1
2000094e:	7013      	strb	r3, [r2, #0]
20000950:	4b68      	ldr	r3, [pc, #416]	; (20000af4 <dcd_event_handler+0x1d8>)
20000952:	681c      	ldr	r4, [r3, #0]
20000954:	6962      	ldr	r2, [r4, #20]
20000956:	f3ef 8110 	mrs	r1, PRIMASK
2000095a:	b672      	cpsid	i
2000095c:	6813      	ldr	r3, [r2, #0]
2000095e:	2b00      	cmp	r3, #0
20000960:	d0fc      	beq.n	2000095c <dcd_event_handler+0x40>
20000962:	f3bf 8f5f 	dmb	sy
20000966:	61a1      	str	r1, [r4, #24]
20000968:	0029      	movs	r1, r5
2000096a:	0020      	movs	r0, r4
2000096c:	f000 f8e8 	bl	20000b40 <__tu_fifo_write_veneer>
20000970:	6962      	ldr	r2, [r4, #20]
20000972:	69a3      	ldr	r3, [r4, #24]
20000974:	f3bf 8f5f 	dmb	sy
20000978:	2100      	movs	r1, #0
2000097a:	6011      	str	r1, [r2, #0]
2000097c:	f383 8810 	msr	PRIMASK, r3
20000980:	e026      	b.n	200009d0 <dcd_event_handler+0xb4>
20000982:	4b5b      	ldr	r3, [pc, #364]	; (20000af0 <dcd_event_handler+0x1d4>)
20000984:	781a      	ldrb	r2, [r3, #0]
20000986:	2101      	movs	r1, #1
20000988:	438a      	bics	r2, r1
2000098a:	701a      	strb	r2, [r3, #0]
2000098c:	781a      	ldrb	r2, [r3, #0]
2000098e:	3101      	adds	r1, #1
20000990:	438a      	bics	r2, r1
20000992:	701a      	strb	r2, [r3, #0]
20000994:	2200      	movs	r2, #0
20000996:	705a      	strb	r2, [r3, #1]
20000998:	781a      	ldrb	r2, [r3, #0]
2000099a:	3102      	adds	r1, #2
2000099c:	438a      	bics	r2, r1
2000099e:	701a      	strb	r2, [r3, #0]
200009a0:	4b54      	ldr	r3, [pc, #336]	; (20000af4 <dcd_event_handler+0x1d8>)
200009a2:	681c      	ldr	r4, [r3, #0]
200009a4:	6962      	ldr	r2, [r4, #20]
200009a6:	f3ef 8110 	mrs	r1, PRIMASK
200009aa:	b672      	cpsid	i
200009ac:	6813      	ldr	r3, [r2, #0]
200009ae:	2b00      	cmp	r3, #0
200009b0:	d0fc      	beq.n	200009ac <dcd_event_handler+0x90>
200009b2:	f3bf 8f5f 	dmb	sy
200009b6:	61a1      	str	r1, [r4, #24]
200009b8:	0029      	movs	r1, r5
200009ba:	0020      	movs	r0, r4
200009bc:	f000 f8c0 	bl	20000b40 <__tu_fifo_write_veneer>
200009c0:	6962      	ldr	r2, [r4, #20]
200009c2:	69a3      	ldr	r3, [r4, #24]
200009c4:	f3bf 8f5f 	dmb	sy
200009c8:	2100      	movs	r1, #0
200009ca:	6011      	str	r1, [r2, #0]
200009cc:	f383 8810 	msr	PRIMASK, r3
200009d0:	b005      	add	sp, #20
200009d2:	bd30      	pop	{r4, r5, pc}
200009d4:	4b46      	ldr	r3, [pc, #280]	; (20000af0 <dcd_event_handler+0x1d4>)
200009d6:	781b      	ldrb	r3, [r3, #0]
200009d8:	07db      	lsls	r3, r3, #31
200009da:	d5f9      	bpl.n	200009d0 <dcd_event_handler+0xb4>
200009dc:	4a44      	ldr	r2, [pc, #272]	; (20000af0 <dcd_event_handler+0x1d4>)
200009de:	7813      	ldrb	r3, [r2, #0]
200009e0:	2104      	movs	r1, #4
200009e2:	430b      	orrs	r3, r1
200009e4:	7013      	strb	r3, [r2, #0]
200009e6:	4b43      	ldr	r3, [pc, #268]	; (20000af4 <dcd_event_handler+0x1d8>)
200009e8:	681c      	ldr	r4, [r3, #0]
200009ea:	6962      	ldr	r2, [r4, #20]
200009ec:	f3ef 8110 	mrs	r1, PRIMASK
200009f0:	b672      	cpsid	i
200009f2:	6813      	ldr	r3, [r2, #0]
200009f4:	2b00      	cmp	r3, #0
200009f6:	d0fc      	beq.n	200009f2 <dcd_event_handler+0xd6>
200009f8:	f3bf 8f5f 	dmb	sy
200009fc:	61a1      	str	r1, [r4, #24]
200009fe:	0029      	movs	r1, r5
20000a00:	0020      	movs	r0, r4
20000a02:	f000 f89d 	bl	20000b40 <__tu_fifo_write_veneer>
20000a06:	6962      	ldr	r2, [r4, #20]
20000a08:	69a3      	ldr	r3, [r4, #24]
20000a0a:	f3bf 8f5f 	dmb	sy
20000a0e:	2100      	movs	r1, #0
20000a10:	6011      	str	r1, [r2, #0]
20000a12:	f383 8810 	msr	PRIMASK, r3
20000a16:	e7db      	b.n	200009d0 <dcd_event_handler+0xb4>
20000a18:	0063      	lsls	r3, r4, #1
20000a1a:	191b      	adds	r3, r3, r4
20000a1c:	00da      	lsls	r2, r3, #3
20000a1e:	4b36      	ldr	r3, [pc, #216]	; (20000af8 <dcd_event_handler+0x1dc>)
20000a20:	681b      	ldr	r3, [r3, #0]
20000a22:	189b      	adds	r3, r3, r2
20000a24:	e018      	b.n	20000a58 <dcd_event_handler+0x13c>
20000a26:	0023      	movs	r3, r4
20000a28:	e00f      	b.n	20000a4a <dcd_event_handler+0x12e>
20000a2a:	7828      	ldrb	r0, [r5, #0]
20000a2c:	6869      	ldr	r1, [r5, #4]
20000a2e:	4798      	blx	r3
20000a30:	3401      	adds	r4, #1
20000a32:	b2e4      	uxtb	r4, r4
20000a34:	4b31      	ldr	r3, [pc, #196]	; (20000afc <dcd_event_handler+0x1e0>)
20000a36:	781b      	ldrb	r3, [r3, #0]
20000a38:	42a3      	cmp	r3, r4
20000a3a:	d313      	bcc.n	20000a64 <dcd_event_handler+0x148>
20000a3c:	4a30      	ldr	r2, [pc, #192]	; (20000b00 <dcd_event_handler+0x1e4>)
20000a3e:	2a00      	cmp	r2, #0
20000a40:	d0f1      	beq.n	20000a26 <dcd_event_handler+0x10a>
20000a42:	42a3      	cmp	r3, r4
20000a44:	d8e8      	bhi.n	20000a18 <dcd_event_handler+0xfc>
20000a46:	1ae3      	subs	r3, r4, r3
20000a48:	b2db      	uxtb	r3, r3
20000a4a:	2b00      	cmp	r3, #0
20000a4c:	d1f0      	bne.n	20000a30 <dcd_event_handler+0x114>
20000a4e:	005a      	lsls	r2, r3, #1
20000a50:	18d2      	adds	r2, r2, r3
20000a52:	00d2      	lsls	r2, r2, #3
20000a54:	4b2b      	ldr	r3, [pc, #172]	; (20000b04 <dcd_event_handler+0x1e8>)
20000a56:	189b      	adds	r3, r3, r2
20000a58:	2b00      	cmp	r3, #0
20000a5a:	d0e9      	beq.n	20000a30 <dcd_event_handler+0x114>
20000a5c:	695b      	ldr	r3, [r3, #20]
20000a5e:	2b00      	cmp	r3, #0
20000a60:	d1e3      	bne.n	20000a2a <dcd_event_handler+0x10e>
20000a62:	e7e5      	b.n	20000a30 <dcd_event_handler+0x114>
20000a64:	4b22      	ldr	r3, [pc, #136]	; (20000af0 <dcd_event_handler+0x1d4>)
20000a66:	781b      	ldrb	r3, [r3, #0]
20000a68:	075b      	lsls	r3, r3, #29
20000a6a:	d5b1      	bpl.n	200009d0 <dcd_event_handler+0xb4>
20000a6c:	4a20      	ldr	r2, [pc, #128]	; (20000af0 <dcd_event_handler+0x1d4>)
20000a6e:	7813      	ldrb	r3, [r2, #0]
20000a70:	2104      	movs	r1, #4
20000a72:	438b      	bics	r3, r1
20000a74:	7013      	strb	r3, [r2, #0]
20000a76:	220c      	movs	r2, #12
20000a78:	2100      	movs	r1, #0
20000a7a:	a801      	add	r0, sp, #4
20000a7c:	f000 f868 	bl	20000b50 <____wrap_memset_veneer>
20000a80:	782b      	ldrb	r3, [r5, #0]
20000a82:	466a      	mov	r2, sp
20000a84:	7113      	strb	r3, [r2, #4]
20000a86:	2305      	movs	r3, #5
20000a88:	7153      	strb	r3, [r2, #5]
20000a8a:	4b1a      	ldr	r3, [pc, #104]	; (20000af4 <dcd_event_handler+0x1d8>)
20000a8c:	681c      	ldr	r4, [r3, #0]
20000a8e:	6962      	ldr	r2, [r4, #20]
20000a90:	f3ef 8110 	mrs	r1, PRIMASK
20000a94:	b672      	cpsid	i
20000a96:	6813      	ldr	r3, [r2, #0]
20000a98:	2b00      	cmp	r3, #0
20000a9a:	d0fc      	beq.n	20000a96 <dcd_event_handler+0x17a>
20000a9c:	f3bf 8f5f 	dmb	sy
20000aa0:	61a1      	str	r1, [r4, #24]
20000aa2:	a901      	add	r1, sp, #4
20000aa4:	0020      	movs	r0, r4
20000aa6:	f000 f84b 	bl	20000b40 <__tu_fifo_write_veneer>
20000aaa:	6962      	ldr	r2, [r4, #20]
20000aac:	69a3      	ldr	r3, [r4, #24]
20000aae:	f3bf 8f5f 	dmb	sy
20000ab2:	2100      	movs	r1, #0
20000ab4:	6011      	str	r1, [r2, #0]
20000ab6:	f383 8810 	msr	PRIMASK, r3
20000aba:	e789      	b.n	200009d0 <dcd_event_handler+0xb4>
20000abc:	4b0d      	ldr	r3, [pc, #52]	; (20000af4 <dcd_event_handler+0x1d8>)
20000abe:	681c      	ldr	r4, [r3, #0]
20000ac0:	6962      	ldr	r2, [r4, #20]
20000ac2:	f3ef 8110 	mrs	r1, PRIMASK
20000ac6:	b672      	cpsid	i
20000ac8:	6813      	ldr	r3, [r2, #0]
20000aca:	2b00      	cmp	r3, #0
20000acc:	d0fc      	beq.n	20000ac8 <dcd_event_handler+0x1ac>
20000ace:	f3bf 8f5f 	dmb	sy
20000ad2:	61a1      	str	r1, [r4, #24]
20000ad4:	0029      	movs	r1, r5
20000ad6:	0020      	movs	r0, r4
20000ad8:	f000 f832 	bl	20000b40 <__tu_fifo_write_veneer>
20000adc:	6962      	ldr	r2, [r4, #20]
20000ade:	69a3      	ldr	r3, [r4, #24]
20000ae0:	f3bf 8f5f 	dmb	sy
20000ae4:	2100      	movs	r1, #0
20000ae6:	6011      	str	r1, [r2, #0]
20000ae8:	f383 8810 	msr	PRIMASK, r3
20000aec:	e770      	b.n	200009d0 <dcd_event_handler+0xb4>
20000aee:	46c0      	nop			; (mov r8, r8)
20000af0:	200010ec 	.word	0x200010ec
20000af4:	20001144 	.word	0x20001144
20000af8:	20000dc4 	.word	0x20000dc4
20000afc:	20001a21 	.word	0x20001a21
20000b00:	10004939 	.word	0x10004939
20000b04:	10008980 	.word	0x10008980

20000b08 <__aeabi_idiv0>:
20000b08:	4770      	bx	lr
20000b0a:	46c0      	nop			; (mov r8, r8)
20000b0c:	0000      	movs	r0, r0
	...

20000b10 <__time_us_64_veneer>:
20000b10:	b401      	push	{r0}
20000b12:	4802      	ldr	r0, [pc, #8]	; (20000b1c <__time_us_64_veneer+0xc>)
20000b14:	4684      	mov	ip, r0
20000b16:	bc01      	pop	{r0}
20000b18:	4760      	bx	ip
20000b1a:	bf00      	nop
20000b1c:	10001985 	.word	0x10001985

20000b20 <__best_effort_wfe_or_timeout_veneer>:
20000b20:	b401      	push	{r0}
20000b22:	4802      	ldr	r0, [pc, #8]	; (20000b2c <__best_effort_wfe_or_timeout_veneer+0xc>)
20000b24:	4684      	mov	ip, r0
20000b26:	bc01      	pop	{r0}
20000b28:	4760      	bx	ip
20000b2a:	bf00      	nop
20000b2c:	10001831 	.word	0x10001831

20000b30 <____assert_func_veneer>:
20000b30:	b401      	push	{r0}
20000b32:	4802      	ldr	r0, [pc, #8]	; (20000b3c <____assert_func_veneer+0xc>)
20000b34:	4684      	mov	ip, r0
20000b36:	bc01      	pop	{r0}
20000b38:	4760      	bx	ip
20000b3a:	bf00      	nop
20000b3c:	10002459 	.word	0x10002459

20000b40 <__tu_fifo_write_veneer>:
20000b40:	b401      	push	{r0}
20000b42:	4802      	ldr	r0, [pc, #8]	; (20000b4c <__tu_fifo_write_veneer+0xc>)
20000b44:	4684      	mov	ip, r0
20000b46:	bc01      	pop	{r0}
20000b48:	4760      	bx	ip
20000b4a:	bf00      	nop
20000b4c:	10006d89 	.word	0x10006d89

20000b50 <____wrap_memset_veneer>:
20000b50:	b401      	push	{r0}
20000b52:	4802      	ldr	r0, [pc, #8]	; (20000b5c <____wrap_memset_veneer+0xc>)
20000b54:	4684      	mov	ip, r0
20000b56:	bc01      	pop	{r0}
20000b58:	4760      	bx	ip
20000b5a:	bf00      	nop
20000b5c:	100045a1 	.word	0x100045a1

20000b60 <__hw_endpoint_get_by_addr_veneer>:
20000b60:	b401      	push	{r0}
20000b62:	4802      	ldr	r0, [pc, #8]	; (20000b6c <__hw_endpoint_get_by_addr_veneer+0xc>)
20000b64:	4684      	mov	ip, r0
20000b66:	bc01      	pop	{r0}
20000b68:	4760      	bx	ip
20000b6a:	bf00      	nop
20000b6c:	10004f25 	.word	0x10004f25

20000b70 <____wrap___aeabi_lmul_veneer>:
20000b70:	b401      	push	{r0}
20000b72:	4802      	ldr	r0, [pc, #8]	; (20000b7c <____wrap___aeabi_lmul_veneer+0xc>)
20000b74:	4684      	mov	ip, r0
20000b76:	bc01      	pop	{r0}
20000b78:	4760      	bx	ip
20000b7a:	bf00      	nop
20000b7c:	1000442d 	.word	0x1000442d

20000b80 <____wrap_memcpy_veneer>:
20000b80:	b401      	push	{r0}
20000b82:	4802      	ldr	r0, [pc, #8]	; (20000b8c <____wrap_memcpy_veneer+0xc>)
20000b84:	4684      	mov	ip, r0
20000b86:	bc01      	pop	{r0}
20000b88:	4760      	bx	ip
20000b8a:	bf00      	nop
20000b8c:	100045ad 	.word	0x100045ad

20000b90 <__panic_veneer>:
20000b90:	b401      	push	{r0}
20000b92:	4802      	ldr	r0, [pc, #8]	; (20000b9c <__panic_veneer+0xc>)
20000b94:	4684      	mov	ip, r0
20000b96:	bc01      	pop	{r0}
20000b98:	4760      	bx	ip
20000b9a:	bf00      	nop
20000b9c:	1000258d 	.word	0x1000258d

20000ba0 <striped_spin_lock_num>:
20000ba0:	00000010                                ....

20000ba4 <irq_handler_chain_slots>:
20000ba4:	00000000 	.word	0x00000000
20000ba8:	00010000 	.word	0x00010000
	...
20000bb4:	00020000 	.word	0x00020000
	...
20000bc0:	00030000 	.word	0x00030000
	...
20000bcc:	00ff0000 	.word	0x00ff0000
20000bd0:	00000000 	.word	0x00000000

20000bd4 <irq_handler_chain_first_slot>:
20000bd4:	b501      	push	{r0, lr}
20000bd6:	6848      	ldr	r0, [r1, #4]
20000bd8:	3101      	adds	r1, #1
20000bda:	468e      	mov	lr, r1
20000bdc:	4700      	bx	r0

20000bde <irq_handler_chain_remove_tail>:
20000bde:	4670      	mov	r0, lr
20000be0:	3809      	subs	r0, #9
20000be2:	4901      	ldr	r1, [pc, #4]	; (20000be8 <irq_handler_chain_remove_tail+0xa>)
20000be4:	4788      	blx	r1
20000be6:	bd01      	pop	{r0, pc}
20000be8:	10000bdd 	.word	0x10000bdd

20000bec <default_alarm_pool>:
20000bec:	20000c04 00000000 20000ca0 20001354     ... ....... T.. 
	...

20000c04 <default_alarm_pool_heap>:
20000c04:	20001364 00000000 00000000 00000010     d.. ............
	...

20000c20 <aeabi_bits_funcs>:
20000c20:	00003350 	.word	0x00003350
20000c24:	0000334c 	.word	0x0000334c
20000c28:	00003354 	.word	0x00003354
20000c2c:	00003352 	.word	0x00003352

20000c30 <aeabi_bits_funcs_end>:
20000c30:	0000534d 	.word	0x0000534d
20000c34:	0000434d 	.word	0x0000434d
20000c38:	00003453 	.word	0x00003453
20000c3c:	00003443 	.word	0x00003443

20000c40 <stdio_usb>:
20000c40:	10004cdd 00000000 10004c19 1000496d     .L.......L..mI..
20000c50:	00000000 00000100                       ........

20000c58 <ep_dir_string>:
20000c58:	100088dc 100088e0                       ........

20000c60 <_usbd_qdef>:
20000c60:	20001148 000c0010 00000000 00000000     H.. ............
	...

20000c7c <_usbd_rhport>:
20000c7c:	000000ff                                ....

20000c80 <print_mutex>:
	...

20000c88 <__mutex_array_end>:
20000c88:	10004591 	.word	0x10004591
20000c8c:	100036fd 	.word	0x100036fd
20000c90:	10003dfd 	.word	0x10003dfd
20000c94:	10004461 	.word	0x10004461

20000c98 <__frame_dummy_init_array_entry>:
20000c98:	100002e5 10004e6d                       ....mN..
