:020000041000EA
:1000000000B5324B212058609868022188439860DF
:10001000D860186158612E4B002199600221596106
:100020000121F02299502B49196001219960352056
:1000300000F044F80222904214D00621196600F024
:1000400034F8196E01211966002018661A6600F04E
:100050002CF8196E196E196E052000F02FF8012189
:100060000842F9D1002199601B49196000215960AB
:100070001A491B48016001219960EB211966A021F2
:10008000196600F012F800219960164914480160C1
:100090000121996001BC002800D000471248134993
:1000A000086003C880F30888084703B5996A0420EC
:1000B0000142FBD001200142F8D103BD02B5186610
:1000C0001866FFF7F2FF186E186E02BD00000240BE
:1000D000000000180000070000035F00212200005C
:1000E000F4000018222000A00001001008ED00E03C
:1000F00000000000000000000000000074B24E7A12
:1001000000200420F7010010C3010010C5010010F9
:10011000C1010010C1010010C1010010C101001097
:10012000C1010010C1010010C1010010C701001081
:10013000C1010010C1010010C9010010CB01001065
:10014000CD010010CD010010CD010010CD01001037
:10015000CD010010CD010010CD010010CD01001027
:10016000CD010010CD010010CD010010CD01001017
:10017000CD010010CD010010CD010010CD01001007
:10018000CD010010CD010010CD010010CD010010F7
:10019000CD010010CD010010CD010010CD010010E7
:1001A000CD010010CD010010CD010010CD010010D7
:1001B000CD010010CD010010CD010010CD010010C7
:1001C00000BE00BE00BE00BE00BE00BEEFF3058054
:1001D000103800BEF2EB8871648A0010848A001027
:1001E0003402001090A31AE700201F49086006C8D7
:1001F00081F3088810471D48006800282FD10DA4FE
:100200000ECC002902D000F012F8F9E71849194A7B
:10021000002000E001C19142FCD1174988471749ED
:1002200088471749884700BEFDE701C901C29A42C5
:10023000FBD37047848A0010C0000020A00C00206F
:100240006496001000000420000004206496001052
:10025000001004200010042000000000704709482E
:1002600003F054FA0047000008ED00E0000000D061
:10027000A00C0020301A002095240010BD030010AF
:10028000512400105756000006005250ABB3605383
:100290000883001006005250861C030210830010D1
:1002A000060052505422A29D18830010050052509F
:1002B000DE65F46864960010F8B5C04610B5064CCB
:1002C0002378002B07D1054B002B02D0044800E017
:1002D00000BF0123237010BDA80D00200000000006
:1002E000E8720010044B10B5002B03D003490448FA
:1002F00000E000BF10BDC04600000000AC0D0020B3
:10030000E8720010F8B5DE4657464E464546E0B561
:10031000012001F05BFF8346022001F057FF824677
:10032000032001F053FF8146092001F04FFF804672
:100330000A2001F04BFF07000B2001F047FF0600E9
:100340000C2001F043FF05000D2001F03FFF0400E9
:100350005946124804F082FA5146114804F07EFAD8
:100360004946104804F07AFA41460F4804F076FAFC
:1003700039000E4804F072FA31000D4804F06EFAAC
:1003800029000C4804F06AFA21000B4804F066FAD0
:10039000F0BCBB46B246A946A046F8BDE8720010C4
:1003A000FC720010107300102473001038730010DA
:1003B0004C7300106073001074730010F0B58DB0B2
:1003C00004F058FA192000F0B5F8D0231B0680225B
:1003D00092045A62434801F021FAFFF793FF424C1E
:1003E0000094230001220121052001F0E7FD3F4890
:1003F00001F0A2FF0094230000220021062001F05A
:10040000DDFD04F037FAFFF77DFF394804F026FAE6
:10041000384E3949300006F0E7FD07000121300071
:1004200006F0C4FD04001022002108A804F0B8F86A
:1004300080235B020893F8235B0209938023DB028D
:100440000A93C0231B030A93102208A904A804F0EE
:10045000ADF8BA1C059B0393284B03990B40F90197
:100460000B43120313430593102204A908A804F0B8
:100470009DF80B9B0393224B039A134001252B43BA
:100480008022520313430B930621012000F03AF817
:100490000095012301222100300006F0C1FD08ABC8
:1004A0003A002100300006F00DFE3368A540AB4352
:1004B0001D4335600F4B5A682100103101238B40DA
:1004C0001342F7D1221D92000A4901205050094AD7
:1004D00052681342FBD1231D9B00064A002199500C
:1004E000E8E7C04688130000006CDC020080024090
:1004F0008873001000002050947300107F00FEFFEE
:10050000E0FF0FFC10B58300084A944663441C6862
:1005100040226240C02414408022520113431C60D8
:10052000C000034B9C466044416010BD04C00140C4
:100530000040014010B501238340D022120693628F
:1005400093610521FFF7DEFF10BD0000034B1B6820
:1005500002201840431E9841C0B2704700C00640B8
:10056000EFF3108072B6034B1B68002BFBD0BFF378
:100570005F8F70472C0100D0BFF35F8F024B0022CA
:100580001A6080F3108870472C0100D0F8B506007F
:100590000C001500FFF7E4FFE308F718F15C0722F1
:1005A0002240012393400B4205D1DBB20B433B7049
:1005B000FFF7E2FFF8BD2100280001F0E7FFF0B5EA
:1005C00083B00600019114001F00FFF7C9FF00E08F
:1005D0000134BC420CD8E308F518F35C0721214034
:1005E00001228A401A42F3D1D2B21A432A7001E0A2
:1005F00001246442FFF7C0FF002C02DB200003B09F
:10060000F0BD019B002BF9D0089801F0BFFF00005E
:10061000002307E0054A9A189200BFF35F8F00217C
:10062000116001331F2BF5D97047C04640000034DC
:10063000054A1078431CDBB21370172B02D9130044
:1006400010221A707047C046A00B002000B583B07E
:100650000100044B00931F2318220348FFF7AFFF4C
:1006600003B000BDA473001028130020074B9B6843
:10067000103080001950BFF35F8FBFF35F8F044BC2
:100680000021196082F310887047C04600ED00E039
:10069000240100D010B5091A081F0A4B9C4661447A
:1006A000094A914208D8C30706D440104005400DBE
:1006B000064B184380B210BD054B064AA3210648DD
:1006C00001F0CAFEFC070000FE0F000000E0FFFF83
:1006D000C073001038760010F073001010B5091ABE
:1006E00004394C08090B08D14905490D064A114344
:1006F0000180064B2343438010BD054B054AAB21C7
:10070000054801F0A9FEC04600F0FFFF00F8FFFF1A
:10071000387400100C760010F07300100123834031
:10072000034A10681840431E9841C0B27047C04643
:1007300000E100E0002904D0034B1860034B18606F
:100740007047034B1860FBE780E200E000E100E047
:1007500080E100E010B5012383401800FFF7EAFFB5
:1007600010BD000001238340014A13607047C0465A
:1007700000E200E0024B9B6810308000C0587047D8
:1007800000ED00E010B5FFF7F5FF002805D0054BA0
:10079000C01A2F2803D8012010BD0020FCE700203C
:1007A000FAE7C046A40B002070B504000D00EFF37B
:1007B000108672B60C4B1B68002BFBD0BFF35F8F0B
:1007C0002000FFF7D7FF094B984201D0A84205D17E
:1007D000320029002000FFF749FF70BD044B054A95
:1007E0008621054801F038FE240100D0CD0100101B
:1007F000487400106C760010F0730010F0B5DE46FF
:1008000057464E464546E0B589B0814601911500F0
:10081000EFF3108A72B6744B1B68002BFBD0BFF34A
:100820005F8F724B0027DF57002F40DB7C00E419FD
:10083000A4006F4824180622A2566C4B1A706D4B08
:100840009A684B4610339B00D35898461E001B1ADB
:100850002F2B38D9684B98452FD105AE674B338085
:100860007B009B46D8198000614B9846404402307B
:100870006349FFF70FFF7080624BB380FF23B371B2
:10088000F571019B07935F44BF0047440ECE0EC72E
:1008900001231C43A046524641464846FFF7E6FE68
:1008A00009B0F0BCBB46B246A946A046F0BD564BC7
:1008B000564AD721564801F0CFFD564B534ADE2108
:1008C000534801F0C9FDC04340440C2102F072FFBF
:1008D000002912D101239E43B34633000026DA7962
:1008E000AA4211D90621595600290CDB4A00521898
:1008F00092001E003E4B9B18F1E7474B434AEA210A
:10090000434801F0A9FD1E00002E3AD005AB434A32
:100910001A80813A5A800623F3560293002B17DA85
:100920003F4805AB9B469880029A9A71DD71019A07
:100930000792301D2100FFF7ADFEB080B7717B003C
:10094000DB199B002A4FFF185B4607CB07C7A2E7BE
:100950007800C0198000264BC0180430321DB388BF
:10096000D90A1C2907D15B055915023149005118D4
:10097000FFF790FED5E72B4B2B4AB121244801F01D
:100980006BFD05AE1D4B33807B000293D8198000B0
:10099000174A9046020042440392901C1849FFF700
:1009A00079FE7080039A101D5946FFF773FEB080E0
:1009B0001E4B5A464146521A524153431B0DB371C6
:1009C000F571019A0792029B9C466744BF00474419
:1009D0000ECE0EC7114B5A461380813B5380012324
:1009E0001C43A04657E7C046240100D0261A002029
:1009F000A40B002000ED00E0CD01001000A1FFFFDE
:100A0000D40B002001BDFFFF80740010547600104D
:100A1000F0730010A8740010D0740010014800009A
:100A200001BD00004475001044760010AAAA000021
:100A3000F0B5CE46474680B583B006000D00EFF313
:100A4000108872B6564B1B68002BFBD0BFF35F8F2C
:100A5000544B9A6834001034A300D758524B9F422D
:100A600007D0AF4200D198E00197504BFB1A2F2BD3
:100A700009D9424639003000FFF7F8FD03B0C0BC89
:100A8000B946B046F0BD3000FFF748FE8146002170
:100A90003000FFF75FFEBFF35F8FEFF305810029A2
:100AA00001D08C4211D10123019C9C430022A368F8
:100AB000AB4212D00622A256002A0DDB53009B182F
:100AC0009B002200394CE418F1E73621384B394AB3
:100AD000FF31394801F0C0FC2200AB4256D1062557
:100AE0006557002D38DB6B005B199A002F4B9B1864
:100AF0009A68A260DA79E27106229A56A2719B790D
:100B00005BB2002B0FDA2D48A0806B005B199B00B5
:100B1000264AD3182A4A117899711570494630002F
:100B2000FFF718FEA5E7201D6B005B199B001F4A0D
:100B30009B181A1D9B88D90A1C2907D15B055B15D8
:100B4000023359005118FFF7A5FDDDE71D4B1E4A82
:100B5000B121194801F080FC002912D1002A0ED0E1
:100B6000FF239371194B9380154A1378A371184B87
:100B70000E49641A644163431B0D1370CEE70A4F9C
:100B8000F2E7201D1349FFF7A9FDC7E76A21124BC1
:100B9000084AFF31084801F05FFC034F69E7C0468F
:100BA000240100D000ED00E0CD010010A40B0020D6
:100BB0005C75001024760010F073001001BD000079
:100BC000261A0020447500104476001001BDFFFF76
:100BD000AAAA0000DE0B00209075001070B501215C
:100BE00001432E4BCB1A2F2B28D8EFF30583002B74
:100BF0002BD0EFF3108C72B6294A1268002AFBD072
:100C0000BFF35F8F274A0400244D641B6441624395
:100C1000120D54B2244A92689B00D2588A421BD0CB
:100C20000022032A32D853009B189B001B49CB1883
:100C30009B795BB2A3421FD00132F2E7C7211B4B65
:100C40001B4A49001B4801F007FC92211A4B184A25
:100C5000FF31184801F000FC134A92681749D1503F
:100C6000174B1A7882711C70BFF35F8F0C4B0022F8
:100C70001A608CF3108870BD0D005300991889001C
:100C80006918FF268E710F4A8A80E9E7D1210E4B41
:100C9000074A4900074801F0DFFBC046A40B0020CB
:100CA000240100D0AAAA000000ED00E09875001011
:100CB000F0750010F0730010C0750010CD01001029
:100CC000261A002001BDFFFFCC7500100022044B46
:100CD00002E0044902C30132072AFAD97047C0462C
:100CE00000E400E08080808000B583B00100064B06
:100CF0000093052300220548FFF761FC002801DB73
:100D00001F23181A03B000BDD47500102C1A002040
:100D1000024B9C46614489000160704740000034EA
:100D200010B50400FFF784FC01002000FFF7F0FF7E
:100D3000FF232371BFF35F8F10BD10B50400FFF7D1
:100D400077FC01002000FFF7E3FFFF23237100235E
:100D50006371BFF35F8F10BD034B9C4661448900F4
:100D60000160BFF35F8F70474000003410B504008E
:100D70000120FFF76BFC01002000FFF7EDFF10BD25
:100D800070B505000C00080000F0D8FE09492000ED
:100D900000F018FEFFF74CFC074B9C4660448000B7
:100DA00068602C75D0231B061B786B75A400034B61
:100DB000E55070BDC510001040000034D817002069
:100DC0000A4B1A68EFF3108172B61368002BFCD03F
:100DD000BFF35F8F054B1B68BFF35F8F00221A6064
:100DE00081F3108840BF002000217047F4190020D3
:100DF00010B5002922D003681B7B99421ED8174BDF
:100E00009C466144090183689C4661440C684968BA
:100E1000002A19D003681B7B9A4215D883680F48B3
:100E20008446624412019A18106853680200012037
:100E30008B4201D80ED00020C0B210BD084B094A29
:100E40003C21094801F008FB054B064A3C210648B5
:100E500001F002FBA242EFD8EDE7C046FFFFFF0F13
:100E6000207800108C7A0010DC77001010B5002973
:100E70001ED0037B99421BD84B005B18033B0468D0
:100E8000A4466344002919D0002A1DD0914221D0E4
:100E9000002A25D0047BA24222D804685000801882
:100EA000033820188170197800291FD11A7010BDDD
:100EB000104B114A6821114801F0CEFA104B114A2B
:100EC0006F310E4801F0C8FA0F4B0E4A70210B48E3
:100ED00001F0C2FA0D4B0B4A7121084801F0BCFA2F
:100EE000044B054A6821054801F0B6FA41701A70B2
:100EF000DDE7C04644780010F87A001060780010F2
:100F0000B4780010D47A0010C0780010CC780010AB
:100F100070B506000D001400002914D0002A14D06A
:100F2000806873689847002806D0220029003000A6
:100F3000FFF79CFF280007E02A0021003000FFF7A0
:100F400095FF200000E0100070BD0800FCE70000E5
:100F5000F0B583B00500009201930AAB1C780BAB8F
:100F60001F78002C26D003685A7B944207D10123B6
:100F7000002B19D1002C3BD1200003B0F0BD002C78
:100F80000CD01A7B944209D81A6863001B19033BE2
:100F9000D3189B78002BEBD00123E9E73E4B3F4A67
:100FA00068213F4801F058FA3E4B3F4A67213F48CD
:100FB00001F052FA03689C7B002CDBD012D01A7B24
:100FC00094420FD862001219033A19688C466244A1
:100FD00051789973002900D1D9730023937053700D
:100FE0001370C7E72C4B2D4A68212D4801F034FAC5
:100FF000002C3AD02B681B7B9C4236D82C4BE31834
:101000001B01AA6894466344009A1A60019A5A60C8
:10101000089A9A60099ADA602E68002C2BD030D09A
:10102000337B9C422DD863001B19033B32689446E6
:10103000634400229A705A701A70717B220030004B
:10104000FFF766FF7073844200D095E7287D009A11
:10105000019B00F0FFFC061E01D0002F17D00C9B57
:10106000002B00D188E71E7086E7124B124A3C2104
:101070000E4801F0F1F9114B114AA521084801F081
:10108000EBF9054B054A6821054801F0E5F92868A8
:10109000210000F017FFE2E744780010F87A001012
:1010A00060780010E4780010047B0010DC770010FA
:1010B000FFFFFF0F207800108C7A0010D877001007
:1010C000E87A0010F0B5DE4657464E464546E0B594
:1010D0008BB00990002308938200B54BD658370097
:1010E00052E0B44BB44A3F21B44801F0B5F9B44BD7
:1010F000B44A3C21B44801F0AFF9002901D10028DD
:1011000069D10021404600F0D3FEA04219D12A68DF
:101110006B6806920793AB689846EB689A4643461D
:10112000002B14D0002C18D03B681B7B9C4214D899
:10113000631EFA68D35C08931B02184338610020D1
:1011400015E0A24BA24A8E219F4801F085F9A14BE0
:101150009F4A92219C4801F07FF9994B9E4A412178
:10116000994801F079F900239A46984600207B6857
:10117000BFF35F8F00221A6086F310884346002B6E
:1011800032D1002800D10CE100F0FCFB02000B1E64
:10119000A7DB00200021069007917868EFF3108606
:1011A00072B601680029FCD0BFF35F8F39688846AA
:1011B0004C7B002CD7D09AD0097B8C4297D887499A
:1011C00065182D01B9688C46654428686968801ADD
:1011D0009941002991DD2A686B68099800F03AFC72
:1011E00000239A469846C2E7089B1B022343994670
:1011F00051461800C04705000E007A68EFF3108BC7
:1012000072B6136859424B41D9B2002BF9D1BFF3E2
:101210005F8F002E1EDB002E46DD3B69002B47D082
:101220004B456DD100F0AEFB02000B1E6EDB521978
:101230007341002B70DB002B72DB00210491013124
:101240000391029451460191414600913800FFF705
:101250007FFE4CE03B69002BDDD04B4514D1069A54
:10126000079B521BB341002B14DB002B16DB002124
:10127000049101310391029451460191414600913C
:101280003800FFF765FE32E0554B514AA1214E4828
:1012900001F0E2F801225242524BE6E7454B464A42
:1012A0003F21464801F0D8F8002E01D1002DB4D1DD
:1012B0003B68002C50D05A7B944237D10121002941
:1012C0004AD1DA7B002A4DD19A7B002A03D1DA7BFE
:1012D000002A5AD19C73DC73002C5CD03B681B7BCA
:1012E0009C4258D8FA68013C135D01331355002322
:1012F0003B617A68BFF35F8F13608BF3108843E71D
:10130000374B334AA421304801F0A6F8294B2A4A2A
:101310003F212A4801F0A0F801225242314B8AE7CE
:10132000244B254A3F21254801F096F8002C0DD08A
:101330001A7B94420AD862001219033A186884464C
:1013400062449278002ABAD00121B8E7264B274A96
:101350006821274801F080F8264B274AF6212448C7
:1013600001F07AF8002A0AD0197B8A4207D8510086
:101370008A18033A19688C4662445470A4E71A4BE1
:101380001A4A68211A4801F067F81C4B1A4AFB21D7
:10139000174801F061F80A4B0F4A41210A4801F051
:1013A0005BF80BB0F0BCBB46B246A946A046F0BD08
:1013B000D8170020E8760010587A00100477001043
:1013C000207800108C7A0010DC7700100C79001067
:1013D000707A001024790010B07A0010FFFFFF0F20
:1013E00030790010FFFFFF7F44780010F87A00107A
:1013F000607800106C790010C47A001090790010A9
:1014000010B50C4B5B68002B04D00A210A48FFF78B
:101410007FFC10BD074C2300084A1021206800F013
:1014200057FC032000F0A2FA03212000FFF7A8FCDC
:10143000EBE7C046EC0B0020F4190020F10D001082
:1014400010B5064B5B68002B01D0044810BD044B5F
:10145000044A5E21044800F0FFFFC046EC0B002068
:10146000A4790010987A0010DC770010F0B5DE4601
:1014700057464E464546E0B58BB0804616001F00E5
:10148000149B9A46159B994616AB1B789B461F23C7
:1014900002AA9446634400221A702BE0002809D067
:1014A00042461268127B904204D8421E4146C968E7
:1014B0008A5C41E0404B414A4121414800F0CCFF69
:1014C00007984CE0361BAF41002F07DB002F11DAE5
:1014D0003C4B3D4A3F213D4800F0BEFF012676428D
:1014E0003B4FF3E7374B384A3F21384800F0B4FF11
:1014F000002F4FDB43465A68EFF3108472B613682F
:1015000059424B41D9B20791002BF8D1BFF35F8FFD
:101510001F3302AA94466344049300230393029367
:101520004B4601935346009332003B004046FFF781
:101530000FFD031EB2D1020041464968BFF35F8F21
:1015400000250D6084F31088002B29D01F2302A9E9
:101550008C4663441B78002BB2D112021043002B3F
:1015600020D05B46002B1DD04946D04704000D001B
:1015700003000B431DD00029A4DB00F003FA060092
:101580000F1EAFDB36196F41002FB1DA012676420C
:101590000F4FADE70B4B0C4A3F210C4800F05CFFAE
:1015A000012040420BB0F0BCBB46B246A946A04663
:1015B000F0BD0798F6E7C04620780010B07A00101A
:1015C000DC770010E8760010587A001004770010DD
:1015D000FFFFFF7FF8B504004268EFF3108572B695
:1015E000136858424341D8B2002BF9D1BFF35F8F43
:1015F000CBB22268567BB3421BD10120002848D0D1
:10160000206988422BD0090AC9B2002B2ED020684D
:10161000007B83422AD8581EE668305C88422BD073
:1016200000206368BFF35F8F00221A6085F3108883
:10163000F8BD002B0DD0167BB3420AD85E00F61819
:10164000033E1768BC466644B678002ED6D001200B
:10165000D4E7134B134A6821134800F0FDFE95218F
:10166000124B134A4900134800F0F6FE124B134A7E
:101670004121104800F0F0FE1900100000F022FC9B
:101680000028CED132210E4B094AFF31094800F023
:10169000E3FE23698B42C4D100232361C1E7C04626
:1016A00044780010F87A001060780010C8790010B3
:1016B000407A0010DC77001020780010B07A00101B
:1016C000EC790010407D7047F0B587B006000F0040
:1016D000EFF30583002B1FD106246442E517A419FC
:1016E0007D418D4202D803D1844201D900240025D6
:1016F000002D14DB0494059500F044F902000B1E44
:1017000013DBA41A9D41002D17DC14D030003900E2
:1017100000F044F907B0F0BD234800F037FF234B39
:10172000234A3F21234800F097FE204B204A3F21C7
:10173000204800F091FE002CE8D0FFF781FE002346
:10174000029301931C4B0093049A059BFFF78EFEB6
:10175000002818DADAE7002300E00023002BD5D1B7
:10176000164B1A68EFF3108172B61368002BFCD089
:10177000BFF35F8F114B1B68BFF35F8F00221A60AE
:1017800081F3108820BF0499059A0D4B5B6A9A4239
:10179000E3D80B48806A884203D29A42DBD0012307
:1017A000DCE70123DAE7C046F0790010E8760010A4
:1017B000587A001004770010C10D0010F4190020B1
:1017C0000040054070B504000D0000F0DBF8020099
:1017D0000B1E0ADB200029008018594100290ADB72
:1017E00000290CDBFFF770FF70BD084B084A3F2152
:1017F000084800F031FE012040420749F0E7034B62
:10180000034A3F21034800F027FEC046E876001057
:10181000587A001004770010FFFFFF7F10B5FA22FE
:1018200092000023002102F001FEFFF7CBFF10BD64
:1018300070B584B005000C00EFF30583002B1ED1BA
:10184000FFF7FEFD002302930193224B00932A0031
:101850002300FFF70BFE061E23DD20BFFFF7F0FD80
:101860003100FFF7B7FE1C4B5B6A9C422DD81A4A29
:10187000926AAA422CD29C4225D0012026E0164B27
:101880005B6A994209D8144A926A824207D2994205
:1018900001D001201AE0002018E0002016E001200D
:1018A00014E00D4B5B6A9C4209D80B4A926AAA422B
:1018B00007D29C4201D0012008E0002006E0002071
:1018C00004E0012002E0002000E0002004B070BD30
:1018D0000120FBE7C10D00100040054070B5EFF39B
:1018E00005801038EFF3108C72B61A4B1B68002B72
:1018F000FBD0BFF35F8F01221300834016494B6377
:1019000016490B60164909780C00C440224214D0D5
:10191000114A546A8200134D5259944206D38200F0
:10192000114C125999430E4B197007E00A4A031DD6
:101930009B0099589950002200E00022BFF35F8F6E
:10194000044B002119608CF31088002A00D09047C6
:1019500070BDC046280100D0004005403C700540E5
:101960002B1A0020001A00201012002010B50100D0
:10197000024A0348FEF70AFE10BDC0461C7B001059
:10198000241A0020044B5B6A034A906A1900536AC8
:101990009942F9D17047C04600400540084B5B6A48
:1019A00001E0074B5B6A8B42FBD301E0044B5B6AAF
:1019B0008B4203D1024B9B6A8342F7D37047C046E8
:1019C0000040054070B504000D00EFF3108672B6BC
:1019D0001B4B1B68002BFBD0BFF35F8F002D1CD06F
:1019E0002000FEF7C7FE174B83420BD019002000E2
:1019F000FEF7DAFE01212000FEF7ACFE0123A34032
:101A0000114A1360A400114BE550BFF35F8F0C4BDC
:101A100000221A6086F3108870BDA2000B4B0021D3
:101A2000D1500122A2400A490B7893430B7005491B
:101A30002000FEF7FDFF00212000FEF78BFEE4E70B
:101A4000280100D0DD180010386005401012002079
:101A50002B1A0020F0B5DE4600B584B00400150056
:101A600001921E000293FFF78DFF03958E4202D86C
:101A70004ED185424CD9EFF3108B72B6274B1B68C1
:101A8000002BFBD0BFF35F8F254A17780125A540B7
:101A9000EBB23B431370234B5D63221D920001990F
:101AA000D150A2002049029850501B6A2B4212D1FB
:101AB0001C4B1B6C2B4208D00020BFF35F8F174BD1
:101AC00000221A608BF3108823E0184B184AC521B6
:101AD000184800F0C1FCFFF755FF8E4214D802D120
:101AE000039B834210D80E4B1B78BB420ED00D4B8C
:101AF0001D625D631F2004400123A3400E4A136052
:101B0000074B1F701E38D8E70020D6E70120D4E726
:101B1000012004B080BCBB46F0BDC046280100D007
:101B20002B1A002000400540001A0020407B0010C6
:101B3000B07B0010647B001080E200E0EFF3108CBB
:101B400072B60B4B1B68002BFBD0BFF35F8F0123DA
:101B50008340084A136208490A789A430A70BFF31F
:101B60005F8F034B00221A608CF310887047C046C9
:101B7000280100D0004005402B1A002010B5002994
:101B80001ED0037B99421BD84B005B18033B0468B3
:101B9000A4466344002919D0002A1DD0914221D0C7
:101BA000002A25D0047BA24222D804685000801865
:101BB000033820188170197800291FD11A7010BDC0
:101BC000104B114A6821114800F046FC104B114A95
:101BD0006F310E4800F040FC0F4B0E4A70210B484D
:101BE00000F03AFC0D4B0B4A7121084800F034FC20
:101BF000044B054A6821054800F02EFC41701A701C
:101C0000DDE7C04644780010C47C00106078001006
:101C1000B4780010B07C0010C0780010CC780010B0
:101C200070B506000D001400002914D0002A14D04D
:101C3000806873689847002806D022002900300089
:101C4000FFF79CFF280007E02A0021003000FFF783
:101C500095FF200000E0100070BD0800FCE70000C8
:101C600010B50023437301338373037BC3730123D4
:101C7000027B9A4214D9002B0CD0027B934209D8E4
:101C80005A00D218033A01688C4662440133DBB231
:101C90005370EDE70B4B0C4A68210C4800F0DCFB5D
:101CA000002A09D0924207D8016853009A18033AD3
:101CB0008A180023537010BD024B034A6821034861
:101CC00000F0CAFB44780010C47C0010607800105B
:101CD00010B5017342608360FFF7C2FF10BD0000C2
:101CE00070B50400081E00D170BD002934D0237BDC
:101CF000994231D84B005B18033B226894466344F9
:101D00005A78002AF0D02DD0237B9A422AD853004B
:101D10009B18033B21688C4663445D780021597011
:101D2000002825D0237B984222D843001B18033B70
:101D300021688C4663440021597001002000FFF7A0
:101D40006FFF060029002000FFF7CAFF02003100E4
:101D50002000FFF765FFC7E7084B094A68210948DB
:101D600000F07AFB054B064A6821064800F074FB38
:101D7000024B034A6821034800F06EFB44780010D0
:101D8000C47C00106078001070B505000C001600CF
:101D900000292FD034D0037B994231D84B005B18F7
:101DA000033B0268944663445A78002A2ED19A78FD
:101DB000002A31D11978FFF793FF0300002E0AD0D3
:101DC000EA7B002A2ED1AA7B002A03D1EA7B002AD3
:101DD0003BD1AC73EC73002B3DD1002C4FD02B7B4F
:101DE0009C424CD82B6861000C19033C1C19002341
:101DF000637070BD254B264A3821264800F02CFB25
:101E0000254B264A6821264800F026FB254B204A10
:101E10003A21204800F020FB234B1D4A3B211D485E
:101E200000F01AFB002A0AD0297B8A4207D8510009
:101E30008A18033A29688C4662445470C3E7164BEB
:101E4000164A6821164800F007FB184B104A422139
:101E5000104800F001FB002B0BD02A7B934208D8DE
:101E600043001B18033B2A689446634400229A707F
:101E7000B3E7094B094A6821094800F0EDFA064B1F
:101E8000064A6821064800F0E7FAC046CC7B0010FD
:101E90009C7C0010D47B001044780010C47C00109F
:101EA00060780010187C0010407C001090790010C1
:101EB00070B504000A00457B2900FFF765FF6073D9
:101EC000280070BD70B50400002967D0437B8B42A9
:101ED0000ED0002911D0037B99420ED84B005B181D
:101EE000033B0268D0188378002B0CD1002056E009
:101EF0000121FFF7DDFF012051E0294B294A68212C
:101F0000294800F0A9FA002B20D0227B93421DD84B
:101F10005A00D318033B2268D2182568EB5C8B4229
:101F20001AD0002B1BD0227B934218D85A00D3180A
:101F3000033B2268D21853788B4216D0002BF0D185
:101F40001A4B1B4A6B211B4800F086FA144B154AAA
:101F50006821154800F080FA4378137007E0104BB1
:101F6000104A6821104800F077FA43785370002334
:101F70008370437001222000FFF706FF0200617B9F
:101F8000814205D02000FFF74BFE6073012006E080
:101F9000094B074A7121074800F05EFA002070BD26
:101FA00044780010C47C001060780010CC750010DC
:101FB000847C0010D47B0010647C0010F8B5DE46F1
:101FC00057464E464546E0B505000F0092460A9A30
:101FD00093424ED31A0E91461E020A9A00233000F5
:101FE000494601F025FC80466C006419A4002F4B83
:101FF0009C4664446368834200D260602B1FDBB25E
:102000009B46012B3BD9C0239B0123438022120115
:102010001A60AB00264A9958002905D0506901F092
:10202000C9FB01300138FDD153465A0123685A409B
:10203000E0231A4080235B0123431A605A46012A99
:1020400028D980239B012343802212011A60434632
:102050006360424600233000494601F0E9FBAD00D1
:10206000134B58510120F0BCBB46B246A946A046CE
:10207000F8BD104B104A2D21104800F0EDF9012F4A
:10208000C1D1C0239B01234303221A60A368DB074D
:10209000FCD5C9E72168794003220A401A60A2688A
:1020A0000123BB401342FAD0CBE7C046008000407A
:1020B0002C130020D07C0010347D0010E47C001034
:1020C00030B583B00C2000F03BF9FEF73FFA002852
:1020D0000DD0002304E099002D4A2E48885001338A
:1020E000092BF8D92A4B2C4A5A6203B030BD2B4B2E
:1020F00000229A6700F096F9294B01221A60274BBB
:102100005B6C012BFBD1274B03221A60234B9B6B8B
:10211000012BFBD1013300930433234A01212348CF
:1021200000F074F805230093214A0121214800F0B2
:102130006DF8214B0093002202210420FFF73EFF9F
:102140001E4D00952B00002201210520FFF736FFD0
:10215000104C00942300002200210720FFF72EFFDF
:1021600000942300002200210820FFF727FF0A4BDC
:1021700000932300002200210920FFF71FFF009594
:102180002B00002200210620FFF718FFADE7C04614
:102190002C130020006CDC021BB700000080004004
:1021A0003CB0004030B00040002F68590080024031
:1021B000008C864700C00240001BB70040597307DF
:1021C0008000014BC05870472C13002010B504004C
:1021D0000D4B9B69DB05FBD40420FFF7F1FFFA21CF
:1021E000890001F0E7FA084B18600A221A61002200
:1021F0005A60013A9A605C61034B9B69DB06FBD530
:10220000014BD869400910BD80800040F0B5C6463A
:1022100000B504000D00170098460C2001F0CAFA22
:102220000600394BFA18394B9A4241D843011B1A20
:102230009901C91AC90009188901380001F0BAFAD0
:102240000200103A98235B009A4237D84346013B7C
:10225000062B39D8069B013B062B35D83F09B742E0
:1022600038D343461E04069B1A0316432368002BEB
:1022700036DB274B9C4244D080225201254B1A600A
:10228000254B1A60254B9B6811009943FAD12560B4
:10229000A060231DC02292011A43212313602368EA
:1022A000002BFCDAE6600823136080BCB846F0BD62
:1022B0001B4B1C4A11211C4800F0CEF81B4B194A3D
:1022C0001921194800F0C8F8194B164A1C21164864
:1022D00000F0C2F8174B134A2321134800F0BCF852
:1022E00022683F231340AB42C3D1A3681B051B0DDB
:1022F0008342BED1E368EE22D2021340B342B8D18A
:10230000D3E780229201B9E780E84BD380F8A93265
:1023100000C0024000E0004000F0004000C000406B
:10232000447D0010707E0010A47D0010EC7D001034
:10233000087E0010547E00102D234360704700007B
:1023400080239B000343014AD3627047008005400D
:10235000024B1A68024B5A607047C046C8170020EB
:102360000080054010B50200164B8020C0051860A3
:10237000154B1648186000290AD0154BE021C904F6
:102380001960002A09D1124B802212061A6010BD72
:102390000C4BE021C9041960F3E753019B1A980024
:1023A000801800010B4B186080235B04984202D315
:1023B000084B094A1A60FFF7CBFF054B8022D20574
:1023C0001A60E4E700B0054008200140FCFF01006E
:1023D00000A00540C8170020FFFFFF0010B5030054
:1023E00010000C4A8024E4051460002B0DD001225B
:1023F0001343094A094CD461094C5C401462516290
:1024000093620021FFF7AEFF10BD034B0022DA619B
:10241000F7E7C04600B0054000800540D3C007B0D4
:102420002D3FF84F064BAA2212011A602F22DA60C4
:10243000044B054A1A60024B5B68002BFBDA7047BD
:10244000004002400060024000B0FA0000BEFDE71C
:1024500010B5FFF7FBFF000010B582B00C001900AB
:10246000002A0CD0084B002A0BD0019200932300C5
:102470000200064802F0F2F90120FFF7E7FF044BE3
:10248000F1E7034AF1E7C0467C7E00108C7E001025
:10249000887E001070B52B4B2B4A1A602B4B2C4AB0
:1024A0001A602C4B9A682A4B9343FAD12A4C01E0CC
:1024B00008CC9847294B9C42FAD3FFF701FE234BE7
:1024C000274A1A60234B9B68DB43DB01FAD1254B7B
:1024D00040229A675A671A67DA66234C09E0234B51
:1024E000234A86212348FFF7B7FF2000FEF718FC98
:1024F0000834214B9C4209D22368002BF5D0012BD4
:10250000EDD12000FEF719FC0834F2E71B4CA1685E
:102510001B4DC022280002F049F8A560EFF30583A7
:10252000002B00D000BEFEF773F8FEF7CFFBFEF7DE
:1025300067FF144C01E008CC9847134B9C42FAD338
:1025400070BDC04600E00040BFCDFBFE00F0004083
:10255000FE7F3C0000C00040880C0020980C00204A
:10256000FFFFFF0100F00140800C0020BC7E001046
:10257000387F0010DC7E0010880C002000ED00E0A9
:1025800000000020980C0020A00C00200FB400B523
:1025900083B0084802F032F9049B002B07D005A94C
:1025A0000191180002F03AF9034802F027F90120DE
:1025B000FFF74CFF287F001020730010704710B504
:1025C000002802D00B684968984710BD0100002020
:1025D00007E083001B185B00501C08601078C018CF
:1025E00030380A681378303BDBB2092BF1D97047D9
:1025F000F0B5DE4657464E464546E0B583B09346B5
:102600001F000C9B9A460D9C0E9B99460F9B9B07A7
:1026100003D0B8460F00060022E00192A346884688
:102620004E46B9460700B44207D2551C4B464146B8
:102630002020B84701342A00F5E73D004F465C46AC
:10264000019B9B46B1464646B84637002E0007E040
:10265000013C551C5346185D43463900B0472A00DB
:10266000002CF5D135003E0047460F9B9B0707D451
:10267000100003B0F0BCBB46B246A946A046F0BD70
:10268000B0464E46B9462F005D46531BB342EFD2CB
:10269000541C4B4641462020B8472200F5E7F0B5D0
:1026A000CE46474680B585B0944698460C9D0D9C15
:1026B0000EAB1B789946109A119B129EB7071CD43B
:1026C000002B0CD0F7070AD54F46002F02D10C374C
:1026D000374204D0013B02E030272F5501349442A9
:1026E00001D21F2CF8D9F70707D59C4205D21F2C21
:1026F00003D830272F550134F5E7F70615D57705B0
:1027000005D4002C03D0944224D09C4222D00F9AAE
:10271000102A2BD00F9A102A30D00F9A022A35D0C7
:102720001F2C02D830222A5501341F2C05D84A46C6
:10273000002A31D02D222A550134039602930194A8
:10274000009543466246FFF753FF05B0C0BCB9464B
:10275000B046F0BD621E012C06D00F9F102F01D095
:102760001400D4E7023CD2E71400D0E7B206D1D47B
:102770001F2CCFD878222A550134D1E7B206CCD508
:102780001F2CCAD858222A550134C9E71F2CC7D894
:1027900060322A550134C3E7720703D52B222A552C
:1027A0000134CAE73207C8D520222A550134C4E7CC
:1027B000F0B5DE4657464E464546E0B593B08146F5
:1027C0008A46089209931CAB10CB1B789B461E9D32
:1027D000219B9846002C03D1102342469A439046F1
:1027E0008023DB0046461E4042461A4212D0002C8F
:1027F00022D000260EE03033D9B2771C0AAB9955AF
:102800002900200000F0D6FFAC4216D31F2F14D8A9
:102810003E0004002900200000F0CCFFCBB2092BC1
:10282000E9D94246920605D54121C918C9B20A39EB
:10283000C9B2E2E76121F8E7270043460693209BEF
:1028400005931F9B049303955B46029301970AAB84
:102850000093099B089A51464846FFF720FF13B0A2
:10286000F0BCBB46B246A946A046F0BDF0B5DE4678
:1028700057464E464546E0B595B0089009910A92F4
:102880000B931E9E1F9C20AB1B789B46229B994658
:10289000239D269B9A463300234303D1103352468F
:1028A0009A4392468023DB0057461F4052461A4205
:1028B00019D0330023432DD0002714E03033DAB28F
:1028C0007B1C98460CABDA554A462B0030002100A1
:1028D00000F0AEFFA5421FD819D043461F2B1BD8CE
:1028E000474606000C004A462B003000210000F04D
:1028F0009FFFD3B2092BE1D95246920605D541225A
:10290000D218D2B20A3AD2B2DAE76122F8E7B14578
:10291000E3D901E00023984653460693259B05938F
:10292000249B04934B4603935B46029343460193D7
:102930000CAB00930B9B0A9A09990898FFF7AFFE1E
:1029400015B0F0BCBB46B246A946A046F0BD00009B
:10295000F0B5DE4657464E464546E0B591B0834653
:102960008A460C9298461A9C08941B9D0995220051
:102970002B002000290001F0E6F9002800D0E5E056
:1029800001225242D74B2000290001F0D7F900283C
:1029900000D0DBE001225242D34B2000290001F09D
:1029A000B7F9002800D0D1E000220023089E3000B3
:1029B000099D290001F0ACF9002800D0DDE008985D
:1029C0000999069007918023DB001E9A1A400D9208
:1029D0001E9A1A4201D106231C93069807990400F7
:1029E0000D000A000600024300D1D1E0080D4005A9
:1029F000400DBE4CA44660440A03120BBC4B13436B
:102A00001F0001F0B3F9BB4ABB4B01F03EF9BB4AD2
:102A1000BB4B01F013F904000D000022B94B30004C
:102A2000390001F002F9B84AB84B01F02EF9020062
:102A30000B002000290001F001F901F0AFF98146F7
:102A400001F094F904000D00B14AB24B01F01DF9F8
:102A50000022B14B01F0F2F801F0A0F90600AF4AF4
:102A6000AF4B2000290001F010F904000D003000E8
:102A700001F07CF9AB4AAC4B01F007F902000B0006
:102A80002000290001F0D1F804000D0002000B0025
:102A900001F0FBF80A900B91A44BF31800261F05D8
:102AA00022002B002000290001F0C8F80E900F91A1
:102AB00022002B0000208021C90501F0B6F8040097
:102AC0000D0000229A4B0A980B9901F0C0F80022E1
:102AD000984B01F0B3F802000B000A980B9901F033
:102AE000B6F80022944B01F0A9F802000B000A98F6
:102AF0000B9901F0ACF802000B002000290001F056
:102B00009DF802000B000E980F9901F0A0F800222A
:102B1000774B01F093F832003B0001F0B6F8060065
:102B20000F0004000D00069A079B01F007F900282A
:102B300030D001235B429C46E14400227D4B3000B3
:102B4000390001F084F804000D0023E01E9B04937B
:102B50001D9B03931C9B0293089A099B009201936F
:102B600043460C9A5146584600F0FCF811B0F0BCB0
:102B7000BB46B246A946A046F0BD002300240693FA
:102B80000794069680231B069C46654407951AE722
:102B9000002399464B466333C62B1ED804261E9B42
:102BA0001B0526D52B0023430FD0644A644B06989F
:102BB000079901F0BBF8002879D00022614B0698F4
:102BC000079901F0A5F8002871D01C9B4B4506DD44
:102BD0004A46981A431E1C9303E00526DFE70023AC
:102BE0001C938023DB001E9A1A431E9200260023AA
:102BF00099461D9B9E4264D29F1B02231E9A1A4037
:102C00000A921E9A134202D0002E00D000274B4693
:102C1000002B07D022002B000698079901F017F827
:102C200006900791002200230898099901F070F896
:102C3000002848D1444B1E9A1340049303971C9BD1
:102C40000293069B079C0093019443460C9A5146BD
:102C5000584600F087F8002E00D187E71E9B9B06A0
:102C60003DD54525441C4346020051462800D8471F
:102C70004B46DA179B18534005220592013E0496F5
:102C8000002203920A3202924A46D00F019000932A
:102C90004346220051465846FFF78AFD0A9B002B07
:102CA00000D163E702005F460C9E1D9D54E01C9B13
:102CB000002B9ED00D9B002B9BD01C9B013B1C939B
:102CC00097E7002799E7069C079D220029008020AE
:102CD0000006844661440B0006920793AAE7652527
:102CE000C0E7C046FFFFEF7FFFFFEFFF01FCFFFFE4
:102CF0000000F03FFB799F501344D33FB3C8608B73
:102D0000288AC63F0000F83F61436F63A787D23F20
:102D100071A379094F930A400000E03F1655B5BBF7
:102D2000B16B0240EF39FAFE422EE63FFF0300008E
:102D300000002C4000002440000018402D431CEBF4
:102D4000E2361A3F80842E41FFF7FFFF541C4346B2
:102D500051462020B8472200931BAB42F6D3100007
:102D600004E7C046F0B5DE4657464E464546E0B558
:102D700095B00690079193469946209F1E9A1F9BF7
:102D80001000190000F0DFFF002831D1012252426B
:102D9000BF4B1E981F9900F0BBFF002837D10122BE
:102DA0005242BC4B1E981F9900F0C8FF00283DD12D
:102DB0000022B94B1E981F9900F0C0FF002850D187
:102DC0000022B64B1E981F9900F0A2FF002848D1A0
:102DD000002200231E981F9900F09AFF002850D16E
:102DE00000239846229B5B0500D4B6E0002458E0FF
:102DF000229B0393219B029303230193A84B0093EF
:102E00004B465A4607990698FFF7F2FB0EE1229BC4
:102E10000393219B029304230193A24B00934B46FF
:102E20005A4607990698FFF7E3FBFFE00423229A2E
:102E30001A4022990B4210D09B4B002A0FD004223B
:102E40002299039121990291019200934B465A468F
:102E500007990698FFF7CCFBE8E0944BEDE70322D7
:102E6000EEE7229B0493219B039302971E9B1F9CDA
:102E7000009301944B465A4607990698FFF768FD60
:102E8000D4E01E9A1F9B0020002100F0CEFE1E9071
:102E90001F9101239846A5E70CAB30221A55013F3C
:102EA00001341F2C01D8092FF6D81E981F9900F065
:102EB00075FF050000F05AFF02000B001E981F99D5
:102EC00000F0B3FEFA007A4B9B181A685B680A920E
:102ED0000B9300F0DAFE0890099100F083FF0600E2
:102EE00000F040FF02000B000898099900F09DFED9
:102EF0000890099100226F4B00F020FF00282ED08F
:102F00000136300000F02EFF02000B000A980B99EA
:102F100000F004FF002801D001350026002F2CD13D
:102F2000280000F023FF02000B001E981F9900F0FC
:102F30007CFE06000F0000225E4B00F0E9FE002838
:102F400046D100225B4B3000390000F0F7FE00282C
:102F50003ED1EB073CD501353AE0062746E7002293
:102F6000544B0898099900F0D3FE0028D6D1002EC2
:102F700001D0F307D2D50136D0E7AA461F2C11D8CD
:102F8000013F0A21300000F015FC651C30310CAB0C
:102F900019550A21300000F00DFC092E0ED906004B
:102FA0002C00EBE755461F2C0CD87B1E002F09D0B8
:102FB0000CAA302111551F000134F4E72B005546AF
:102FC0001C00F0E71F2C03D80CAB2E221A5501343D
:102FD0001F2C10D80A21280000F0C4FB661C3031D9
:102FE0000CAB19550A21280000F0BCFB051E01D0CE
:102FF0003400EDE734000323229A1340012B1CD048
:103000001F2C06D84346002B32D00CAB2D221A556C
:103010000134229B0393219B029301940CAB0093F8
:103020004B465A4607990698FFF7E2FA15B0F0BCEE
:10303000BB46B246A946A046F0BD219B002B13D04B
:103040004346002B02D10C3313420FD0219B013B8E
:103050002193190003E00CAB30221A5501348C4245
:10306000CED21F2CF7D9CBE72199F8E72199F6E7C3
:10307000229B5B0704D50CAB2B221A550134C8E701
:10308000229B1B07C5D50CAB20221A550134C0E783
:10309000FFFFEFFFFFFFEF7F65CDCD4165CDCDC1D8
:1030A000547F0010587F00104C7F0010487F0010A4
:1030B000408100100000E03FF0B5DE4657464E4626
:1030C0004546E0B593B082468B4690461193002961
:1030D00000D1EBE200275546119B1878002800D15B
:1030E000E7E2252809D07C1C43463A005946A84708
:1030F000119B013311932700EEE701331193002454
:10310000119A11780B00203BD8B2102803D8830005
:10311000D048C3589F460B00303BDBB2092B2CD95B
:103120002A292FD000230A93119B1A782E2A39D0EE
:1031300000239A46119A1378683BD9B2122976D89F
:103140008B00C549CB589F4601231C430132119285
:10315000D6E702231C4301321192D1E704231C431A
:1031600001321192CCE708231C4301321192C7E7C8
:1031700010231C4301321192C2E711A8FFF726FA6F
:103180000A90D1E71C9B1A1D1C921868002804DBCA
:103190000A90119B01331193C6E702231C4343425B
:1031A0000A93F6E78022D20014435A1C11925A78EF
:1031B0001300303BDBB2092B04D92A2A07D00023A5
:1031C0009A46B7E711A8FFF701FA8246B2E71C9BBF
:1031D0001A1D1C921868002804DB8246119B0133DB
:1031E0001193A7E70020F8E780235B002343511CDD
:1031F000119152786C2A01D01C0018E0C0239B006A
:103200001C430131119112E080232343511C119181
:103210005278682A01D01C0009E0C0231C43013108
:10322000119104E080235B001C4301321192119B39
:1032300018780300253BDAB2532A00D92CE2930018
:10324000864AD3589F4680239B001C43013211922B
:10325000EDE780235B001C4301321192E7E77828F9
:1032600009D0582838D06F2838D0622838D0102399
:103270009C430A2600E01026582833D0692803D042
:10328000642801D00C229443630501D501229443A4
:1032900069282AD0642828D0A30500D59FE0E3053B
:1032A00000D5B8E0630600D4CAE01C9A111D1C9139
:1032B0001168FF220A4005940A9B04935346039326
:1032C000029600230193009243463A005946280093
:1032D000FFF76EFA070027E01026CDE70826CBE7B8
:1032E0000226C9E720221443C8E7A30520D4E3053A
:1032F00050D4630666D51C9A111D1C911168FF22DB
:103300000A40D317D118594005940A9B0493534699
:1033100003930296D20F0192009143463A00594618
:103320002800FFF745FA0700119B01331193D3E6FC
:103330001C9BDA1D07218A43110008311C9111687A
:1033400053689C46DB170C930D930C9A0D9B100051
:1033500048400E90624653400F930E980F990C9A76
:103360000D9B801A99410E900F9108940A9B079328
:10337000534606930496002305936346DA0F0292A0
:103380000090019143463A0059462800FFF76EFA33
:103390000700C9E71C9A111D1C911268D317D11898
:1033A000594005940A9B0493534603930296D20F07
:1033B0000192009143463A0059462800FFF7F8F978
:1033C0000700B1E7230605D51C9A111D1C910023A7
:1033D000D25E96E71C9A111D1C91126891E71C9B06
:1033E000DA1D07218A43110008311C9108940A9BB9
:1033F000079353460693049600230593029313689C
:1034000054680093019443463A0059462800FFF758
:103410002DFA070088E71C9A111D1C9105940A9B40
:103420000493534603930296002301931368009379
:1034300043463A0059462800FFF7BAF9070073E7F8
:1034400023060DD51C9A111D1C9112681204120C32
:1034500031E7C046607F0010A47F0010F07F0010AD
:103460001C9A111D1C91126825E746281AD01C9B36
:103470000733072293431A0008321C9204940A9AD5
:103480000392524602925C681B6800930194434683
:103490003A0059462800FFF765FC0700119B0133ED
:1034A000119319E620231C43E1E7672801D0472840
:1034B00002D180231B011C43452801D0472801D19C
:1034C00020231C431C9B0733072293431A00083216
:1034D0001C9204940A9A0392524602925C681B68FA
:1034E0000093019443463A0059462800FFF730FA0A
:1034F0000700119B01331193EEE502231A002240CD
:10350000924623421FD001241C9B1A1D1C927A1C38
:103510009146187843463A005946A8475346002B2F
:1035200016D1119B013311934F46D5E5561C4346E6
:1035300059462020B847230032005C1C9D42F5D834
:103540003D001700E0E701233A002F000A9DF4E751
:103550004A46A9460A9D06E0571C43465946202084
:10356000C84734003A00661CA542F5D84D4691463E
:10357000D7E71C9B1A1D1C921B6899465346002BCB
:1035800000D1013B4E4601E0013613003278002A9B
:1035900002D05A1E002BF7D14B46F21A109280230C
:1035A000DB0026001E401C4203D0524501D9534681
:1035B000109302231A0022400B92234205D03A00B6
:1035C00037004C46A946554620E03A00109B5F461E
:1035D000B3462E0006E0551C434639002020B04774
:1035E00023002A005C1C0A999942F4D835005E46F3
:1035F000BB46109437004C46A946554606E01D00D0
:103600000134561C43465946C847320020780028EA
:1036100004D0002FF4D06B1E002DF0D117004D46C2
:103620000B9B002B03D1119B0133119354E50A9F8F
:10363000109B06E0561C434659462020A84723000D
:1036400032005C1C9F42F5D81700ECE721231C4395
:103650001C9B1A1D1C921B6800930594082304935D
:1036600053460393102302930023019343463A00E9
:1036700059462800FFF79CF80700119B013311936E
:103680002AE57C1C43463A0059462520A847119B51
:103690000133119327001FE57C1C43463A0059462D
:1036A000A847119B01331193270015E50A4B9A4651
:1036B00010E5AA46474502D343465A1E00E03A00A9
:1036C000434659460020D047380013B0F0BCBB46F3
:1036D000B246A946A046F0BDBD25001000B585B094
:1036E000029003910121009313004A4202A902486B
:1036F000FFF7E2FC05B000BDBF2500100148042122
:10370000014B1847200C00202D37001010B5010088
:1037100018231B8814221088984710BD10B501008B
:1037200018231B8816221088984710BDF0B5C6468E
:1037300000B507000E0000250123984600E0013582
:10374000B5420AD2AC003C192068FFF7DFFF2060C9
:103750000028F4D100239846F1E7404680BCB846E3
:10376000F0BD0000124A936F9B0815D29066D16697
:10377000002905D0FFE7FFE7FFE7516F106F7047A3
:1037800004B580210906C2175140002800D0C84363
:1037900003F052FD002104BDF0B5146E556E576F55
:1037A000166FFFF7E3FF1466556657671667F0BD9F
:1037B000000000D0114A936F9B0813D21066516627
:1037C000002905D0FFE7FFE7FFE7516F106F704753
:1037D00004B5002801D00020C04303F02DFD0021D6
:1037E00004BDC046F0B5146E556E576F166FFFF7E7
:1037F000E5FF1466556657671667F0BD000000D0F8
:1038000094464A4A926F9208624601D228E0C04626
:10381000F0B5464E346E756E776F366F00F020F857
:103820009446424A14665566576716676246F0BD6D
:1038300094463E4A926F9208624601D254E0C046D6
:10384000F0B53A4E346E756E776F366F00F04CF807
:103850009446364A14665566576716676246F0BD49
:10386000002B24DB11D000293EDA00B5C9434042C9
:1038700000D1013100F038F8C943404200D1013194
:10388000DB43524200D1013300BD002AEBD10028B6
:1038900001D1002905D00020C90FC90701D1C043BB
:1038A000410800B503F0C0FC0022002300BD00B5B4
:1038B00000290ADBDB43524200D1013300F014F847
:1038C000C943404200D1013100BDC943404200D14B
:1038D0000131DB43524200D1013300F005F8DB43F4
:1038E000524200D1013300BD002923D1002B18D151
:1038F000002A0CD0BC460D4F38667A6600210023A2
:10390000FFE7FFE7FFE77A6F386F674670470028E9
:1039100001D00748010000B503F086FC0022002317
:1039200000BD02000B00002000217047000000D005
:10393000FFFFFFFF002B00D0BFE0130C28D1002AAF
:10394000E7D080B4114F39667A66FFE7FFE730B4FD
:10395000040C7B6F396F1B0423433B667A66FFE7D9
:10396000FFE7FFE7C04684B27B6F3D6F1B04234334
:103970003B667A66FFE7FFE7C04600232C042D0C68
:103980007A6F386F00196941B0BC7047000000D0F1
:10399000F0B594460025140E01D112020835140F1B
:1039A00001D112010435940F01D192000235D40FD8
:1039B00001D152000135D40B0134254F7C66254CD2
:1039C0003C660E0C93B2FFE7FFE7FFE73C6F6643F0
:1039D000360C7703BE467343DF0B5B04C01AB94154
:1039E000130C7343DB18C91ACE086643360CB64471
:1039F00093B273431F0F1B01C01AB941130C7343D9
:103A00001F0B1B05C01AB941860D8F023E4366434A
:103A1000360C092D24DB520A7243801A7703460ABA
:103A20006643360C16235B1BDE40DF40BF1964463D
:103A30006643821B7046043506330100D940A84016
:103A4000C01900D30131A24206D20023F0BD00000C
:103A5000000000D0FFFFFFFF121B0130F3D3F1E79E
:103A600009277F1BFE406446A2B27243801A00D22F
:103A70000139220C7243130C1204821A99410B0073
:103A80007046043513370100F940A840801900D36F
:103A90000131002B02D1A2420AD2F0BD013000D385
:103AA0000131121BFAD2013BF8D1A24200D2F0BD83
:103AB000013000D30131121BF7E7F0B51C0C00D028
:103AC00080E00CB400251C0A04D11B02160E3343FF
:103AD000120208351C0B04D11B01160F33431201CF
:103AE00004359C0B04D19B00960F334392000235A2
:103AF000DC0B02D192185B4101351C009718644120
:103B00000134464F7C66464C3C660E0CFFE7FFE7EF
:103B1000FFE7C0463C6F6643360C7703BE4697B25C
:103B20007743C01B00D20139C01B00D201399FB2BC
:103B30007743C91BC91B170C77437E04FF0B801BFF
:103B4000B941CE086643360C0C2D33DBB644120B5C
:103B50001F053A431B0B97B27743C01B00D20139B4
:103B60009FB27743C91B170C77433E043F0C801B61
:103B7000B941860D8F023E43664329277F1BFE40D5
:103B80000C3D7746AF40BF1930BCA2B2ABB2724316
:103B90007343801A9941220C7243130C1204801A49
:103BA000994102000B000137001BA941F9D2781E90
:103BB0000021F0BD0C277F1BFE4077467F0BAF40F6
:103BC000FF19E0E700245D1C07D0144F7D663966BD
:103BD000FFE7FFE7FFE7FFE73C6F95B29EB2654363
:103BE0006643401BB141150C1E0C65436643360409
:103BF0002F0C3E432D04401BB141994204D20200D8
:103C00000B0020000021F0BD01D19042F7D3801AB3
:103C1000994101349942F2D3F6E70000000000D048
:103C2000FFFFFFFF48404140484018B41B4B5B6812
:103C3000FC46019308BD04DFFF3E001018B4174B8B
:103C40001B68FC46019308BD00DF093F0010944645
:103C5000134A926F920809D2624618B40F4BDB6880
:103C6000FC46019308BD0CDFC14100100C4AF0B5C1
:103C7000146E556E576F166F6246FFF7EEFF084AD7
:103C80001466556657671667F0BD18B4034B9B68FA
:103C9000FC46019308BD08DF65400010F0170020C6
:103CA000000000D0FFB550404240504059404B40CA
:103CB000594000E0FFB5154F4C00640D03D0BC42E5
:103CC00004D10C0314D80020090D09055C00640D13
:103CD00003D0BC4204D11C030AD800221B0D1B05D3
:103CE00001264B4009D44B4003D58B4200D1824280
:103CF000FFBD9942FCD19042FFBD0B43DB1803434B
:103D00001343F5D0C9434918FFBD0000FF07000069
:103D100000B5FFF7CFFF804100BDC04600B5FFF7FB
:103D2000C9FF01D9002000BD012000BD00B5FFF78B
:103D3000B9FF01D9002000BD012000BD00B5FFF78B
:103D4000B1FF804100BD012040054A00121804D88F
:103D50005A00121801D80020704701207047002037
:103D6000704700000021002805D17047C117484066
:103D7000401AFAD0C90713B5064B1B6898470CBC0C
:103D8000441CA2401005120B0349091B09051943E5
:103D9000114310BDF01800201F04000010B54C00A6
:103DA000620D8023D218DB00D21A5B057E2A10DD5B
:103DB0009E3A13DACC170903490819435242D140FD
:103DC000640001341532202A05DAD04008436043EC
:103DD00010BD002010BD0846604310BDC80FC018BC
:103DE000013810BD18B4044B5B6AFC46019308BD52
:103DF00024DF714300100000F017002070B513237A
:103E00001C78012C14D0012C14DC022C02DC1F4A7B
:103E10001F4B9A641F48FFF779FC1F4B186070BD59
:103E200099001A481A4A885001331F2BF8D9EAE73B
:103E30000023FAE71948FFF771FC05001848FFF75F
:103E40006DFC023803789B007F2B19DD802229004E
:103E50000F4800F0ABFB022CD7D1124B1A88B523C8
:103E60001B029A4209D1104B1A88104B9A4204D176
:103E70000F4B1A880F4B9A42C7D00020FEF786FBE3
:103E80000D4B0E4A32210E48FEF7E6FAC53E0010F1
:103E9000F01700204C330000F018002053440000BD
:103EA0005346000054380000D8380000494600004E
:103EB0009C38000059460000908100104482001098
:103EC000F081001007B56046002800D100BE0188CF
:103ED0000A0A0230DF2AFAD1C9B2820804D3028862
:103EE00040880004104300E00068024A50500390EC
:103EF00007BD0000F01700200FB403BC0CBCF0B5E8
:103F00000124E407634000E0F0B50C0DCF0F661EFE
:103F10003605891B640503D3C943404200D30131F0
:103F2000640D03D0661CF60A07D0E41B00207F0056
:103F3000791C89078912803C24031D0DDF0F6E1E3A
:103F400036059B1B6D0503D3DB43524200D301337F
:103F50006D0D03D06E1CF60A07D0ED1B00227F000A
:103F60007B1C9B079B12803D2D032F1B661B58D487
:103F7000A446202E46DA20371400BC401D00BD4068
:103F8000F24033412A4380185941CB0F05D0C94331
:103F9000C043002264425041514162464D0D28D138
:103FA0000D0D07D100281FD0241940414941013A85
:103FB0000D0DF9D0640006D3013000D30131002C7F
:103FC00001D140084000013A0BD4941CE40A04D10A
:103FD00012051144DB071944F0BDD907204B1943E2
:103FE00000E0D9070020F0BD0029DDD1002CDBD195
:103FF000F0BD0132C6074008CD0728434908002E0E
:10400000E1D0D9E73C2E29DA203E40371400BC40ED
:1040100000D00124F24014431A00BB401C43D317C4
:10402000ACE7AC46202F08DA20360400B4400D007F
:10403000B540F84039412843A5E73C2F0CDA203F32
:1040400040360400B44000D00124F8400443080086
:10405000B1400C43C117EAE710001900002494E7AF
:104060000000F07FF0B50C0D661E3605891BE60AD0
:104070006405640D02D0651CED0A04D00020012106
:104080000905803C2403A4461C0D671E3F05DB1B6D
:10409000E70A6405640D02D0651CED0A04D0002215
:1040A00001231B05803C24037740644497B484B209
:1040B00096B27443070C7E43150C6F4380B268437D
:1040C000361802D3012000043F183004350C0019C3
:1040D0007D41844688B29AB250430C0C62431F0C57
:1040E0007C438EB27E43921902D301263604A41972
:1040F0001604170C3618674101BC81B29AB25143BD
:10410000040C62431B0C5C4380B25843121802D368
:104110000120000424181004130C401863412D18CA
:104120005E410020474106BC88B293B258430C0C54
:104130006343120C544389B251435B1802D30121EB
:104140000904641819041A0C091862416D185641C3
:104150000020474118BCF902720D1143F0026A0DAC
:104160001043ED020A0D03D16D1940414941013B55
:10417000124E9B1B7600B3420ED26D0007D3013066
:10418000002671416646354301D1400840001B05B9
:10419000C918E4072144F0BD0BDA013306D1013020
:1041A00004D101314F0D01D04908F2E7E1070020A9
:1041B000F0BD013631050020EBE70000FF030000F1
:1041C000F0B51C0D671E3F05DB1BE70A6405640D97
:1041D00002D0661CF60A04D0002201231B05803C95
:1041E0002403D0252D060026F6432E661E096E6692
:1041F000CE0FF619B44649004F0D02D07E1CF60AC8
:1042000003D000200021403F3F033E1BB600B444D2
:10421000013F7F05C91B49082E6F013676089C02B5
:10422000950D25437543ED137543AD1301356D10A1
:10423000F603761B0CB4CC02450D2C43A2B2B3B2EC
:104240005A43270C7B43350C6F43A4B26C431B19B4
:1042500002D3012424043F191C041D0CA4187D4121
:1042600024196D41009A91B2ACB26143170C7C43A2
:104270002B0C5F4392B25A43A41802D301221204BA
:10428000BF182204230C52187B41019C6C431B195C
:10429000520ED9010A434401A01A81B2B2B251436D
:1042A00003145A43360C734387B27743D617D21997
:1042B00000277E4136049B191704160C7F185E41B7
:1042C0007316ED18F301002680337541A90F06D14E
:1042D0006400690AE8055B0A184309D22FE004224A
:1042E000944480337541A90AA8059B0A184326D334
:1042F000404149412404009A019B0D005543641B31
:104300004343E41A95B286B27543170C7E43030CFF
:104310005F4392B25A43B61802D301221204BF1867
:104320003204330C52197B4152429C41002C02D47E
:104330000022013051414008CA071043490802B029
:104340006246D7079210084BD218084B9A4203D204
:1043500012058918C919F0BD0020002A01DC3900B6
:10436000F0BD01331905F5E7FD030000FE0700006D
:10437000002200B5203200F004F8080000BD000063
:1043800000220B150AD410B5944600F031F814142D
:10439000013400DA0021CB17144C20470020002103
:1043A00070476244343A0CD40C2A07DA0400914076
:1043B000904052422032D440214310BDD843D943CB
:1043C00010BD203207D40C46944052422032114195
:1043D000D040204310BD0800C917203203D45242F8
:1043E0002032104110BD1800190010BDA343001069
:1043F0000A0DCC0F531E1B05C91A520503D3C9431E
:10440000404200D30131520D03D0531CDB0A07D0C8
:10441000121B00206400611C89078912803A120374
:10442000014BD21A70470000FF0300005143434381
:10443000C9188C46110C83B24B4310B4040C614371
:1044400092B280B2504362431C041B0C001910BC92
:1044500059411304120CC0185141614470470000C7
:1044600070B513231D782A48FFF758F90400012D71
:1044700011D0012D09DDA31E1B789B007F2B40DD91
:1044800080222100234800F091F82348FFF73EF9ED
:10449000224B186070BD542201001E4800F086F8BF
:1044A0001F4B1A881F4B9A421CD1A7239B011A88C5
:1044B0001D4B9A4216D11D4B1A881D4B9A4211D1A1
:1044C0001C4B1A8894239B019A420BD11A4B1A88D1
:1044D0001A4B9A4206D11A4B1A681A4B9A4201D1CA
:1044E000152307E01848FEF751F899001748094AC4
:1044F000885001331F2BF8D9144A064B1A62DA612F
:10450000B7E7134B134A42211348FDF7A5FFC046F6
:1045100053460000F41800204C330000F01800202F
:10452000EE290000C40F0000C20D0000962B000011
:10453000C0B50000182B0000CC2A000010B5000008
:10454000FC2C000051ED8764887E00105D45001052
:1045500058820010DC8200108C82001007B5604683
:10456000002800D100BE01880A0A0230DF2AFAD1F1
:10457000C9B2820804D3028840880004104300E0D6
:104580000068024A5050039007BD0000F418002054
:1045900001480421014B1847300C00202D37001032
:1045A000014B1B6818470000300C0020014B5B6872
:1045B00018470000300C002010B50300080011005F
:1045C0001B68984710BD0000F8B507000D001600E5
:1045D000437D002B02D0002400200CE00368110072
:1045E000280098472DE03B7D10E0022115483B68EC
:1045F0009847601C0134B44214DA002CF3DD2B1907
:10460000013B1B780D3B5A425341DBB22A5D0A2A1B
:10461000F0D1002BEED1A042E7DA211A28183B682E
:104620009847E2E7B04203DA311A28183B68984706
:10463000002E06DDAD19013D2B780D3B5A4253414A
:104640003B75F8BD6083001070B505000368002B52
:1046500016D00C4B1C6805E0290004C92000FFF7A8
:10466000B3FF2469002C09D02368002BF9D0064B36
:104670001B68002BF0D0A342F3D1EDE700232B60A1
:1046800070BDC046BC130020C413002070B50500E7
:104690000C000B68802B05D021684B1C236064182C
:1046A000257170BD0800FFF7CFFFF5E710B5FDF7E6
:1046B00069F902000B1E0BDB0D48002112184B415B
:1046C000002B0BDB002B0DDB0A4802F0DDFD10BDDB
:1046D000094B0A4A3F210A48FDF7BEFE0122524219
:1046E000084BEFE7044B054A3F210548FDF7B4FEB0
:1046F00040420F00800C0020E87600104883001034
:1047000004770010FFFFFF7F10B5024802F084FD20
:1047100010BDC046800C0020F0B5CE46474680B59F
:1047200083B006000D0090461C00FFF7BFFF8146D6
:104730006B1C05D0002C08D0194F1A4B1C6807E0E1
:10474000300002F031FD0500F4E7174FF5E724696A
:10475000002C17D02368002BF9D0144B1B68002BBA
:1047600001D0A342F3D12A0031002000B8474346CC
:10477000002BECD06B46D91D0A230B7001222000C0
:10478000B847E4E74B46002B07D16B1E9D41E8B2CA
:1047900003B0C0BCB946B046F0BDFFF7B5FFF4E7C3
:1047A000B9450010BC130020C9450010C4130020F7
:1047B000094A01E010331A001368002B08D0834225
:1047C000F8D1002907D1036913600023036102E0D7
:1047D000002900D010607047BC13002010B5064BB4
:1047E0001C6801E098472469002C03D06368002B03
:1047F000F8D1F8E710BDC046BC13002070B5050025
:1048000002F0D2FC04000023012201002800FFF77F
:1048100083FFFFF7E3FF200070BD000070B5A2B07A
:1048200004000E00FFF742FF050000230193330050
:10483000220001A90848FEF751FF040001A8FFF774
:1048400003FFFFF7CBFF002D02D1200022B070BD87
:10485000FFF75AFFF9E7C0468D4600100FB400B5C8
:1048600083B004A901C90191FFF7D8FF03B008BCC8
:1048700004B0184710B500F033F910BD70470000C0
:10488000014B00221A707047271A00204B79FF2B2A
:104890000CD18B79002B0BD1CB79012B0AD1082AB3
:1048A0000AD98A78054B1A70092000E00020704769
:1048B0000020FCE70020FAE70020F8E7271A002094
:1048C0000120704770B504000D000348FEF71EFF7D
:1048D00003002900200098475542000010B5012927
:1048E00026D1117953791B020B43124909788B4267
:1048F00001D000201DE05378012B03D0022B10D0F3
:10490000002016E09178D3781B021943DB0506D509
:104910004B0A012098407F231940FFF7D3FF002066
:10492000F9E7642200210020FDF758FD012000E096
:10493000012010BD271A0020012303700048704792
:104940006483001010B50B784878000218438A7809
:1049500012041043CB781B0603439622D2009342E5
:1049600000D010BD00210800FFF7ACFF024B18601B
:10497000024B19607047C04620130020241300200A
:1049800010B5024B1878FBF7EDFE10BD281A002079
:1049900070B5124B1B68002B1BD0EFF3108272B660
:1049A00019680029FCD0BFF35F8F0C494A600023CF
:1049B0000B4803700968BFF35F8F0B6082F31088A8
:1049C00000240025074B1878FBF7CCFE20002900B7
:1049D00070BDFA24A4000025F4E7C046D0170020DB
:1049E000291A0020281A002010B584B000212C4874
:1049F00002F02AFC002838D12A4B1B68002B3CD03F
:104A0000EFF3108272B619680029FCD0BFF35F8FF4
:104A100024494A602448037801246340DBB201241E
:104A200004700968BFF35F8F0020086082F310886C
:104A3000002B22D0FCF704FD0400FCF7A3FF0200CA
:104A40000B1E1CDBFA208000002112184B41002BAA
:104A50001BDB002B1DDB0121029100210191134979
:104A600000912000FCF702FD07E0012000214042F8
:104A700001F0F8F80A4802F0CFFB04B010BD0C4B6F
:104A80000C4A3F210C48FDF7E7FC012252420B4B38
:104A9000DFE7074B074A3F210748FDF7DDFCC0462B
:104AA000F8190020D0170020291A00209149001081
:104AB000E8760010FC83001004770010FFFFFF7FF2
:104AC00010B5054B1868002804D0044B1968002263
:104AD00000F0EEFD10BDC04620130020241300207E
:104AE00010B584B0D0231B061C68FCF7A9FCFCF7AA
:104AF000E9FDA0422FD1D0231B061A78334B1A7040
:104B0000334B1B7801F094FD3248FCF709F9012082
:104B1000FCF7EAF8C0B2304C20703049FBF744FE95
:104B200020780121FBF716FE0520FBF72BFE041E63
:104B300017D000222A490520FBF760FEFBF778FD1D
:104B400001002848FCF708F901212748FFF730FE4B
:104B5000200004B010BD254B254AB5212548FDF79E
:104B60007BFCFCF76DFC0400FCF70CFF02000B1E45
:104B70001BDBFA208000002112184B41002B1ADBAE
:104B8000002B1CDB01210291002101911A490091A7
:104B90002000FCF76BFCC443E40F082200211148FD
:104BA000FFF7FEFC002CD3D0CEE7144B144A3F2174
:104BB0001448FDF751FC01225242134BE0E70F4B22
:104BC0000F4A3F210F48FDF747FCC0462A1A002034
:104BD000808A0010F8190020281A0020E9490010E6
:104BE00081490010D0170020400C00209075001063
:104BF000EC8300107C83001091490010E8760010CF
:104C0000FC83001004770010FFFFFF7F10B5002029
:104C100001F02EFA10BD000070B505000C00FFF782
:104C2000F5FF002845D0002001F044FA002843D0C9
:104C3000FCF7A8FE02000B1E21DB224800211218FF
:104C40004B41002B21DB002B23DB1F4802F01CFB18
:104C5000002834D0FFF7DAFF002804D0002001F04C
:104C600029FA00281BD101200021404200F0FAFF60
:104C700003246442144802F0CFFA200070BD134BA5
:104C8000134A3F211348FDF7E7FB01225242124B22
:104C9000D9E70E4B0E4A3F210E48FDF7DDFB2200FF
:104CA0002900002001F012FA041EE3D1032464421B
:104CB000E0E703246442E0E703246442DDE70324E1
:104CC0006442DAE740420F00F8190020E87600104D
:104CD000FC83001004770010FFFFFF7FF0B5C6468D
:104CE00000B580460C00FCF74DFE02000B1E0FDBEA
:104CF0003748002112184B41002B0FDB002B11DB32
:104D0000344802F0C1FA002812D180BCB846F0BD88
:104D1000314B324A3F213248FDF79EFB012252427D
:104D2000304BEBE72C4B2D4A3F212D48FDF794FBF0
:104D3000FFF76CFF002849D12B4B002000211860A1
:104D40005960244802F068FADFE701200021404260
:104D500000F088FF002001F0CDF9FFF757FF002891
:104D6000EFD0002001F03EFA002820D0A542E8DA7A
:104D7000661B002001F036FA0200864200DC320099
:104D8000002AE2D043465919002001F00FFA06002C
:104D900001200021404200F065FF002001F0AAF947
:104DA000AD19FCF7EFFD104B18605960DEE7FCF71A
:104DB000E9FD0D4B1E685F680C4A002392197B4188
:104DC0009942BED8D2D19042D0D9BAE70025CDE7DA
:104DD00040420F00F8190020E8760010FC83001014
:104DE00004770010FFFFFF7FA00D002020A1070027
:104DF00000487047948400100048704740840010B9
:104E000010B50400154B1B78002B0ED0002C11D1CF
:104E1000134B144A5A80012301335B001BB2C0229A
:104E2000920013430E48038010BD11210B4800F07F
:104E300025F8EBE7052C0ED8A4000B4BE458002313
:104E4000122BE9D8E25C002AE6D00133590004486D
:104E50004252DBB2F4E70020E6E7C046101A002019
:104E60009413002009040000A884001010B5024823
:104E700000F034F810BDC046E817002010B5002936
:104E800001D000230AE0114B114A1F311148FDF7F0
:104E9000E3FA00240DE03732C25401334A1E9A422D
:104EA0000FD90F2B0DD85A080B4CA25CDC07F0D49D
:104EB0000424224114000F222240092AEBDC303264
:104EC000EAE7C0180023037010BDC046C08400107C
:104ED00018850010C8840010E817002070B588B04D
:104EE000040004AD002604960922002105A8FFF75E
:104EF00057FB00960922002101A8FFF751FB4B2325
:104F00002B700D226946280002F07EF9002304E090
:104F10005A1D69468A5CE2540133072BF8DD08B05C
:104F200070BD000002007F201040D20940008018B0
:104F30004001014BC0187047C813002010B5038B07
:104F40003F333F229343022915D0124C2268C2609E
:104F5000D31823609C0610D10F4C6240634080241C
:104F60006401A3420FD88906114380231B0619430D
:104F70004368196010BD5B00E7E7084B084A5421FD
:104F80000848FDF769FA084B054A56210548FDF720
:104F900063FAC046CC17002000001050AC86001009
:104FA000D0870010DC8600103C870010F8B50500A3
:104FB0000E001400FFF7B6FF7F232B40EF0985702A
:104FC0007A427A4142700022C2700683C476012F71
:104FD0000DD0DA0012498C4662448260826800215A
:104FE0001160002B09D143600E4BC360F8BDDA009D
:104FF0000D498C4662448260F0E7012F09D0013BE5
:10500000DB000A4A9446634443602100FFF796FFA1
:10501000ECE7013BDB00064A944663444360F4E757
:105020008400105000011050800010500C001050EF
:105030000800105070B50C001500FFF773FF2A0030
:10504000210000F00DF970BD10B5002804D1012138
:105050000520FBF77FFB10BDD521034B034A490018
:105060000348FDF7F9F9C04684870010C087001097
:10507000DC86001010B5002805D100220021802018
:10508000FFF7D8FF10BDDB21024B034A490003485C
:10509000FDF7E2F984870010B0870010DC8600106D
:1050A000024B80225202DA647047C0460020115041
:1050B00070B5041E26D100F0ADF8164D0C23AB6779
:1050C000FF2215490520FBF799FB402200211348D8
:1050D000FFF766FA002240210020FFF767FF002259
:1050E00040218020FFF762FF02F0E6F801232B64E5
:1050F00080239B05EB649023094AEA502000FFF7C8
:10510000CFFF70BD8621074B074AFF310748FDF7E7
:10511000A3F9C04600001150A1040020C8130020CC
:1051200010D0010084870010E4870010DC86001096
:105130000B785B0602D14B78052B00D070478A783C
:10514000014B1A60FAE7C0460000115010B50C0080
:1051500000280DD1097963791B020B435B05590DBA
:10516000E2789207920FA078FFF720FF012010BD90
:10517000FC21034B034AFF310348FDF76DF9C0469C
:1051800084870010A0870010DC86001010B502F0A4
:1051900093F810BD10B50400080011001A00002C8F
:1051A00003D1FFF747FF012010BD034B034A044919
:1051B0000448FDF751F9C04684870010908700101D
:1051C0000A020000DC86001010B508004B0605D16D
:1051D000CB09012B0AD00222054B9A66FFF7A2FEEB
:1051E00080221201002102F06FF810BD0122F3E7C6
:1051F0000020115010B508004B0600D110BDFFF77C
:1052000091FE0023C3700022014902F05DF8F5E72A
:10521000FFF7FFFF10B580235B040C4A13600C4AB4
:1052200013600C4B9A6880235B049343F9D10A4CBA
:105230009C2200212000FFF7B3F9802252010021B7
:105240000648FFF7ADF90923636710BD00E0004091
:1052500000F0004000C0004000001150000010505D
:1052600070B504000D001600837E002B17D1A682B6
:105270000023E3820133A3762561200002F02CF89D
:10528000002804D0094A902380218902D1502000AF
:1052900001F0EAFF002805D00123237770BD02F05A
:1052A00003F8E4E7200001F0F7FFF7E700201150D2
:1052B00070B5050000240CE063001B19DA00184BE0
:1052C0001B689B18002B2AD05B6828009847013484
:1052D000E4B2144B1B78A34210D3134A002A0BD01C
:1052E000A342E9D8E31ADBB2002B18D15A00D21836
:1052F000D2000E4B9B18E5E72300F5E70C4C532238
:1053000000212000FFF74CF9E01C1022FF21FFF7DD
:1053100047F9200013302022FF21FFF741F970BD2B
:10532000C40D0020211A0020394900108089001086
:10533000EC10002010B5FFF7BBFF00F0EFFD10BD33
:1053400070B505000C001600C86800F0F1FDE368B8
:10535000320001212800984770BD0000F0B5DE46FC
:1053600057464E46C0B582B000900139C8B2FFF72B
:1053700043FD002800D18CE043789A46022B00D0F0
:1053800089E0C5796A11013B4B491A4014010A783A
:105390001027BA4322430A70AD112B405B01D2B2F1
:1053A0002024A24313430B70060009368278C47888
:1053B000240214430419A64264D273780B2B09D03B
:1053C00001239B467378042B6CD1A31B9BB2994697
:1053D000002525E0F3789B463378F618F2E76F0056
:1053E0007F19FB00354A1768FF182BE02B0022E0DD
:1053F000BA68334B9A4234D1D34632E02E482B0060
:10540000019F3A003100133001F0A0F9BC46664418
:105410002C4B1B78AB42CED200203DE00135EDB2E3
:10542000284B1B78AB42F3D3274A002ADED0AB428D
:10543000D5D8EB1ADBB2002B36D15F00FB18DB00AE
:10544000224FFF18002F31D04A4631000098BB6828
:10545000984701900828E1D98145DFD35B46012BAD
:10546000C6D000229345C9D9B3789B18DBB2124944
:10547000C918C978FF291BD10F49CB18DD7001323B
:10548000D2B2EFE7124B002B14D000E000BF012096
:1054900002E0002000E0002002B0E0BCBB46B246C3
:1054A000A946F0BD0020F7E70020F5E70020F3E76C
:1054B0000020F1E70120EFE7EC100020C40D0020F0
:1054C00001630010211A0020394900108089001062
:1054D0000000000070B505000C00CB7888780F2B19
:1054E00050D89A002E498A589746FFF781FC02004F
:1054F00012232100280000F0D7FC44E0294B002BA8
:1055000042D000E000BF021E40D08178C3781B0269
:105510000B432100280000F0C7FC34E0022B09D027
:10552000214B002B34D000E000BF0200002A05D13F
:10553000002028E0FFF760FC0200F7E79178D378BD
:105540001B020B432100280000F0AEFC1BE0237976
:10555000617909021943FFF753FC021E1AD0037840
:105560002100280000F0A0FC0DE0104B002B13D010
:1055700000E000BF021E11D003782100280000F0D7
:1055800093FC00E0002070BD0020FCE70020FAE75B
:105590000020F8E70020F6E70020F4E70020F2E71B
:1055A000F48800100000000000000000000000006F
:1055B000024B5878431E9841C0B27047EC1000204F
:1055C000024B18784007C00F7047C046EC1000200F
:1055D000034B1878FF38431E9841C0B27047C0464D
:1055E0007C0C002070B50400FFF7F2FF061E01D00E
:1055F000300070BD532200212348FEF7D1FF234D18
:105600002800FBF78DFB224B1D60224D2800143033
:10561000FBF7ACFB280001F0EEFB1F4B1D601F4B9E
:10562000002B04D01E48FFF787F91E4B1860002599
:105630000BE06B005B19DA001A4B1B689B18002B00
:10564000D6D01B6898470135EDB2154B1B78AB429D
:1056500010D3124A002A0BD0AB42EAD8EB1ADBB2C5
:10566000002BC5D15A00D218D2000F4B9B18E6E789
:105670002B00F5E70D4B1C702000FFF719FD2000F3
:10568000FFF7E2FC0126B3E7EC100020A410002095
:1056900040110020600C0020441100203949001006
:1056A000211A0020C40D0020808900107C0C0020ED
:1056B000F0B585B007000E00150001AC0C220021EA
:1056C0002000FEF76DFF0823637002970396290000
:1056D000200001F0D1FD05B0F0BD000070B50C0058
:1056E000094B1D788B7870221A4201D0002070BDC2
:1056F000064B9978200000F0EDFF0028F7D021003C
:105700002800FFF723FDF2E77C0C0020EC100020BE
:10571000F8B5CE46474680B581460C0017001E00FE
:10572000089B9846002504E0099A13702378E41832
:105730000135AF4214DD6378052B16D1E178890776
:10574000890FB14213D121004846FFF7C7FF002857
:1057500007D0A378DA09012AE6D042461370E5E7BC
:105760000120C0BCB946B046F8BD0020F9E70020D2
:10577000F7E7000010B57F200840C9094000401835
:105780003030044908180330034B196800F05CFFFF
:1057900010BDC046EC1000204011002010B57F2045
:1057A0000840C90940004018303004490818033047
:1057B000034B196800F070FF10BDC046EC100020CC
:1057C00040110020F8B5CE46474680B5194800780C
:1057D0007F250D40CE096F00174CE419A419303411
:1057E000E478E40704D50020C0BCB946B046F8BD53
:1057F000114CE419A4193027B946A1444C46E47869
:105800000127BC4667463C4327004C46E770FFF73C
:10581000C1FC0028E8D16D00074B5D19AE19303688
:10582000F37801229343F370F37803329343F370D8
:10583000DAE7C0467C0C0020EC10002070B50F4B5E
:1058400018787F240C40CD0962000D4B9B185B1922
:105850003033DB789B0700D570BDFFF7B5FC6300E4
:10586000074CE41864193034E37802221343E370E0
:10587000E37801221343E370EEE7C0467C0C00207E
:10588000EC10002070B50F4B18787F240C40CD0928
:1058900062000D4B9B185B193033DB789B0700D4FB
:1058A00070BDFFF7A7FC6300074CE418641930349F
:1058B000E37802229343E370E378013A9343E37081
:1058C000EEE7C0467C0C0020EC1000207F220A404E
:1058D000CB09520003498918C9183031C8788007AC
:1058E000C00F7047EC100020F0B5C64600B582B07E
:1058F00005000C00002000F01BFB23786022134001
:10590000602B00D185E1402B0FD02278D206D20E39
:10591000012A00D1C9E0022A00D10FE1002A11D0EA
:10592000002002B080BCB846F0BDC74B002B00D1B0
:1059300071E1180000F0FCFA22000121280000E0CB
:1059400000BFEEE7202B0AD0002B00D06BE163787C
:10595000092B00D969E19B00BC4AD3589F462379A3
:105960000F2B00D959E1BA4AD318DB78B94A002A7B
:1059700005D0B94A1278934211D39B1ADBB2002B9F
:1059800000D04CE15900CB18DB00B449C9180029FC
:1059900000D146E122002800FFF7D2FCC1E7590000
:1059A000CB18DB00AE4A1168C918F0E7200000F000
:1059B000C5FAA1782800FFF75DFBA54A13780221FC
:1059C0000B4313700120ACE7A14B5B786A460632AB
:1059D000137001232100280000F066FA0120A0E7DF
:1059E000A6789B4B5B78DBB2B34205D0984B5B78D3
:1059F000002B09D1002E13D1954B5E702100280099
:105A000000F036FA01208CE72800FFF7BFFB904F2B
:105A1000BB7898462800FFF74BFC4346BB70E9E78C
:105A200031002800FFF79AFC0028E5D179E7210032
:105A30002800FFF74FFD74E7A278E3781B021343B9
:105A4000012B01D000206CE7814A137808210B4319
:105A500013702100280000F00BFA012061E7A27802
:105A6000E3781B021343012B01D0002059E7784A49
:105A7000137808218B4313702100280000F0F8F9F7
:105A800001204EE7724B1A785109920801230B400E
:105A900002210A4013436A46063213800223210082
:105AA000280000F001FA01203BE723790F2B00D9F1
:105AB000BDE0674AD318D978664B002B05D0664BFA
:105AC0001B78994228D3C91AC9B2002900D0B0E086
:105AD0004B005B18DB006149C918002900D1AAE01E
:105AE00022002800FFF72CFC002800D019E72378BB
:105AF00060221A4200D014E763780A3B012B00D9D8
:105B00000FE700F015FA63780A2B0CD0210028006B
:105B100000F0AEF9012004E74B005B18DB00504AAF
:105B20001168C918D9E76B469A1D00231370013319
:105B30002100280000F0B8F90120F2E621797F2247
:105B40000A40CE097020084277D15200404882189E
:105B50009219D27C3F48002805D03F480078824205
:105B600012D3121AD2B2002A15D15600B218D2009E
:105B70003A4EB618002B10D0002E60D02200310013
:105B80002800FFF7DDFBCCE65600B218D2003448FF
:105B90000668B618EEE70026ECE76378012B12D012
:105BA000032B10D0002B01D00020BAE62800FFF70D
:105BB0008DFE6B469A1D108002232100280000F004
:105BC00073F90120ADE6A778E27812023A4304D1D6
:105BD000012B1AD02800FFF731FE002E31D0220011
:105BE00031002800FFF7ACFB002000F0A1F9184AB3
:105BF0003423D35CDB07D80F002B00D091E62100C3
:105C0000280000F035F901208BE62800FFF73AFE66
:105C1000E3E7002085E6002083E6002081E60020FF
:105C20007FE600207DE600207BE6002079E600206C
:105C300077E6002075E6002073E6002071E600207C
:105C40006FE601206DE6C0460000000034890010B8
:105C5000EC10002039490010211A00208089001022
:105C6000C40D002030B585B000F0E7FC002808D155
:105C700005B030BD01AC2078FFF75CFB22795C4BAE
:105C80009A705C4B1C686269EFF3108172B61368FE
:105C9000002BFCD0BFF35F8FA16101A9200001F0B0
:105CA0004DF86269A369BFF35F8F0021116083F330
:105CB00010880028DCD001AB5B78082BE1D89B0072
:105CC0004D4AD3589F4601AB1878FFF733FB4B4B37
:105CD000002BD6D000E000BFD3E7454B1A78012453
:105CE00001210A431A703322995CA1439954995CAB
:105CF0000420814399540132995CA1439954995CE1
:105D00008143995401AB187802A9FFF7EDFD0028F3
:105D1000B7D101AC20780021FFF756FA2078802116
:105D2000FFF752FAADE701AB19797F220A40CC099F
:105D300050002F4B1B181B193033D8780125A8436E
:105D4000D870D8780335A843D870002A1FD05200E5
:105D5000274B9A181219D37C294A002A05D0294AC0
:105D6000127893421AD39B1ADBB2002B00D07FE744
:105D70005A00D218D200244B9B18002B00D177E791
:105D80001C6901A84279039B0078A04779E701A824
:105D90004279039B007800F0DFF872E75A00D218CE
:105DA000D2001A4B1B689B18E7E7114B1B78DB07E7
:105DB00000D466E7164B002B00D162E70C4B187835
:105DC0000007C00F00E000BF5BE7094B1B78DB0753
:105DD00000D456E70F4B002B00D152E700E000BF84
:105DE0004FE7029B002B00D14BE70398984748E709
:105DF000EC100020441100205C890010000000001D
:105E000039490010211A002080890010C40D00209B
:105E10000000000000000000F8B50500124B9F894B
:105E2000DE89B91B89B20B1C402900D940239CB2E2
:105E30000D4B1B785BB2002B08DB0021B74211D061
:105E40000A4A23002800FFF7BDFCF8BDB74201D184
:105E50008021F3E7044B996822000448FEF7A6FB73
:105E60008021EBE70022ECE790100020AC1000202E
:105E700070B506000C000B4D08222800FEF796FBBB
:105E80000023AB60EB81AB810023E356002B06DBE4
:105E90008021002300223000FFF794FC70BD002118
:105EA000F7E7C04690100020F0B5C64600B5804622
:105EB0000C0016001D00184F08223800FEF776FB74
:105EC000BE600023FB81A379E179090219430B1C11
:105ED000A94200D92B1C99B20F4A9381A279E37988
:105EE0001B02134309D0002901D0002E12D04046D6
:105EF000FFF792FF80BCB846F0BD0023E356002BAD
:105F000006DB8021002300224046FFF75BFCF1E71F
:105F10000021F7E70020EDE79010002010B51422D3
:105F200000210248FEF73CFB10BDC0469010002047
:105F3000014B18617047C0469010002010B5010059
:105F4000044C08222000FEF731FB0023A360E3810C
:105F5000A38110BD9010002070B505001C00C90978
:105F60002D4B1B78DB098B4211D0002C50D12B4BD1
:105F7000002B02D02849FFF7DBF8274B1B69002BC9
:105F800003D0254A032128009847012070BD224BE9
:105F90001B785BB2002B07DB1F4B9868002839D0B9
:105FA00022001F49FEF702FBA2B21B49CB89D3187E
:105FB0009BB2CB818A6812198A60CA88934201D049
:105FC0003F2C21D8144B1B69002B05D0124A02210B
:105FD0002800984700280DD00F4B1B785BB2002B90
:105FE00006DB8021002300222800FFF7EBFBCDE732
:105FF0000021F7E700212800FFF7E6F880212800BC
:10600000FFF7E2F80120C1E72800FFF705FFBDE731
:106010000020BBE70020B9E79010002031510010AC
:10602000AC10002070B5040005001035280000F009
:106030006FFE3F2801D8002070BDE1780020FFF7F7
:1060400099FB0028F8D0280000F062FE3F2808D90C
:1060500092239B00E218E17840230020FFF7B2FB77
:10606000EAE7E1780020FFF799FB0020E4E7000071
:1060700010B50400FFF79CFA00280CD10022002A7A
:1060800011D0B2239B0063430948C0180379DB0792
:106090000BD5012008E0FFF793FA002801D1012277
:1060A000EDE70022EBE7002010BD0020FCE7C04632
:1060B000C80D002010B5B2239B0058431030024B8E
:1060C000C01800F0F4FD10BDC80D002070B5B2235B
:1060D0009B005843064BC51892B21030C01800F010
:1060E0004EFE04002800FFF79DFF200070BDC04653
:1060F000C80D002070B50500FFF75AFA002804D13A
:106100000023002B09D1002070BDFFF759FA0028A9
:1061100001D10123F5E70023F3E7B224A4006C4387
:106120002034214BE4180434200000F0C0FD002886
:1061300001D10020E8E7B22292006A431A4B9B1873
:1061400099780020FFF716FB002801D10020DBE73B
:10615000B226B6006E43A2239B009C466644124BB7
:10616000F61840223100200000F009FE041E0ED077
:10617000B220800068430C4D2D18A978230032000E
:106180000020FFF71FFB00280CD02000BCE7B22046
:1061900080006843044D2D18A9780020FFF7FEFA0F
:1061A0000020B1E70020AFE7C80D002070B5050062
:1061B000B224A40044432034094BE418043492B2BE
:1061C000200000F013FE0600200000F070FD3F28C4
:1061D00001D8300070BD2800FFF78CFFF9E7C046FA
:1061E000C80D002010B5B2239B0058432030034B4C
:1061F000C018043000F08CFD10BDC046C80D002052
:10620000F0B5CE46474680B583B0B2229200002159
:106210002848FEF7C5F90026002E04D003B0C0BC04
:10622000B946B046F0BD234FB224A40074433D19D3
:10623000FF236B71002398461F4AEA8001222A81BE
:10624000AB72EB7208232B7321003831C919F83374
:10625000994620001030C0194346009301334A4646
:1062600000F0E7FC21003931FF31C919200020304E
:10627000C0190430012300934A4600F0DAFC8E2353
:106280009B00E3189946B9444846FAF749FD43464E
:10629000EB614B462B6290239B009C466444E419BF
:1062A0002000FAF73DFD2C6343466B630136F6B2DE
:1062B000B2E7C046C80D002000C2FFFF70B5002540
:1062C000002D00D070BDB224A4006C430B4EA01969
:1062D00005220021FEF764F920001030801900F03B
:1062E0008AFD2034A4190434200000F084FD01212B
:1062F000200000F09FFD0135EDB2E1E7C80D002060
:10630000F0B583B006004B79022B50D18B79022B6C
:1063100051D10023002B08D00027002F4DD08B78BF
:106320003B700C780C19092511E0B224A4005C43E1
:10633000254800198078002802D00133DBB2E9E754
:10634000214FE719E9E721784D19ADB26418637858
:10635000242B01D19542F6D9052B09D06378042B63
:1063600002D163790A2B10D03800FFF75BFE1FE0E3
:1063700021003000FFF7B2F9002820D0A3787B700D
:1063800022785519ADB2A418E8E721784D19ADB2BD
:106390006118BB1C0193FB1C0093022302223000F6
:1063A000FFF7B6F900280CD00E35ADB2DCE70025BA
:1063B000280003B0F0BD0025FAE70025F8E7002526
:1063C000F6E70025F4E7C046C80D0020F8B5140034
:1063D000127860231340202B00D07FE0444A002530
:1063E000002D00D07CE01678277963791B023B43AF
:1063F0009E4206D00135EDB2B2239B009C4662441A
:10640000EEE76378222B31D009D8202B11D0212B35
:1064100003D1012923D0012061E000205FE0232B7C
:1064200005D1012949D003294CD0012057E0002093
:1064300055E0012903D0032908D001204FE006329E
:1064400007232100FFF730FD012048E0294B002BF6
:1064500048D0911D2800FEF775FA01203FE0063272
:1064600007232100FFF720FD012038E0012903D098
:10647000032906D0012032E02100FFF7F9FC0120BA
:106480002DE0A178E3781B020B43012019000140A5
:106490000E005C08044013714B425941C9B22432CA
:1064A000100000F0C7FC144B002B1DD0220031005F
:1064B000280000E000BF012011E02100FFF7D8FC18
:1064C00001200CE00D4B002B10D0A378E1780902DD
:1064D0001943280000E000BF012000E00020F8BDC3
:1064E0000020FCE70120FAE70120F8E70120F6E7A9
:1064F000C80D002045490010000000000000000009
:10650000F0B5D64600B582B001900F00009300248C
:10651000002C0ED0002C00D07CE0EB78BB4216D0D3
:10652000AB78BB424DD00124200002B080BCBA46FB
:10653000F0BDB225AD006543394BED18EB78BB4299
:10654000E8D0AB78BB42E5D00134E4B2E0E71023F9
:106550009A46AA4492239B00E9186B461A88504633
:1065600000F044FC2F4B002B1BD06B79FF2B18D075
:10657000002600E00136009B9E4212D26A79AB19D8
:10658000922189008C4663441B789A42F2D150468E
:1065900000F0A2FB0028EDD16979200000E000BFE7
:1065A000E8E7214B002B04D0504600F095FB002873
:1065B00003D02800FFF736FDB2E72000FEF780FA8F
:1065C000F7E71A4B002B02D0200000E000BF2000AC
:1065D000FFF790FD002801D00124A5E72800243012
:1065E00000F065FB002817D1009B002B16D09B06FE
:1065F00001D0012498E7A9780198FFF7BBF8041EA1
:1066000001D1012490E7A978002300220198FFF727
:10661000D9F889E7002487E7012485E7012483E787
:10662000C80D002000000000C14A0010000000005A
:1066300010B50020FEF7D6FF10BD10B5FEF7C8FF5D
:10664000002800D0012010BD70B504000D000378B3
:10665000DB07DE0F002B1CD103785B071AD4012166
:106660004942280000F0F8FD2378DB0704D42378A2
:106670005B070CD5002600E00026002E03D023780F
:10668000042213432370280000F0C6FD02E0012617
:10669000F3E70026300070BD70B504000E00012144
:1066A0004942300000F0D8FD23785B070BD4002569
:1066B000002D03D02378042293432370300000F090
:1066C000ABFD280070BD2378DB0701D50025EFE77F
:1066D0000125EDE710B5047943791B0223435B05DF
:1066E0005B0DC2789207920F022A0FD0032A19D0AD
:1066F000012A01D0002010BD022904D0124A9A427A
:106700001AD30120F7E78022D200F8E7022903D04C
:10671000402B15D80120EEE78022920093420DD144
:106720000120E8E7022904D040229A420AD301203E
:10673000E1E78022D200F8E70020DCE70020DAE77A
:106740000020D8E70020D6E7FF03000030B58A1804
:1067500001E00C78091991420AD24C78052CF8D145
:106760008D787A342C4064000419ED096355F0E704
:1067700030BD03008A1890B2814202D85A0090427C
:1067800003DB5B009BB2C01A80B2704770B5050096
:106790000800AC889A420BD3D11A89B200291ED0C6
:1067A0008C4210D2944209D8131B9BB26B810AE031
:1067B000D11A89B26600891989B2EFE7A21893B29B
:1067C000F4E71B1B9BB29C42FBD92968EA88520460
:1067D000520C5343C918FDF7E9FE012070BD00209B
:1067E000FCE7F0B583B0060093080CE00B784D7819
:1067F0002D021D438C7824042543CB781B062B43A4
:10680000336004313B005F1EBFB2002BEED1033377
:10681000100018401A4201D103B0F0BD00230193CB
:10682000020001A8FDF7C2FE019B3360F4E7F0B55A
:10683000DE4657464E464546E0B583B005008A46DB
:106840000CA909788488E01A80B21C1B1419A4B220
:10685000EF887F047E0C07007743BFB27443A4B275
:10686000A34673432C68A0469844002908D0012908
:106870001AD003B0F0BCBB46B246A946A046F0BD54
:10688000904205D3724341465046FDF78FFEF0E734
:106890003A0041465046FDF789FE296838005044C9
:1068A0005A46FDF783FEE4E7904206D3724392B264
:1068B00041465046FFF795FFDBE703233A009A4332
:1068C000914641465046FFF78CFF43464B44032117
:1068D0003A000A400F4230D00421891A89B2081CBC
:1068E000594500D95846C7B2FF2101405846441ABD
:1068F000A1B28B460021019101A804E01A78027030
:1069000001300A000133511EC9B2002AF6D12968AC
:1069100004E00A78027001301F0001317B1EDBB2F7
:10692000002FF6D15346019A1A605B46002BA0D087
:106930005A465046FFF755FF9BE72968F5E7F0B543
:10694000C64600B582B01E0008AB1B8809AC27788C
:1069500084889E420FD3F51AADB2002D1FD0AC42F1
:1069600005D2B44210D8331B9BB243812500954217
:106970000FD315000DE0F51AADB2A8466500AC4680
:1069800045466544ADB2E8E7A619B3B2EDE71B1B77
:106990009BB29C42FBD900972A00FFF748FF2800D2
:1069A00002B080BCB846F0BDF0B583B004000D0065
:1069B00016001F000069002803D00121494200F0A1
:1069C0004BFC23899BB26289019700923200290017
:1069D0002000FFF7B4FF0500618989B2A0882A0072
:1069E000FFF7C7FE60812069002801D000F014FC89
:1069F000280003B0F0BD70B582B01600950809E01C
:106A00000B6803701D0A45701D0C85701B0EC3704A
:106A1000043025006C1EA4B2002DF1D103233200F6
:106A20001A401E4201D102B070BD0B68019301A94A
:106A3000FDF7BCFDF7E7F0B5DE4657464E46454646
:106A4000E0B583B005008A460CA90878AC88E11A45
:106A500089B21C1B1419A4B2EF887F047E0C0F00AE
:106A60007743BFB27443A4B2A34673432C68A046D5
:106A70009844002808D001281AD003B0F0BCBB46C7
:106A8000B246A946A046F0BD914205D37243514695
:106A90004046FDF78BFDF0E73A0051464046FDF7D2
:106AA00085FD2868390051445A46FDF77FFDE4E72B
:106AB000914206D3724392B251464046FFF79BFF84
:106AC000DBE703233A009A43914651464046FFF7DD
:106AD00092FF43464B4403213A000A400F422ED016
:106AE0000421891A89B2081C594500D95846C7B2F1
:106AF000FF2101405846441AA1B28B46514609680D
:106B0000019101A904E00A781A70013102000133F1
:106B1000501EC0B2002AF6D1286804E00A7802703C
:106B200001311F0001307B1EDBB2002FF6D15B4626
:106B3000002BA2D05A465146FFF75DFF9DE728681B
:106B4000F5E7F0B585B006000391151E029300D15C
:106B50006DE0C068002803D00121494200F07CFBB1
:106B60003489A4B2718989B2F379DB091AD1B38867
:106B70008C420FD3611A89B28B4211D95B1A9BB236
:106B80002F1C9D4200D91F1CBFB2002F47D0B288D6
:106B9000230035E0611A89B25A00891889B2EBE7FF
:106BA0000023EDE7B788AF420ED8029B002B21D11E
:106BB000ED1BF3885B045A0C6A43039B9C46944488
:106BC000634603930C00E0E78C420DD3631A9BB23B
:106BD0005B197A0093420FDB7A1B92B23800FFF701
:106BE000C8FD04002F00D0E7631A9BB27A009B18FF
:106BF0009BB2EDE70C00C8E72F00C6E79B1A9BB2DB
:106C00009A42FBD9029A00923A0003993000FFF7AA
:106C100012FFB0883A002100FFF7ABFD3081F06829
:106C2000002801D000F0F8FA380005B0F0BD1700D8
:106C3000FAE7F0B583B00400019116001D0008AB1F
:106C40001F7880231B029A422DD8C068002803D0E9
:106C50000121494200F000FB2069002803D00121F6
:106C6000494200F0F9FA019B2360A6806D046B0C89
:106C7000E288D20BD5031D43E580FB01E2797F2733
:106C800017401F43E771002363812381E0680028D8
:106C900001D000F0C1FA2069002806D000F0BCFA4B
:106CA000012003B0F0BD0020FBE70120F9E7818857
:106CB00003899BB2428992B2934207D39B1A9BB23B
:106CC000081C994200D9181C80B270479B1A9BB2CD
:106CD0004A009B189BB2F3E7030000895B89C01A46
:106CE00043425841C0B27047818803899BB24289B0
:106CF00092B2934206D39B1A9BB200208B42404132
:106D0000C0B270479B1A9BB24A009B189BB2F4E733
:106D1000828803899BB2408980B2834206D31B1AC2
:106D20009BB29A4208D9D31A98B270471B1A9BB2E9
:106D300050001B189BB2F4E70020F6E770B5040082
:106D40000D000069002803D00121494200F084FAB7
:106D5000228992B263899BB229002000FFF716FDB9
:106D60000500618989B282B2A088FFF702FD6081C7
:106D70002069002801D000F04FFA280070BD10B53E
:106D80000023FFF711FE10BDF8B504000E00C06827
:106D9000002803D00121494200F05EFA2589ADB2F6
:106DA0002000FFF7A1FF002802D0E779FF0916D0E5
:106DB000A2882B0001E09B1A9BB29A42FBD9E28881
:106DC0005204520C53432168C8183100FDF7EEFB02
:106DD000A08801222900FFF7CCFC20810127E06870
:106DE000002801D000F018FA3800F8BD10B50023D3
:106DF000FFF7A7FE10BD10B50400C068002803D03F
:106E00000121494200F028FA2069002803D001211D
:106E1000494200F021FA002363812381E0680028C1
:106E200001D000F0F9F92069002801D000F0F4F950
:106E3000012010BD70B504000D00C068002803D00B
:106E40000121494200F008FA2069002803D00121FD
:106E5000494200F001FAED01E3797F21194029430D
:106E6000E171E068002801D000F0D6F9206900281F
:106E700001D000F0D1F9012070BD00000523CB56F0
:106E8000002B01DB934211D1094B9C4660444342E5
:106E900058418000074BC058097901238B40013BC2
:106EA0009340184043425841C0B270470020FCE76D
:106EB0000000D0AF0812002070B50A79202A19D836
:106EC000174B9C466044434258418000154BC458C0
:106ED00001239340013B497949B2002910DB0800A6
:106EE0002025AA1A914218DC8B401C4201D00120B7
:106EF000404270BD0C4B0D4A40210D48FBF7ACFAE7
:106F00002020801A002805DB1A0082401442F0D0AD
:106F10000138F7E701204042EBE701204042E8E773
:106F20000000D0AF0812002098890010448A001099
:106F3000C489001070B505000C001600FFF79EFF15
:106F4000002801D0002007E01548FBF71FFB83193C
:106F500012339B005A510130237983420FD9237891
:106F6000617809021943A27812041143E3781B06E1
:106F70000B4342009A5A530BE9D19219E7E70122D9
:106F80009A401300013B074A944665446A425541C2
:106F9000B340054AAD00A9580B43AB5070BDC04685
:106FA0000C8A00100000D0AF0812002010B582B08B
:106FB0000A4B9C466044434258418400E31C084A03
:106FC000009222000748F9F7FAFA844202DC001B1B
:106FD00002B010BD01204042FAE7C0460000D0AF29
:106FE000208A0010251A0020F8B505000E00F9F7D8
:106FF000B7FA070031002800FFF75EFF041E09DB27
:10700000020031002800FFF795FF3800F9F7B4FAC5
:107010002000F8BD0148FBF7B9FAC0460C8A001001
:10702000F0B5C64600B506AC25784C006618F600EB
:1070300086193700DC373F68BC46CC363668B04628
:107040006418E400C83404190434C026B60134437B
:107050008026B6022660002D01D01F2614E00026EF
:1070600012E05401A0256D0525434C006418E4008E
:1070700004192700DC373D60114D3543D8342560B5
:10708000053B05321F242240052BEAD89B065201FE
:1070900013434C006218D20082181500DC352B60B7
:1070A000074B1E43D832166063462B606118C90037
:1070B0004018CC304346036080BCB846F0BDC046A3
:1070C00080E0000070B58AB004000D001600026870
:1070D0000121A9408A430260002B34D0690049197C
:1070E000C90041180A00C832186810600432586894
:1070F0001060043298681060DB68DC310B60690056
:107100004B19DB00D033E318802252011343802255
:1071100012061A601A60234BAB40A3602B1D01229C
:107120001000984080239B012343186028000830FA
:1071300082401A601F2216404919C9006418D834C9
:1071400026600AB070BD1022002106A8FDF728FABB
:1071500080235B020693F8235B0207938023DB0204
:107160000893C0231B030893102206A902A8FDF769
:107170001DFA6B005B19DB00E3181A00C832029994
:107180001160039A01921A00CC3201991160049A9D
:1071900001921A00D03201991160059ADC331A600D
:1071A000ADE7C0460101010110B583070AD0030015
:1071B000032102E001330B4205D01A78002AF9D1ED
:1071C000181A10BD030019680C4A0D4C8A188A431E
:1071D00022420FD15968094A04338A188A4322424D
:1071E00008D15968054A04338A188A432242F1D0EB
:1071F00000E001331A78002AFBD1E1E7FFFEFEFE32
:1072000080808080F8B5C04601B40248844601BC45
:10721000604700BFE502002001B40248844601BC7B
:10722000604700BF3102002001B40248844601BC1F
:10723000604700BF090B002001B40248844601BC2E
:10724000604700BF090B002001B40248844601BC1E
:10725000604700BFC100002001B40248844601BC61
:10726000604700BFC901002001B40248844601BC48
:10727000604700BF9906002001B40248844601BC63
:10728000604700BF1D09002001B40248844601BCCC
:10729000604700BF9501002001B40248844601BC4C
:1072A000604700BF4508002001B40248844601BC85
:1072B000604700BFE107002001B40248844601BCDA
:1072C000604700BFBD03002001B40248844601BCF2
:1072D000604700BFED07002001B40248844601BCAE
:0872E000604700BF6D060020AD
:1072E800706C6C5F73797320203D2025646B487A3D
:1072F8000A000000706C6C5F75736220203D2025C9
:10730800646B487A0A000000726F736320202020A3
:10731800203D2025646B487A0A000000636C6B5F8F
:1073280073797320203D2025646B487A0A00000099
:10733800636C6B5F70657269203D2025646B487AC9
:107348000A000000636C6B5F75736220203D202586
:10735800646B487A0A000000636C6B5F61646320A9
:10736800203D2025646B487A0A000000636C6B5F3F
:1073780072746320203D2025646B487A0A0000005F
:1073880048656C6C6F2034384D687A009C73001027
:1073980003FF0000A0800160000000004E6F207312
:1073A80070696E6C6F636B732061726520617661C2
:1073B800696C61626C65000064656C7461203E3DB7
:1073C800202D323034382026262064656C746120E4
:1073D8003C3D203230343620262620212864656C36
:1073E8007461202620312900443A5C746573745C0A
:1073F800636C696F6E2D7069636F2D74656D706C49
:107408006174655C7069636F2D73646B5C73726320
:107418005C7270325F636F6D6D6F6E5C6861726411
:10742800776172655F6972715C6972712E630000C1
:10743800212864656C7461203E3E20313175290035
:1074480063757272656E74203D3D205F5F756E686E
:10745800616E646C65645F757365725F69727120D3
:107468007C7C2063757272656E74203D3D20686176
:107478006E646C65720000006972715F68616E64A9
:1074880065725F636861696E5F667265655F736C7C
:107498006F745F68656164203E3D20300000000025
:1074A800767461626C655F68616E646C6572203DBC
:1074B8003D205F5F756E68616E646C65645F7573AF
:1074C80065725F6972710000212828282875696E25
:1074D800747074725F7429767461626C655F686138
:1074E8006E646C657229202D20282875696E747069
:1074F80074725F74296972715F68616E646C657219
:107508005F636861696E5F736C6F747329202D20E7
:1075180031292573697A656F662873747275637487
:10752800206972715F68616E646C65725F6368611F
:10753800696E5F736C6F74292900000030783163BD
:10754800203D3D20282A696E7374293E3E313175ED
:107558000000000021657863657074696F6E207C97
:107568007C20657863657074696F6E203D3D206E80
:10757800756D202B20565441424C455F4649525365
:10758800545F49525100000066616C736500000049
:1075980069735F7368617265645F6972715F726154
:1075A800775F68616E646C657228736C6F745F686E
:1075B800616E646C65722900657863657074696FC3
:1075C8006E000000666F756E640000004E6F2075D7
:1075D800736572204952517320617265206176612A
:1075E800696C61626C6500006972715F6164645FF7
:1075F8007461696C5F746F5F667265655F6C6973EF
:1076080074000000696E736572745F6272616E6304
:10761800685F616E645F6C696E6B00006972715FB0
:1076280072656D6F76655F68616E646C6572000087
:107638006D616B655F6272616E6368007265736F1E
:107648006C76655F6272616E636800006972715F73
:107658006164645F7368617265645F68616E646CBD
:10766800657200006972715F7365745F6578636C39
:1076780075736976655F68616E646C657200000099
:10768800746F74616C000000443A5C746573745CD8
:10769800636C696F6E2D7069636F2D74656D706CA6
:1076A8006174655C7069636F2D73646B5C7372637E
:1076B8005C636F6D6D6F6E5C7069636F5F73796E1D
:1076C800635C6D757465782E630000006D74782DA9
:1076D8003E636F72652E7370696E5F6C6F636B00CB
:1076E80075735F73696E63655F626F6F74203C3D8D
:1076F80020494E5436345F4D41580000443A5C747A
:107708006573745C636C696F6E2D7069636F2D743B
:10771800656D706C6174655C7069636F2D73646B03
:107728005C7372635C636F6D6D6F6E5C7069636FC1
:107738005F626173655C696E636C7564652F7069FF
:10774800636F2F74797065732E6800006C6F636BBC
:107758005F69735F6F776E65725F69645F76616C8E
:107768006964286D74782D3E6F776E657229000004
:107778006D74782D3E656E7465725F636F756E7497
:10778800000000006D757465785F657869740000A5
:107798006D757465785F656E7465725F626C6F6332
:1077A8006B5F756E74696C007570646174655F7584
:1077B800735F73696E63655F626F6F7400000000CA
:1077C80072742D3E616C61726D5F6964203D3D206D
:1077D80069640000443A5C746573745C636C696F37
:1077E8006E2D7069636F2D74656D706C6174655C66
:1077F8007069636F2D73646B5C7372635C636F6D28
:107808006D6F6E5C7069636F5F74696D655C7469D8
:107818006D652E63000000006964202626206964D7
:10782800203C3D20706F6F6C2D3E686561702D3E69
:107838006D61785F6E6F646573000000696420266F
:1078480026206964203C3D20686561702D3E6D618D
:10785800785F6E6F64657300443A5C746573745C3A
:10786800636C696F6E2D7069636F2D74656D706CD4
:107878006174655C7069636F2D73646B5C737263AC
:107888005C636F6D6D6F6E5C7069636F5F75746953
:107898006C5C696E636C7564652F7069636F2F75B6
:1078A80074696C2F70686561702E6800706172650C
:1078B8006E745F69640000006368696C645F696482
:1078C80000000000706172656E745F696420213D7C
:1078D800206368696C645F69640000002170685FF8
:1078E800636F6E7461696E735F6E6F646528706F25
:1078F8006F6C2D3E686561702C2072657573655FCD
:107908006964290072656D6F7665645F6964203DFE
:107918003D206E6578745F696400000063616C6C7B
:107928006261636B00000000706F6F6C2D3E616CCC
:1079380061726D5F696E5F70726F677265737320D5
:107948003D3D206D616B655F7075626C69635F6951
:10795800642869645F686967682C206E6578745F5D
:10796800696429006964202626202170685F636F96
:107978006E7461696E735F6E6F64652868656170A7
:107988002C2069642900000021686561702D3E661D
:107998007265655F7461696C5F69640064656661DE
:1079A800756C745F616C61726D5F706F6F6C5F692D
:1079B8006E697469616C697A656428290000000041
:1079C800616C61726D5F696420213D20706F6F6C1E
:1079D8002D3E616C61726D5F696E5F70726F677268
:1079E8006573730072630000417474656D7074652B
:1079F8006420746F20736C65657020696E736964A8
:107A080065206F6620616E20657863657074696FA4
:107A18006E2068616E646C65723B207573652062C8
:107A28007573795F7761697420696620796F75204D
:107A38006D75737400000000616C61726D5F706F2A
:107A48006F6C5F63616E63656C5F616C61726D0022
:107A58007570646174655F75735F73696E63655F84
:107A6800626F6F7400000000616C61726D5F706F0F
:107A78006F6C5F616C61726D5F63616C6C62616396
:107A88006B0000006765745F656E747279000000B2
:107A9800616C61726D5F706F6F6C5F6765745F6456
:107AA800656661756C7400006765745F656E7472F5
:107AB800795F69645F6869676800000070685F667D
:107AC8007265655F6E6F64650000000070685F61D5
:107AD80064645F6368696C645F6E6F64650000006E
:107AE80070685F696E736572745F6E6F64650000BD
:107AF80070685F6765745F6E6F6465006164645F7A
:107B0800616C61726D5F756E6465725F6C6F636BDB
:107B180000000000486172647761726520616C61E1
:107B2800726D20256420616C726561647920636CD4
:107B380061696D656400000074696D65725F6877DE
:107B48002D3E696E74732026203175203C3C2061DF
:107B58006C61726D5F6E756D00000000443A5C7474
:107B68006573745C636C696F6E2D7069636F2D74D7
:107B7800656D706C6174655C7069636F2D73646B9F
:107B88005C7372635C7270325F636F6D6D6F6E5C95
:107B980068617264776172655F74696D65725C743F
:107BA800696D65722E630000686172647761726541
:107BB8005F616C61726D5F7365745F746172676534
:107BC80074000000726F6F745F696400443A5C74FB
:107BD8006573745C636C696F6E2D7069636F2D7467
:107BE800656D706C6174655C7069636F2D73646B2F
:107BF8005C7372635C636F6D6D6F6E5C7069636FED
:107C08005F7574696C5C70686561702E6300000054
:107C18002170685F6765745F6E6F64652868656169
:107C2800702C20726F6F745F6964292D3E736962CE
:107C38006C696E67000000002170685F6765745F9B
:107C48006E6F646528686561702C20726F6F745F51
:107C58006964292D3E706172656E74006E65775F88
:107C68007375625F7472656520213D206865617077
:107C78002D3E726F6F745F696400000070685F72F8
:107C8800656D6F76655F616E645F667265655F6E70
:107C98006F64650070685F72656D6F76655F616EB1
:107CA800795F68656164000070685F6164645F6340
:107CB80068696C645F6E6F646500000070685F6778
:107CC80065745F6E6F6465007372635F6672657179
:107CD800203E3D206672657100000000443A5C74E5
:107CE8006573745C636C696F6E2D7069636F2D7456
:107CF800656D706C6174655C7069636F2D73646B1E
:107D08005C7372635C7270325F636F6D6D6F6E5C13
:107D180068617264776172655F636C6F636B735CD3
:107D2800636C6F636B732E6300000000636C6F639A
:107D38006B5F636F6E6669677572650076636F5F08
:107D480066726571203E3D20285049434F5F504C74
:107D58004C5F56434F5F4D494E5F465245515F4D0C
:107D6800485A202A204D485A292026262076636F13
:107D78005F66726571203C3D20285049434F5F5033
:107D88004C4C5F56434F5F4D41585F465245515FDB
:107D98004D485A202A204D485A290000443A5C741C
:107DA8006573745C636C696F6E2D7069636F2D7495
:107DB800656D706C6174655C7069636F2D73646B5D
:107DC8005C7372635C7270325F636F6D6D6F6E5C53
:107DD80068617264776172655F706C6C5C706C6C02
:107DE8002E6300006662646976203E3D20313620AD
:107DF8002626206662646976203C3D2033323000B6
:107E080028706F73745F64697631203E3D2031209D
:107E1800262620706F73745F64697631203C3D209C
:107E280037292026262028706F73745F646976329C
:107E3800203E3D203120262620706F73745F6469D0
:107E48007632203C3D203729000000007265665FCD
:107E58006D687A203C3D202876636F5F6672657195
:107E6800202F203136290000706C6C5F696E6974B0
:107E7800000000002C2066756E6374696F6E3A20EE
:107E880000000000617373657274696F6E202225AB
:107E98007322206661696C65643A2066696C6520A6
:107EA800222573222C206C696E6520256425732594
:107EB800730A000031203D3D202875696E74707486
:107EC800725F74296C2D3E7370696E5F6C6F636BA3
:107ED80000000000443A5C746573745C636C696FFD
:107EE8006E2D7069636F2D74656D706C6174655C5F
:107EF8007069636F2D73646B5C7372635C7270324C
:107F08005F636F6D6D6F6E5C7069636F5F72756EC6
:107F180074696D655C72756E74696D652E630000B9
:107F28000A2A2A2A2050414E4943202A2A2A0A008E
:107F380072756E74696D655F696E69740000000022
:107F4800666E6900666E692B000000006E616E0047
:107F5800666E692D000000006631001016310010B1
:107F68001631001070310010163100101631001053
:107F7800163100101631001016310010163100109D
:107F8800163100105C31001016310010523100100B
:107F98001631001016310010483100100832001058
:107FA8002E320010463200102E320010E831001038
:107FB8002E3200102E3200102E3200102E320010F9
:107FC8002E3200102E3200102E32001024320010F3
:107FD8002E3200102E3200102E3200102E320010D9
:107FE8002E320010523200108236001098360010DF
:107FF8009836001098360010983600109836001001
:1080080098360010983600109836001098360010F0
:1080180098360010983600109836001098360010E0
:1080280098360010983600109836001098360010D0
:1080380098360010983600109836001098360010C0
:1080480098360010983600109836001098360010B0
:1080580098360010983600109836001098360010A0
:108068009836001098360010AA3400106A340010B0
:10807800AA34001098360010983600109836001070
:108088009836001098360010983600109836001070
:108098009836001098360010983600109836001060
:1080A8009836001098360010983600109836001050
:1080B800983600105E32001098360010983600107E
:1080C8009836001098360010983600109836001030
:1080D8009836001098360010983600105E3200105E
:1080E800FA3400105E320010AA3400106A3400100E
:1080F800AA340010983600105E320010983600102E
:1081080098360010983600109836001098360010EF
:108118005E3200104C360010983600109836001069
:1081280072350010983600105E3200109836001034
:10813800983600105E320010000000000000F03F8A
:10814800000000000000244000000000000059402A
:108158000000000000408F40000000000088C3407D
:1081680000000000006AF8400000000080842E41F2
:1081780000000000D01263410000000084D797413E
:108188000000000065CDCD412A282875696E743835
:108198005F74202A29282828766F6964202A297282
:1081A8006F6D5F646174615F6C6F6F6B757028725F
:1081B8006F6D5F7461626C655F636F6465282753D8
:1081C800272C202746272929292D322929202A200A
:1081D80034203E3D2053465F5441424C455F563261
:1081E8005F53495A45000000443A5C746573745CF7
:1081F800636C696F6E2D7069636F2D74656D706C3B
:108208006174655C7069636F2D73646B5C73726312
:108218005C7270325F636F6D6D6F6E5C7069636FF7
:108228005F646F75626C655C646F75626C655F69CD
:108238006E69745F726F6D2E630000005F5F616529
:108248006162695F646F75626C655F696E6974000D
:108258002A282875696E74385F74202A2928726F55
:108268006D5F7461626C652D322929202A203420C3
:108278003E3D2053465F5441424C455F56325F5362
:10828800495A4500443A5C746573745C636C696F61
:108298006E2D7069636F2D74656D706C6174655CAB
:1082A8007069636F2D73646B5C7372635C72703298
:1082B8005F636F6D6D6F6E5C7069636F5F666C6F27
:1082C80061745C666C6F61745F696E69745F726F0C
:1082D8006D2E63005F5F61656162695F666C6F61E7
:1082E800745F696E69740000446562756700000018
:1082F800626F6F74325F773235713038300000004A
:10830800312E352E300000007069636F00000000C8
:108318004D6172202039203230323300060052502D
:10832800BBFF3CB61083001006005250E182887FE4
:10833800F882001006005250D3F07542F082001007
:108348007570646174655F75735F73696E63655F8B
:10835800626F6F74000000000D0A00007D48001075
:10836800814800108D480010DD480010C1480010F9
:1083780000000000443A5C746573745C636C696F58
:108388006E2D7069636F2D74656D706C6174655CBA
:108398007069636F2D73646B5C7372635C727032A7
:1083A8005F636F6D6D6F6E5C7069636F5F7374642C
:1083B800696F5F7573625C737464696F5F7573620C
:1083C8002E63000055534220737464696E202F2079
:1083D8007374646F757400000600525053B4F4A1AE
:1083E800CC830010737464696F5F7573625F696E24
:1083F800697400007570646174655F75735F736993
:108408006E63655F626F6F74000000005261737085
:108418006265727279205069000000005069636FCC
:1084280000000000426F6172642043444300000072
:10843800526573657400000009025400030100804E
:108448007D080B000202020000090400000102027C
:10845800000405240020010524010001042402026F
:10846800052406000107058103080010090401001E
:10847800020A000000070502024000000705820208
:108488004000000904020000FF000105120100027B
:10849800EF0201408A2E0A000001010203010000D8
:1084A800000000001484001024840010101A00201A
:1084B8002C840010388400106C656E203E2030003B
:1084C800443A5C746573745C636C696F6E2D706993
:1084D800636F2D74656D706C6174655C7069636F32
:1084E8002D73646B5C7372635C7270325F636F6D63
:1084F8006D6F6E5C7069636F5F756E697175655FCE
:1085080069645C756E697175655F69642E630000E6
:108518007069636F5F6765745F756E697175655FB4
:10852800626F6172645F69645F737472696E670019
:10853800666C6173685F6F666673202B20636F7566
:108548006E74203C3D205049434F5F464C41534890
:108558005F53495A455F425954455300443A5C7445
:108568006573745C636C696F6E2D7069636F2D74CD
:10857800656D706C6174655C7069636F2D73646B95
:108588005C7372635C7270325F636F6D6D6F6E5C8B
:1085980068617264776172655F666C6173685C6656
:1085A8006C6173682E630000636F6E6E6563745F41
:1085B800696E7465726E616C5F666C6173682026A3
:1085C8002620666C6173685F657869745F78697086
:1085D80020262620666C6173685F72616E67655F2E
:1085E800657261736520262620666C6173685F6614
:1085F8006C7573685F63616368650000636F6E6EB6
:108608006563745F696E7465726E616C5F666C61D8
:10861800736820262620666C6173685F65786974C4
:108628005F78697020262620666C6173685F7261C6
:108638006E67655F70726F6772616D2026262066AF
:108648006C6173685F666C7573685F6361636865A6
:1086580000000000636F6E6E6563745F696E746519
:10866800726E616C5F666C61736820262620666C8A
:108678006173685F657869745F7869702026262061
:10868800666C6173685F666C7573685F6361636865
:1086980065000000666C6173685F646F5F636D649A
:1086A80000000000282875696E747074725F742069
:1086B800296E6578745F6275666665725F7074723C
:1086C80020262030623131313131317529203D3D4C
:1086D80020300000443A5C746573745C636C696FA5
:1086E8006E2D7069636F2D74656D706C6174655C57
:1086F8007069636F2D73646B5C6C69625C74696E1E
:10870800797573625C7372635C706F727461626CAA
:10871800655C72617370626572727970695C72709F
:10872800323034305C6463645F7270323034302EBF
:108738006300000068775F646174615F6F666673E9
:108748006574286E6578745F6275666665725F70B9
:10875800747229203C3D205553425F445052414D8C
:108768005F4D415800000000556E68616E646C658D
:10877800642049525120307825780A007268706F59
:108788007274203D3D2030006463645F65647074DA
:108798005F786665720000006463645F6564707486
:1087A8005F6F70656E0000006463645F7365745F7B
:1087B80061646472657373006463645F696E745F97
:1087C800656E61626C6500005F68775F656E6470F6
:1087D8006F696E745F616C6C6F6300006463645FE3
:1087E800696E69740000000021286275665F637411
:1087F800726C2026205553425F4255465F435452BF
:108808004C5F46554C4C2900443A5C746573745C63
:10881800636C696F6E2D7069636F2D74656D706C14
:108828006174655C7069636F2D73646B5C6C6962FD
:108838005C74696E797573625C7372635C706F7275
:108848007461626C655C7261737062657272797072
:10885800695C7270323034305C7270323034305F40
:108868007573622E630000006275665F6374726CD4
:108878002026205553425F4255465F4354524C5F71
:1088880046554C4C00000000657020256420257377
:108898002077617320616C7265616479206176610B
:1088A800696C61626C65000043616E277420636FB8
:1088B8006E74696E75652078666572206F6E2069C2
:1088C8006E61637469766520657020256420257360
:1088D800000000006F757400696E000073796E63A4
:1088E8005F65705F6275666665720000845500108A
:1088F800EA5400101C5500104E5500108455001005
:10890800845500106A5500101C550010845500103D
:1089180084550010845500108455001084550010AB
:108928008455001084550010FC540010845A00101F
:108938005E5A00102A5C0010385A00102A5C001099
:10894800AC5900102E5A00102A5C0010C8590010AB
:10895800E0590010825C0010745C0010C65C0010C6
:10896800825C0010AA5D0010CA5D0010DA5C00107D
:10897800265D0010E25D001001620010BD6200106B
:1089880001630010CD6300100165001000000000B5
:1089980070726F6772616D2D3E6C656E67746820CA
:1089A8003C3D2050494F5F494E535452554354491A
:1089B8004F4E5F434F554E5400000000443A5C74DC
:1089C8006573745C636C696F6E2D7069636F2D7469
:1089D800656D706C6174655C7069636F2D73646B31
:1089E8005C7372635C7270325F636F6D6D6F6E5C27
:1089F80068617264776172655F70696F5C70696FD6
:108A08002E6300004E6F2070726F6772616D207365
:108A180070616365000000004E6F2050494F20735D
:108A280074617465206D616368696E657320617235
:108A38006520617661696C61626C65005F70696F61
:108A48005F66696E645F6F66667365745F666F7292
:0C8A58005F70726F6772616D00000000BB
:108A6400AC020010A0020010940200102483001035
:108A740088020010308300103C830010E083001053
:108A840003000068EFF3108C72B60268002AFCD071
:108A9400BFF35F8F04229A56002A0BDB002910D003
:108AA4000A6000201B68BFF35F8F00221A608CF3FA
:108AB40010887047D0221206127852B21A7101201F
:108AC400F0E70020EEE70000F8B5CE46474680B553
:108AD4000400170098460368002B20D0D0231B06FF
:108AE4001B785BB299462668EFF3108C72B6356832
:108AF400002DFCD0BFF35F8F04256557002D14DBD8
:108B04002368BFF35F8F00221A608CF3108838004B
:108B1400414600F0E5FC0028E5D000200FE00A4BB8
:108B24000A4A85210A4800F0E3FC4B462371236876
:108B3400BFF35F8F00221A608CF310880120C0BC41
:108B4400B946B046F8BDC046D476001098770010F8
:108B54009076001070B582B0060015001C0001A9C3
:108B6400FFF78EFF002807D1019B5BB2D0221206CB
:108B7400127852B2934201D102B070BD2A00230090
:108B84003000FFF7A1FFF7E7F8B506000F0000F08B
:108B94009FFC04000D1E12DBFA2292000023380011
:108BA400002100F0C5FC22002B0012184B41002BC1
:108BB4000BDB002B0DDB3000FFF786FFF8BD084B05
:108BC400084A3F21084800F093FC01225242074B17
:108BD400EFE7034B034A3F21034800F089FCC046FA
:108BE400E8760010B077001004770010FFFFFF7FD5
:108BF40010B50268EFF3108172B61368002BFCD035
:108C0400BFF35F8F0423C356002B0ADBFF230371DA
:108C14000368BFF35F8F00221A6081F3108840BF9E
:108C240010BD034B034AB421034800F061FCC04665
:108C3400547700108C77001090760010094B1B7845
:108C4400002B08D00CE09A008021490551180868CF
:108C54000549505001333F2BF5DD024B01221A70B8
:108C64007047C046231A00202012002010B5024B82
:108C74000133984710BDC0462012002000280AD0B6
:108C840003231B02054A12685340C022920013407A
:108C9400034A136070470223F3E7C0460C80014087
:108CA4000C900140F0B5D6464F464646C0B5070085
:108CB4000E00150018239A461B881422904610882B
:108CC40028499847814653461B88424610882649BE
:108CD4009847040053461B88424610882349984706
:108CE40080464B46002B0CD0002C0AD0002808D01C
:108CF400FFF7A4FFC847A0470020FFF7BFFF2A00E3
:108D04000FE01B4B1B4A80211B4800F0F1FB002B9A
:108D140007D0002A05D0C0235B051B6E3370013ACF
:108D240001362B00134312D0C0235B059C6A082331
:108D34002340A107EBD5002DE9D0511B0D29E6D81E
:108D44003878C02149050866013D0137DFE7012075
:108D5400FFF794FFC047FFF789FFE0BCBA46B1466E
:108D6400A846F0BD494600004558000046430000AF
:108D74005C8600109C8600106485001010B50023EA
:108D840008E00133DA0000210848115084466244A7
:108D94005160DBB20E2BF4D9F0229200002104487A
:108DA40000F0B6FB034B044A1A6010BD00001050DB
:108DB40008140020CC17002080011050F0B5CE46D6
:108DC400474680B585B0234B9F6D0024012603E000
:108DD400B74376000134E4B2002F36D01F2C34D8C8
:108DE4003E42F6D01C4B9E656308994601236340BE
:108DF40001221A4090464B465D0045446D01174BD5
:108E0400ED18280000F042FA0028E1D04B465B0040
:108E140043445B01114AD3189A789146DB8A9846F9
:108E24000C22002101A800F073FB07236A4653714A
:108E34006B464A461A7243460393012101A800F087
:108E44004DFA280000F0ACF9C2E705B0C0BCB94641
:108E5400B046F0BD0000115000301150C81300207E
:108E6400F0B585B0684A9823D55880239B022C001E
:108E74001C401D424AD0654B9A6A654B1A60002417
:108E8400002609E0634B99183C3100230B7000F075
:108E9400B9F93E000134E4B20F2C17D8A201100036
:108EA40020305C4BC0189B183B331B78022BF1D14C
:108EB400584B9B183A331F78002FEBD0554B9B1817
:108EC4003C331B78002BDDD13E00E3E7002E08D1B4
:108ED400514B1B78002B04D1504A903380218902D6
:108EE400D150494B9C6C6405640D0C22002101A8EF
:108EF40000F00EFB00236A4613710333537102948E
:108F0400012101A800F0EAF98024A402EB0609D4A7
:108F1400EB0329D580235B021C4301AB404A1A8032
:108F240000260BE010231C43FFF748FFF0E701ABDA
:108F3400985D00F0F5FA0123C3700136012EF6D9CD
:108F440001AE0C220021300000F0E2FA0623737017
:108F5400344A02AB03CA03C30121300000F0BEF956
:108F64002E4B802292021A65EB0407D46B041ED4A4
:108F74002B042FD4AC4241D105B0F0BD80235B015A
:108F84001C43214B00221A60FFF7F8FE01AE0C22AD
:108F94000021300000F0BCFA01237370012130007D
:108FA40000F09CF91D4B802212031A65DEE7802332
:108FB400DB011C4301AE0C220021300000F0A8FAB2
:108FC400042373700121300000F088F9134B102240
:108FD4001A65CDE780231B021C4301AE0C2200213D
:108FE400300000F095FA052373700121300000F081
:108FF40075F90A4B802212011A65BBE7210069400A
:10900400094800F0A5FAC046000011500040054090
:10901400C0130020C8130020221A00200030115071
:109024000080FFFF0000105070870010094B1B6C7C
:109034009B070CD48378DB09012B01D0002007E0C7
:10904400C37E022B01D0002002E0012000E00020BA
:109054007047C0460000115010B5FFF7E7FF002825
:1090640009D0064B9B6A064A12689B1A054A944625
:109074006344C62B00D810BD0020FCE70040054027
:10908400C0130020E0FCFFFFF8B504000F00838A42
:10909400028B1E1C934200D9161CB6B29B1BA382E2
:1090A4008025ED003543E378002B13D08022920114
:1090B400154301225340E3706378002B0CD0A38A3C
:1090C400002B02D18023DB011D43002F00D02D048F
:1090D4002800F8BD0022EBE7B801E3689C46604431
:1090E4003200216900F02CFA23699C46664426610B
:1090F40080231B021D43E2E770B5040083681B68EC
:10910400002900D01B0C9D05AD0D6278002A12D1F8
:109114001B0409D4E38A5B19E382238BAB4201D994
:109124000023A382280070BD81210F4B0F4A490000
:109134000F4800F0DDF91B040ED58901E3689C4655
:1091440061442A00206900F0FBF9E38A5B19E38299
:1091540023695B192361E0E70A21064B034AFF31C7
:10916400034800F0C5F9C046F0870010E4880010F9
:10917400108800107088001010B5040083681B6804
:109184000021FFF7B9FF63681B685B0002D5238BDE
:10919400834200D010BD01212000FFF7ADFFF9E7A5
:1091A400002383768382C3820361704710B500294C
:1091B40002D083681B681940002A0FD0114353055D
:1091C4000CD5826813685B050BD40B4B0B40136002
:1091D400FFE7FFE7FFE7FFE7FFE7FFE783681960C3
:1091E40010BD83787F211940DB099B00034A9A58FC
:1091F400034800F0ADF9C046FFFBFFFF580C002008
:109204009088001070B5040043681E680021FFF7C1
:109214003BFF80256D010543194B1B6C0222110095
:1092240019401A4202D1A378DB0906D0002906D0DE
:10923400A3785B0616D1002302E0012300E000239B
:10924400A28A002A01D0002B0ED00E4B1E40802390
:109254009B053343626813602A0000212000FFF756
:10926400A5FF70BD0123EBE701212000FFF70CFFF0
:109274000543054B1E40A023DB053343EAE7C04604
:1092840000001150FFFFFFAFFFFFFFDF70B50400C8
:10929400857E002D06D0FFF76FFFA38A002B0BD12C
:1092A400280070BD83787F211940DB099B00094A9F
:1092B4009A58094800F04CF92000FFF7CDFE051E2E
:1092C40003D0012323770025EAE72000FFF79AFF64
:1092D400E6E7C046580C0020B088001030B585B0D1
:1092E40005004378042B55D006D8022B29D0032B34
:1092F40000D0C3E000247DE0052B00D0BEE06C4B21
:109304001B78DB0744D56A4A137804218B43137016
:10931400684B1C686269EFF3108172B61368002B06
:10932400FCD0BFF35F8FA1612900200000F0E8F8B2
:109334006269A369BFF35F8F0021116083F3108812
:1093440026E05B4B1A7801218A431A701A7801319E
:109354008A431A7000225A701A7802318A431A70AA
:10936400544B1C686269EFF3108172B61368002BCA
:10937400FCD0BFF35F8FA1612900200000F0C0F88A
:109384006269A369BFF35F8F0021116083F31088C2
:1093940005B030BD464B1B78DB07F9D5444A13783A
:1093A40004210B431370434B1C686269EFF3108173
:1093B40072B61368002BFCD0BFF35F8FA161290044
:1093C400200000F09DF86269A369BFF35F8F00215C
:1093D400116083F31088DBE763001B19DA00364B56
:1093E4001B689B1818E023000FE0287869689847E9
:1093F4000134E4B2314B1B78A34213D3304A002A20
:10940400F1D0A342E8D8E31ADBB2002BF0D15A0022
:10941400D218D2002B4B9B18002BE9D05B69002B90
:10942400E3D1E5E7224B1B785B07B1D5204A1378DB
:1094340004218B4313700C22002101A800F068F86A
:109444002B786A461371052353711A4B1C686269A1
:10945400EFF3108172B61368002BFCD0BFF35F8F5B
:10946400A16101A9200000F04BF86269A369BFF370
:109474005F8F0021116083F3108889E70D4B1C680E
:109484006269EFF3108172B61368002BFCD0BFF34E
:109494005F8FA1612900200000F032F86269A3699E
:1094A400BFF35F8F0021116083F3108870E7C0461B
:1094B400EC10002044110020C40D0020211A0020CB
:1094C40039490010808900107047C0460000000030
:1094D40001B40248844601BC604700BF85190010EE
:1094E40001B40248844601BC604700BF3118001033
:1094F40001B40248844601BC604700BF59240010EF
:1095040001B40248844601BC604700BF896D001065
:1095140001B40248844601BC604700BFA145001065
:1095240001B40248844601BC604700BF254F0010C7
:1095340001B40248844601BC604700BF2D440010BA
:1095440001B40248844601BC604700BFAD45001029
:1095540001B40248844601BC604700BF8D25001059
:1095640010000000000000000000010000000000E6
:1095740000000000000002000000000000000000E5
:109584000000030000000000000000000000FF00D5
:109594000000000001B5486801318E46004770465E
:1095A40009380149884701BDDD0B0010040C002077
:1095B40000000000A00C0020541300200000000054
:1095C4000000000064130020000000000000000000
:1095D4001000000000000000000000000000000077
:1095E400503300004C330000543300005233000069
:1095F4004D5300004D430000533400004334000039
:10960400DD4C001000000000194C00106D490010E2
:109614000000000000010000DC880010E088001059
:109624004811002010000C000000000000000000A1
:10963400000000000000000000000000FF00000027
:10964400000000000000000091450010FD360010ED
:10965400FD3D001061440010E50200106D4E001045
:04000005100001E9FD
:00000001FF
